MH_LABEL,LOADTYPE,BASEFLOW,PATTERN
MH-0536,Sanitary Pattern Load,0.0198,Fixed
MH-0311,Sanitary Pattern Load,0.2082,Fixed
MH-1467,Sanitary Pattern Load,0.0595,Fixed
MH-1449,Sanitary Pattern Load,0.0099,Fixed
MH-1278,Sanitary Pattern Load,0.0198,Fixed
MH-1214,Sanitary Pattern Load,0.0198,Fixed
MH-1032,Sanitary Pattern Load,0.0099,Fixed
MH-0808,Sanitary Pattern Load,0.0297,Fixed
MH-0602,Sanitary Pattern Load,0.0694,Fixed
MH-0231,Sanitary Pattern Load,0.0099,Fixed
MH-0137,Sanitary Pattern Load,0.0397,Fixed
MH-1563,Sanitary Pattern Load,0.0099,Fixed
MH-1460,Sanitary Pattern Load,0.0198,Fixed
MH-0290,Sanitary Pattern Load,0.0099,Fixed
MH-0194,Sanitary Pattern Load,0.0595,Fixed
MH-0177,Sanitary Pattern Load,0.0099,Fixed
MH-0560,Sanitary Pattern Load,0.0595,Fixed
MH-1035,Sanitary Pattern Load,0.0297,Fixed
MH-1256,Sanitary Pattern Load,0.0297,Fixed
MH-1306,Sanitary Pattern Load,0.0297,Fixed
MH-1361,Sanitary Pattern Load,0.0397,Fixed
MH-1395,Sanitary Pattern Load,0.0099,Fixed
MH-1337,Sanitary Pattern Load,0.0099,Fixed
MH-1378,Sanitary Pattern Load,0.0198,Fixed
MH-1397,Sanitary Pattern Load,0.0198,Fixed
MH-1382,Sanitary Pattern Load,0.0397,Fixed
MH-1418,Sanitary Pattern Load,0.0397,Fixed
MH-1375,Sanitary Pattern Load,0.0297,Fixed
MH-1364,Sanitary Pattern Load,0.0099,Fixed
MH-1332,Sanitary Pattern Load,0.0297,Fixed
MH-0983,Sanitary Pattern Load,0.0198,Fixed
MH-0924,Sanitary Pattern Load,0.0198,Fixed
MH-0889,Sanitary Pattern Load,0.0099,Fixed
MH-1092,Sanitary Pattern Load,0.0198,Fixed
MH-0710,Sanitary Pattern Load,0.0198,Fixed
MH-0800,Sanitary Pattern Load,0.0397,Fixed
MH-0758,Sanitary Pattern Load,0.0099,Fixed
MH-0863,Sanitary Pattern Load,0.0198,Fixed
MH-0736,Sanitary Pattern Load,0.0397,Fixed
MH-0728,Sanitary Pattern Load,0.0198,Fixed
MH-0820,Sanitary Pattern Load,0.0198,Fixed
MH-0853,Sanitary Pattern Load,0.0297,Fixed
MH-0888,Sanitary Pattern Load,0.0099,Fixed
MH-0837,Sanitary Pattern Load,0.0198,Fixed
MH-0849,Sanitary Pattern Load,0.0198,Fixed
MH-0942,Sanitary Pattern Load,0.0099,Fixed
MH-0790,Sanitary Pattern Load,0.0694,Fixed
MH-1016,Sanitary Pattern Load,0.228,Fixed
MH-0603,Sanitary Pattern Load,0.0099,Fixed
MH-0651,Sanitary Pattern Load,0.0496,Fixed
MH-0677,Sanitary Pattern Load,0.0297,Fixed
MH-0320,Sanitary Pattern Load,0.0397,Fixed
MH-0300,Sanitary Pattern Load,0.0198,Fixed
MH-0260,Sanitary Pattern Load,0.0099,Fixed
MH-0233,Sanitary Pattern Load,0.0496,Fixed
MH-0187,Sanitary Pattern Load,0.0198,Fixed
MH-0210,Sanitary Pattern Load,0.0198,Fixed
MH-0572,Sanitary Pattern Load,0.0397,Fixed
MH-0199,Sanitary Pattern Load,0.0496,Fixed
MH-0143,Sanitary Pattern Load,0.0297,Fixed
MH-0117,Sanitary Pattern Load,0.0099,Fixed
MH-0126,Sanitary Pattern Load,0.0397,Fixed
MH-0101,Sanitary Pattern Load,0.0297,Fixed
MH-0081,Sanitary Pattern Load,0.0099,Fixed
MH-0172,Sanitary Pattern Load,0.0297,Fixed
MH-0052,Sanitary Pattern Load,0.0198,Fixed
MH-0043,Sanitary Pattern Load,0.0099,Fixed
MH-0032,Sanitary Pattern Load,0.0694,Fixed
MH-0020,Sanitary Pattern Load,0.0198,Fixed
MH-0034,Sanitary Pattern Load,0.0397,Fixed
MH-1479,Sanitary Pattern Load,0.0198,Fixed
MH-1501,Sanitary Pattern Load,0.0198,Fixed
MH-1532,Sanitary Pattern Load,0.0496,Fixed
MH-1678,Sanitary Pattern Load,0.0099,Fixed
MH-1700,Sanitary Pattern Load,0.0297,Fixed
MH-1688,Sanitary Pattern Load,0.0297,Fixed
MH-1705,Sanitary Pattern Load,0.0297,Fixed
MH-1713,Sanitary Pattern Load,0.0099,Fixed
MH-1721,Sanitary Pattern Load,0.0297,Fixed
MH-1738,Sanitary Pattern Load,0.0297,Fixed
MH-1719,Sanitary Pattern Load,0.0397,Fixed
MH-1695,Sanitary Pattern Load,0.0297,Fixed
MH-1458,Sanitary Pattern Load,0.0099,Fixed
MH-1363,Sanitary Pattern Load,0.0397,Fixed
MH-1405,Sanitary Pattern Load,0.0198,Fixed
MH-1318,Sanitary Pattern Load,0.0694,Fixed
MH-0829,Sanitary Pattern Load,0.0099,Fixed
MH-0765,Sanitary Pattern Load,0.0397,Fixed
MH-1039,Sanitary Pattern Load,0.0198,Fixed
MH-0919,Sanitary Pattern Load,0.0694,Fixed
MH-0831,Sanitary Pattern Load,0.0892,Fixed
MH-0855,Sanitary Pattern Load,0.0099,Fixed
MH-0798,Sanitary Pattern Load,0.0297,Fixed
MH-0756,Sanitary Pattern Load,0.119,Fixed
MH-0668,Sanitary Pattern Load,0.0595,Fixed
MH-0675,Sanitary Pattern Load,0.0297,Fixed
MH-0588,Sanitary Pattern Load,0.0397,Fixed
MH-0605,Sanitary Pattern Load,0.0297,Fixed
MH-1010,Sanitary Pattern Load,0.1685,Fixed
MH-0834,Sanitary Pattern Load,0.1487,Fixed
MH-0352,Sanitary Pattern Load,0.0496,Fixed
MH-0308,Sanitary Pattern Load,0.0099,Fixed
MH-0650,Sanitary Pattern Load,0.109,Fixed
MH-0552,Sanitary Pattern Load,0.0099,Fixed
MH-0387,Sanitary Pattern Load,0.0397,Fixed
MH-0569,Sanitary Pattern Load,0.0099,Fixed
MH-0179,Sanitary Pattern Load,0.1289,Fixed
MH-0288,Sanitary Pattern Load,0.0099,Fixed
MH-1117,Sanitary Pattern Load,0.0892,Fixed
MH-0195,Sanitary Pattern Load,0.0397,Fixed
MH-0272,Sanitary Pattern Load,0.0198,Fixed
MH-0100,Sanitary Pattern Load,0.0297,Fixed
MH-0513,Sanitary Pattern Load,0.1289,Fixed
MH-1103,Sanitary Pattern Load,0.0991,Fixed
MH-0992,Sanitary Pattern Load,0.0595,Fixed
MH-1132,Sanitary Pattern Load,0.0297,Fixed
MH-0379,Sanitary Pattern Load,0.0892,Fixed
MH-1116,Sanitary Pattern Load,0.0892,Fixed
MH-1234,Sanitary Pattern Load,0.0694,Fixed
MH-1735,Sanitary Pattern Load,0.0694,Fixed
MH-0984,Sanitary Pattern Load,0.0198,Fixed
MH-0943,Sanitary Pattern Load,0.0793,Fixed
MH-1114,Sanitary Pattern Load,0.0397,Fixed
MH-1045,Sanitary Pattern Load,0.0099,Fixed
MH-1193,Sanitary Pattern Load,0.0198,Fixed
MH-1653,Sanitary Pattern Load,0.0198,Fixed
MH-1629,Sanitary Pattern Load,0.0397,Fixed
MH-1620,Sanitary Pattern Load,0.0099,Fixed
MH-1050,Sanitary Pattern Load,0.0099,Fixed
MH-1131,Sanitary Pattern Load,0.0793,Fixed
MH-1556,Sanitary Pattern Load,0.0496,Fixed
MH-1588,Sanitary Pattern Load,0.0496,Fixed
MH-1572,Sanitary Pattern Load,0.0099,Fixed
MH-1601,Sanitary Pattern Load,0.0297,Fixed
MH-1591,Sanitary Pattern Load,0.0297,Fixed
MH-1559,Sanitary Pattern Load,0.0099,Fixed
MH-1543,Sanitary Pattern Load,0.0198,Fixed
MH-1540,Sanitary Pattern Load,0.0099,Fixed
MH-1528,Sanitary Pattern Load,0.0198,Fixed
MH-1531,Sanitary Pattern Load,0.0099,Fixed
MH-1521,Sanitary Pattern Load,0.0099,Fixed
MH-1196,Sanitary Pattern Load,0.0297,Fixed
MH-1166,Sanitary Pattern Load,0.0099,Fixed
MH-1173,Sanitary Pattern Load,0.0297,Fixed
MH-1336,Sanitary Pattern Load,0.0198,Fixed
MH-1518,Sanitary Pattern Load,0.0198,Fixed
MH-1153,Sanitary Pattern Load,0.0496,Fixed
MH-1334,Sanitary Pattern Load,0.0198,Fixed
MH-1317,Sanitary Pattern Load,0.0297,Fixed
MH-1301,Sanitary Pattern Load,0.0198,Fixed
MH-1275,Sanitary Pattern Load,0.0297,Fixed
MH-1177,Sanitary Pattern Load,0.0397,Fixed
MH-1138,Sanitary Pattern Load,0.0099,Fixed
MH-1124,Sanitary Pattern Load,0.0297,Fixed
MH-1121,Sanitary Pattern Load,0.0198,Fixed
MH-1003,Sanitary Pattern Load,0.0099,Fixed
MH-1102,Sanitary Pattern Load,0.0198,Fixed
MH-1073,Sanitary Pattern Load,0.0198,Fixed
MH-1133,Sanitary Pattern Load,0.0099,Fixed
MH-1100,Sanitary Pattern Load,0.0297,Fixed
MH-1074,Sanitary Pattern Load,0.0099,Fixed
MH-1051,Sanitary Pattern Load,0.0297,Fixed
MH-1208,Sanitary Pattern Load,0.0099,Fixed
MH-1354,Sanitary Pattern Load,0.0099,Fixed
MH-1237,Sanitary Pattern Load,0.0099,Fixed
MH-1233,Sanitary Pattern Load,0.0297,Fixed
MH-1505,Sanitary Pattern Load,0.0397,Fixed
MH-1512,Sanitary Pattern Load,0.0099,Fixed
MH-1507,Sanitary Pattern Load,0.0397,Fixed
MH-1453,Sanitary Pattern Load,0.0198,Fixed
MH-1493,Sanitary Pattern Load,0.0397,Fixed
MH-1432,Sanitary Pattern Load,0.0099,Fixed
MH-1353,Sanitary Pattern Load,0.0198,Fixed
MH-1412,Sanitary Pattern Load,0.0099,Fixed
MH-1422,Sanitary Pattern Load,0.0297,Fixed
MH-1235,Sanitary Pattern Load,0.0397,Fixed
MH-1321,Sanitary Pattern Load,0.0198,Fixed
MH-1403,Sanitary Pattern Load,0.0397,Fixed
MH-1441,Sanitary Pattern Load,0.0198,Fixed
MH-1358,Sanitary Pattern Load,0.0099,Fixed
MH-1195,Sanitary Pattern Load,0.0198,Fixed
MH-1292,Sanitary Pattern Load,0.0198,Fixed
MH-1171,Sanitary Pattern Load,0.0099,Fixed
MH-1452,Sanitary Pattern Load,0.0496,Fixed
MH-1377,Sanitary Pattern Load,0.0198,Fixed
MH-1393,Sanitary Pattern Load,0.0198,Fixed
MH-1435,Sanitary Pattern Load,0.0694,Fixed
MH-1346,Sanitary Pattern Load,0.0198,Fixed
MH-1350,Sanitary Pattern Load,0.0198,Fixed
MH-1384,Sanitary Pattern Load,0.0198,Fixed
MH-1400,Sanitary Pattern Load,0.0496,Fixed
MH-1410,Sanitary Pattern Load,0.0198,Fixed
MH-1413,Sanitary Pattern Load,0.0099,Fixed
MH-1436,Sanitary Pattern Load,0.0198,Fixed
MH-1425,Sanitary Pattern Load,0.0397,Fixed
MH-1426,Sanitary Pattern Load,0.0099,Fixed
MH-1356,Sanitary Pattern Load,0.0397,Fixed
MH-1411,Sanitary Pattern Load,0.0198,Fixed
MH-1431,Sanitary Pattern Load,0.0099,Fixed
MH-1427,Sanitary Pattern Load,0.0297,Fixed
MH-1357,Sanitary Pattern Load,0.0198,Fixed
MH-1262,Sanitary Pattern Load,0.0198,Fixed
MH-1286,Sanitary Pattern Load,0.0099,Fixed
MH-1374,Sanitary Pattern Load,0.0099,Fixed
MH-1324,Sanitary Pattern Load,0.0099,Fixed
MH-1298,Sanitary Pattern Load,0.0099,Fixed
MH-1313,Sanitary Pattern Load,0.0099,Fixed
MH-1367,Sanitary Pattern Load,0.0297,Fixed
MH-1311,Sanitary Pattern Load,0.0496,Fixed
MH-1351,Sanitary Pattern Load,0.0198,Fixed
MH-1406,Sanitary Pattern Load,0.0297,Fixed
MH-1308,Sanitary Pattern Load,0.0297,Fixed
MH-1266,Sanitary Pattern Load,0.0297,Fixed
MH-1191,Sanitary Pattern Load,0.0198,Fixed
MH-1192,Sanitary Pattern Load,0.0397,Fixed
MH-1239,Sanitary Pattern Load,0.0198,Fixed
MH-1215,Sanitary Pattern Load,0.0297,Fixed
MH-1250,Sanitary Pattern Load,0.0198,Fixed
MH-1252,Sanitary Pattern Load,0.0297,Fixed
MH-1297,Sanitary Pattern Load,0.0198,Fixed
MH-1294,Sanitary Pattern Load,0.0198,Fixed
MH-1228,Sanitary Pattern Load,0.0595,Fixed
MH-1210,Sanitary Pattern Load,0.0099,Fixed
MH-1288,Sanitary Pattern Load,0.0099,Fixed
MH-1360,Sanitary Pattern Load,0.0892,Fixed
MH-1319,Sanitary Pattern Load,0.0397,Fixed
MH-1296,Sanitary Pattern Load,0.0099,Fixed
MH-1305,Sanitary Pattern Load,0.0397,Fixed
MH-1209,Sanitary Pattern Load,0.0099,Fixed
MH-0846,Sanitary Pattern Load,0.0198,Fixed
MH-1244,Sanitary Pattern Load,0.0099,Fixed
MH-1316,Sanitary Pattern Load,0.0694,Fixed
MH-1282,Sanitary Pattern Load,0.0198,Fixed
MH-1222,Sanitary Pattern Load,0.0397,Fixed
MH-1164,Sanitary Pattern Load,0.0099,Fixed
MH-1204,Sanitary Pattern Load,0.0297,Fixed
MH-1231,Sanitary Pattern Load,0.0496,Fixed
MH-1080,Sanitary Pattern Load,0.0099,Fixed
MH-1030,Sanitary Pattern Load,0.0099,Fixed
MH-1063,Sanitary Pattern Load,0.0397,Fixed
MH-1157,Sanitary Pattern Load,0.0297,Fixed
MH-1099,Sanitary Pattern Load,0.0099,Fixed
MH-1086,Sanitary Pattern Load,0.0297,Fixed
MH-1044,Sanitary Pattern Load,0.0595,Fixed
MH-1020,Sanitary Pattern Load,0.0397,Fixed
MH-0985,Sanitary Pattern Load,0.0099,Fixed
MH-0981,Sanitary Pattern Load,0.0198,Fixed
MH-0953,Sanitary Pattern Load,0.0397,Fixed
MH-0911,Sanitary Pattern Load,0.0198,Fixed
MH-0933,Sanitary Pattern Load,0.0297,Fixed
MH-1109,Sanitary Pattern Load,0.0099,Fixed
MH-1127,Sanitary Pattern Load,0.0099,Fixed
MH-0883,Sanitary Pattern Load,0.0198,Fixed
MH-1085,Sanitary Pattern Load,0.0198,Fixed
MH-1115,Sanitary Pattern Load,0.0099,Fixed
MH-0848,Sanitary Pattern Load,0.0297,Fixed
MH-0857,Sanitary Pattern Load,0.0198,Fixed
MH-1056,Sanitary Pattern Load,0.0099,Fixed
MH-1071,Sanitary Pattern Load,0.0198,Fixed
MH-1052,Sanitary Pattern Load,0.0099,Fixed
MH-1023,Sanitary Pattern Load,0.0099,Fixed
MH-1027,Sanitary Pattern Load,0.0099,Fixed
MH-0988,Sanitary Pattern Load,0.0099,Fixed
MH-1125,Sanitary Pattern Load,0.0099,Fixed
MH-0879,Sanitary Pattern Load,0.0099,Fixed
MH-0941,Sanitary Pattern Load,0.0297,Fixed
MH-0902,Sanitary Pattern Load,0.0496,Fixed
MH-1175,Sanitary Pattern Load,0.0099,Fixed
MH-0805,Sanitary Pattern Load,0.0099,Fixed
MH-1211,Sanitary Pattern Load,0.0397,Fixed
MH-1187,Sanitary Pattern Load,0.0595,Fixed
MH-0872,Sanitary Pattern Load,0.0595,Fixed
MH-0854,Sanitary Pattern Load,0.0099,Fixed
MH-0823,Sanitary Pattern Load,0.0198,Fixed
MH-0930,Sanitary Pattern Load,0.0099,Fixed
MH-0991,Sanitary Pattern Load,0.109,Fixed
MH-0961,Sanitary Pattern Load,0.0099,Fixed
MH-0966,Sanitary Pattern Load,0.0297,Fixed
MH-1034,Sanitary Pattern Load,0.0099,Fixed
MH-0996,Sanitary Pattern Load,0.0793,Fixed
MH-1038,Sanitary Pattern Load,0.0198,Fixed
MH-1067,Sanitary Pattern Load,0.0595,Fixed
MH-1000,Sanitary Pattern Load,0.0099,Fixed
MH-0959,Sanitary Pattern Load,0.0397,Fixed
MH-0969,Sanitary Pattern Load,0.0397,Fixed
MH-0929,Sanitary Pattern Load,0.0099,Fixed
MH-0917,Sanitary Pattern Load,0.0496,Fixed
MH-0866,Sanitary Pattern Load,0.0297,Fixed
MH-0950,Sanitary Pattern Load,0.0595,Fixed
MH-0905,Sanitary Pattern Load,0.0198,Fixed
MH-0925,Sanitary Pattern Load,0.0099,Fixed
MH-0892,Sanitary Pattern Load,0.0099,Fixed
MH-0990,Sanitary Pattern Load,0.0099,Fixed
MH-0636,Sanitary Pattern Load,0.0198,Fixed
MH-0587,Sanitary Pattern Load,0.0198,Fixed
MH-0665,Sanitary Pattern Load,0.0099,Fixed
MH-0687,Sanitary Pattern Load,0.0297,Fixed
MH-0906,Sanitary Pattern Load,0.0198,Fixed
MH-0891,Sanitary Pattern Load,0.0099,Fixed
MH-0731,Sanitary Pattern Load,0.0198,Fixed
MH-0769,Sanitary Pattern Load,0.0595,Fixed
MH-0864,Sanitary Pattern Load,0.0297,Fixed
MH-0828,Sanitary Pattern Load,0.0297,Fixed
MH-0738,Sanitary Pattern Load,0.0099,Fixed
MH-0764,Sanitary Pattern Load,0.0198,Fixed
MH-0801,Sanitary Pattern Load,0.0099,Fixed
MH-0741,Sanitary Pattern Load,0.0099,Fixed
MH-0775,Sanitary Pattern Load,0.0198,Fixed
MH-0809,Sanitary Pattern Load,0.0397,Fixed
MH-0822,Sanitary Pattern Load,0.0397,Fixed
MH-0887,Sanitary Pattern Load,0.0595,Fixed
MH-0783,Sanitary Pattern Load,0.0099,Fixed
MH-0647,Sanitary Pattern Load,0.0099,Fixed
MH-0757,Sanitary Pattern Load,0.0595,Fixed
MH-0644,Sanitary Pattern Load,0.0198,Fixed
MH-0662,Sanitary Pattern Load,0.0099,Fixed
MH-0704,Sanitary Pattern Load,0.0496,Fixed
MH-0613,Sanitary Pattern Load,0.0099,Fixed
MH-0818,Sanitary Pattern Load,0.0595,Fixed
MH-0684,Sanitary Pattern Load,0.0892,Fixed
MH-0626,Sanitary Pattern Load,0.0397,Fixed
MH-0646,Sanitary Pattern Load,0.0397,Fixed
MH-0670,Sanitary Pattern Load,0.0297,Fixed
MH-0620,Sanitary Pattern Load,0.0099,Fixed
MH-0639,Sanitary Pattern Load,0.0099,Fixed
MH-0593,Sanitary Pattern Load,0.0297,Fixed
MH-0799,Sanitary Pattern Load,0.0595,Fixed
MH-0549,Sanitary Pattern Load,0.0099,Fixed
MH-0720,Sanitary Pattern Load,0.0099,Fixed
MH-0726,Sanitary Pattern Load,0.0099,Fixed
MH-0708,Sanitary Pattern Load,0.0099,Fixed
MH-0691,Sanitary Pattern Load,0.0397,Fixed
MH-0678,Sanitary Pattern Load,0.0297,Fixed
MH-0583,Sanitary Pattern Load,0.0099,Fixed
MH-0723,Sanitary Pattern Load,0.0297,Fixed
MH-0779,Sanitary Pattern Load,0.0099,Fixed
MH-0759,Sanitary Pattern Load,0.0198,Fixed
MH-0707,Sanitary Pattern Load,0.0297,Fixed
MH-0493,Sanitary Pattern Load,0.119,Fixed
MH-0527,Sanitary Pattern Load,0.0595,Fixed
MH-0550,Sanitary Pattern Load,0.0595,Fixed
MH-0578,Sanitary Pattern Load,0.0397,Fixed
MH-0506,Sanitary Pattern Load,0.0099,Fixed
MH-0458,Sanitary Pattern Load,0.0198,Fixed
MH-0702,Sanitary Pattern Load,0.0297,Fixed
MH-0622,Sanitary Pattern Load,0.0099,Fixed
MH-0518,Sanitary Pattern Load,0.0099,Fixed
MH-0618,Sanitary Pattern Load,0.0198,Fixed
MH-0480,Sanitary Pattern Load,0.0099,Fixed
MH-0567,Sanitary Pattern Load,0.0099,Fixed
MH-0534,Sanitary Pattern Load,0.0397,Fixed
MH-0516,Sanitary Pattern Load,0.0496,Fixed
MH-0488,Sanitary Pattern Load,0.0397,Fixed
MH-0455,Sanitary Pattern Load,0.0099,Fixed
MH-0462,Sanitary Pattern Load,0.0099,Fixed
MH-0598,Sanitary Pattern Load,0.0297,Fixed
MH-0537,Sanitary Pattern Load,0.0198,Fixed
MH-0553,Sanitary Pattern Load,0.0198,Fixed
MH-0526,Sanitary Pattern Load,0.0297,Fixed
MH-0539,Sanitary Pattern Load,0.0297,Fixed
MH-0503,Sanitary Pattern Load,0.0198,Fixed
MH-0470,Sanitary Pattern Load,0.0198,Fixed
MH-0494,Sanitary Pattern Load,0.0198,Fixed
MH-0451,Sanitary Pattern Load,0.0397,Fixed
MH-0456,Sanitary Pattern Load,0.0099,Fixed
MH-0474,Sanitary Pattern Load,0.0099,Fixed
MH-0435,Sanitary Pattern Load,0.0297,Fixed
MH-0442,Sanitary Pattern Load,0.0198,Fixed
MH-0454,Sanitary Pattern Load,0.0397,Fixed
MH-0414,Sanitary Pattern Load,0.0099,Fixed
MH-0471,Sanitary Pattern Load,0.0099,Fixed
MH-0482,Sanitary Pattern Load,0.0297,Fixed
MH-0418,Sanitary Pattern Load,0.0297,Fixed
MH-0433,Sanitary Pattern Load,0.0496,Fixed
MH-0372,Sanitary Pattern Load,0.0099,Fixed
MH-0440,Sanitary Pattern Load,0.0297,Fixed
MH-0465,Sanitary Pattern Load,0.0198,Fixed
MH-0403,Sanitary Pattern Load,0.0198,Fixed
MH-0434,Sanitary Pattern Load,0.0198,Fixed
MH-0453,Sanitary Pattern Load,0.0496,Fixed
MH-0386,Sanitary Pattern Load,0.0297,Fixed
MH-0381,Sanitary Pattern Load,0.0397,Fixed
MH-0413,Sanitary Pattern Load,0.0099,Fixed
MH-0333,Sanitary Pattern Load,0.0099,Fixed
MH-0348,Sanitary Pattern Load,0.0595,Fixed
MH-0310,Sanitary Pattern Load,0.0496,Fixed
MH-0299,Sanitary Pattern Load,0.0099,Fixed
MH-0329,Sanitary Pattern Load,0.0496,Fixed
MH-0277,Sanitary Pattern Load,0.0397,Fixed
MH-0380,Sanitary Pattern Load,0.0297,Fixed
MH-0342,Sanitary Pattern Load,0.0297,Fixed
MH-0323,Sanitary Pattern Load,0.0099,Fixed
MH-0345,Sanitary Pattern Load,0.0099,Fixed
MH-0393,Sanitary Pattern Load,0.0198,Fixed
MH-0361,Sanitary Pattern Load,0.0099,Fixed
MH-0368,Sanitary Pattern Load,0.0198,Fixed
MH-0364,Sanitary Pattern Load,0.0297,Fixed
MH-0341,Sanitary Pattern Load,0.0694,Fixed
MH-0350,Sanitary Pattern Load,0.0397,Fixed
MH-0326,Sanitary Pattern Load,0.0297,Fixed
MH-0296,Sanitary Pattern Load,0.0496,Fixed
MH-0294,Sanitary Pattern Load,0.0099,Fixed
MH-0220,Sanitary Pattern Load,0.0397,Fixed
MH-0155,Sanitary Pattern Load,0.0198,Fixed
MH-0237,Sanitary Pattern Load,0.0099,Fixed
MH-0259,Sanitary Pattern Load,0.0198,Fixed
MH-0213,Sanitary Pattern Load,0.0297,Fixed
MH-0224,Sanitary Pattern Load,0.0099,Fixed
MH-0250,Sanitary Pattern Load,0.0297,Fixed
MH-0200,Sanitary Pattern Load,0.0397,Fixed
MH-0240,Sanitary Pattern Load,0.0397,Fixed
MH-0244,Sanitary Pattern Load,0.0198,Fixed
MH-0258,Sanitary Pattern Load,0.0198,Fixed
MH-0221,Sanitary Pattern Load,0.0099,Fixed
MH-0271,Sanitary Pattern Load,0.0297,Fixed
MH-0152,Sanitary Pattern Load,0.0198,Fixed
MH-0176,Sanitary Pattern Load,0.0099,Fixed
MH-0162,Sanitary Pattern Load,0.0198,Fixed
MH-0502,Sanitary Pattern Load,0.0198,Fixed
MH-0331,Sanitary Pattern Load,0.0297,Fixed
MH-0315,Sanitary Pattern Load,0.0099,Fixed
MH-0377,Sanitary Pattern Load,0.0099,Fixed
MH-0358,Sanitary Pattern Load,0.0595,Fixed
MH-0304,Sanitary Pattern Load,0.0694,Fixed
MH-0178,Sanitary Pattern Load,0.0397,Fixed
MH-0188,Sanitary Pattern Load,0.0198,Fixed
MH-0160,Sanitary Pattern Load,0.0198,Fixed
MH-0217,Sanitary Pattern Load,0.0198,Fixed
MH-0182,Sanitary Pattern Load,0.0198,Fixed
MH-0161,Sanitary Pattern Load,0.0397,Fixed
MH-0269,Sanitary Pattern Load,0.0099,Fixed
MH-0227,Sanitary Pattern Load,0.0694,Fixed
MH-0116,Sanitary Pattern Load,0.0198,Fixed
MH-0068,Sanitary Pattern Load,0.0991,Fixed
MH-0065,Sanitary Pattern Load,0.0198,Fixed
MH-0021,Sanitary Pattern Load,0.0099,Fixed
MH-0014,Sanitary Pattern Load,0.0198,Fixed
MH-0019,Sanitary Pattern Load,0.0595,Fixed
MH-0011,Sanitary Pattern Load,0.0099,Fixed
MH-0008,Sanitary Pattern Load,0.0397,Fixed
MH-0142,Sanitary Pattern Load,0.0099,Fixed
MH-0257,Sanitary Pattern Load,0.0099,Fixed
MH-0291,Sanitary Pattern Load,0.0397,Fixed
MH-0241,Sanitary Pattern Load,0.0198,Fixed
MH-0223,Sanitary Pattern Load,0.0397,Fixed
MH-0264,Sanitary Pattern Load,0.0099,Fixed
MH-0222,Sanitary Pattern Load,0.0099,Fixed
MH-0209,Sanitary Pattern Load,0.0496,Fixed
MH-0115,Sanitary Pattern Load,0.0099,Fixed
MH-0063,Sanitary Pattern Load,0.0397,Fixed
MH-0057,Sanitary Pattern Load,0.0297,Fixed
MH-0049,Sanitary Pattern Load,0.0297,Fixed
MH-0077,Sanitary Pattern Load,0.0496,Fixed
MH-0066,Sanitary Pattern Load,0.0397,Fixed
MH-0045,Sanitary Pattern Load,0.0496,Fixed
MH-0038,Sanitary Pattern Load,0.0595,Fixed
MH-0037,Sanitary Pattern Load,0.0397,Fixed
MH-0005,Sanitary Pattern Load,0.0297,Fixed
MH-0003,Sanitary Pattern Load,0.0297,Fixed
MH-1468,Sanitary Pattern Load,0.0496,Fixed
MH-1483,Sanitary Pattern Load,0.0892,Fixed
MH-1511,Sanitary Pattern Load,0.0397,Fixed
MH-1516,Sanitary Pattern Load,0.0595,Fixed
MH-1539,Sanitary Pattern Load,0.0297,Fixed
MH-1566,Sanitary Pattern Load,0.0198,Fixed
MH-1589,Sanitary Pattern Load,0.0991,Fixed
MH-1578,Sanitary Pattern Load,0.0297,Fixed
MH-1609,Sanitary Pattern Load,0.0397,Fixed
MH-1611,Sanitary Pattern Load,0.0198,Fixed
MH-1724,Sanitary Pattern Load,0.0099,Fixed
MH-1714,Sanitary Pattern Load,0.0198,Fixed
MH-1728,Sanitary Pattern Load,0.0297,Fixed
MH-1625,Sanitary Pattern Load,0.0297,Fixed
MH-1633,Sanitary Pattern Load,0.0099,Fixed
MH-1646,Sanitary Pattern Load,0.0297,Fixed
MH-1622,Sanitary Pattern Load,0.0496,Fixed
MH-1668,Sanitary Pattern Load,0.0198,Fixed
MH-1659,Sanitary Pattern Load,0.0099,Fixed
MH-1654,Sanitary Pattern Load,0.0595,Fixed
MH-1661,Sanitary Pattern Load,0.0099,Fixed
MH-1669,Sanitary Pattern Load,0.0198,Fixed
MH-1541,Sanitary Pattern Load,0.109,Fixed
MH-1551,Sanitary Pattern Load,0.0198,Fixed
MH-1554,Sanitary Pattern Load,0.0099,Fixed
MH-1603,Sanitary Pattern Load,0.0397,Fixed
MH-1564,Sanitary Pattern Load,0.0099,Fixed
MH-1680,Sanitary Pattern Load,0.0099,Fixed
MH-1666,Sanitary Pattern Load,0.0793,Fixed
MH-1697,Sanitary Pattern Load,0.0099,Fixed
MH-1606,Sanitary Pattern Load,0.0397,Fixed
MH-1691,Sanitary Pattern Load,0.0198,Fixed
MH-1677,Sanitary Pattern Load,0.0297,Fixed
MH-1711,Sanitary Pattern Load,0.0099,Fixed
MH-1698,Sanitary Pattern Load,0.0099,Fixed
MH-1638,Sanitary Pattern Load,0.0099,Fixed
MH-1648,Sanitary Pattern Load,0.0099,Fixed
MH-1596,Sanitary Pattern Load,0.0099,Fixed
MH-1727,Sanitary Pattern Load,0.0694,Fixed
MH-1709,Sanitary Pattern Load,0.0397,Fixed
MH-1731,Sanitary Pattern Load,0.0198,Fixed
MH-1733,Sanitary Pattern Load,0.0397,Fixed
MH-1662,Sanitary Pattern Load,0.0198,Fixed
MH-1586,Sanitary Pattern Load,0.0496,Fixed
MH-1716,Sanitary Pattern Load,0.0099,Fixed
MH-1618,Sanitary Pattern Load,0.0099,Fixed
MH-1729,Sanitary Pattern Load,0.0397,Fixed
MH-1717,Sanitary Pattern Load,0.0397,Fixed
MH-1632,Sanitary Pattern Load,0.0099,Fixed
MH-1694,Sanitary Pattern Load,0.0198,Fixed
MH-1675,Sanitary Pattern Load,0.0099,Fixed
MH-1590,Sanitary Pattern Load,0.0198,Fixed
MH-1655,Sanitary Pattern Load,0.0694,Fixed
MH-1084,Sanitary Pattern Load,0.0297,Fixed
MH-1184,Sanitary Pattern Load,0.0496,Fixed
MH-1486,Sanitary Pattern Load,0.0397,Fixed
MH-1433,Sanitary Pattern Load,0.0397,Fixed
MH-1466,Sanitary Pattern Load,0.0198,Fixed
MH-1416,Sanitary Pattern Load,0.0099,Fixed
MH-1484,Sanitary Pattern Load,0.0397,Fixed
MH-1448,Sanitary Pattern Load,0.0099,Fixed
MH-1451,Sanitary Pattern Load,0.0297,Fixed
MH-1457,Sanitary Pattern Load,0.0099,Fixed
MH-1444,Sanitary Pattern Load,0.0099,Fixed
MH-1381,Sanitary Pattern Load,0.0099,Fixed
MH-1428,Sanitary Pattern Load,0.0595,Fixed
MH-1347,Sanitary Pattern Load,0.0099,Fixed
MH-1330,Sanitary Pattern Load,0.0595,Fixed
MH-1303,Sanitary Pattern Load,0.0496,Fixed
MH-1267,Sanitary Pattern Load,0.0595,Fixed
MH-1225,Sanitary Pattern Load,0.0397,Fixed
MH-1265,Sanitary Pattern Load,0.0397,Fixed
MH-1066,Sanitary Pattern Load,0.0496,Fixed
MH-1090,Sanitary Pattern Load,0.0297,Fixed
MH-1060,Sanitary Pattern Load,0.0595,Fixed
MH-0971,Sanitary Pattern Load,0.0694,Fixed
MH-0898,Sanitary Pattern Load,0.0397,Fixed
MH-0860,Sanitary Pattern Load,0.0099,Fixed
MH-0876,Sanitary Pattern Load,0.0099,Fixed
MH-0949,Sanitary Pattern Load,0.0892,Fixed
MH-1180,Sanitary Pattern Load,0.0496,Fixed
MH-1197,Sanitary Pattern Load,0.0297,Fixed
MH-0679,Sanitary Pattern Load,0.0496,Fixed
MH-0666,Sanitary Pattern Load,0.119,Fixed
MH-1111,Sanitary Pattern Load,0.0397,Fixed
MH-1174,Sanitary Pattern Load,0.0892,Fixed
MH-1139,Sanitary Pattern Load,0.0198,Fixed
MH-1263,Sanitary Pattern Load,0.0694,Fixed
MH-1152,Sanitary Pattern Load,0.0694,Fixed
MH-1095,Sanitary Pattern Load,0.0694,Fixed
MH-0630,Sanitary Pattern Load,0.0099,Fixed
MH-0850,Sanitary Pattern Load,0.0099,Fixed
MH-0882,Sanitary Pattern Load,0.0099,Fixed
MH-0894,Sanitary Pattern Load,0.0099,Fixed
MH-1009,Sanitary Pattern Load,0.1487,Fixed
MH-0945,Sanitary Pattern Load,0.0892,Fixed
MH-0692,Sanitary Pattern Load,0.0397,Fixed
MH-1082,Sanitary Pattern Load,0.119,Fixed
MH-0752,Sanitary Pattern Load,0.0496,Fixed
MH-0584,Sanitary Pattern Load,0.0198,Fixed
MH-0582,Sanitary Pattern Load,0.0099,Fixed
MH-0641,Sanitary Pattern Load,0.0694,Fixed
MH-0441,Sanitary Pattern Load,0.0595,Fixed
MH-0528,Sanitary Pattern Load,0.0099,Fixed
MH-0467,Sanitary Pattern Load,0.0991,Fixed
MH-0551,Sanitary Pattern Load,0.0496,Fixed
MH-0378,Sanitary Pattern Load,0.0496,Fixed
MH-0496,Sanitary Pattern Load,0.1289,Fixed
MH-0627,Sanitary Pattern Load,0.0793,Fixed
MH-0591,Sanitary Pattern Load,0.0496,Fixed
MH-0562,Sanitary Pattern Load,0.0198,Fixed
MH-0340,Sanitary Pattern Load,0.0694,Fixed
MH-0370,Sanitary Pattern Load,0.0099,Fixed
MH-0609,Sanitary Pattern Load,0.0099,Fixed
MH-0437,Sanitary Pattern Load,0.0099,Fixed
MH-0585,Sanitary Pattern Load,0.0198,Fixed
MH-0416,Sanitary Pattern Load,0.0099,Fixed
MH-0415,Sanitary Pattern Load,0.0099,Fixed
MH-0405,Sanitary Pattern Load,0.0198,Fixed
MH-0755,Sanitary Pattern Load,0.0496,Fixed
MH-0698,Sanitary Pattern Load,0.1784,Fixed
MH-0697,Sanitary Pattern Load,0.109,Fixed
MH-0688,Sanitary Pattern Load,0.0694,Fixed
MH-0648,Sanitary Pattern Load,0.0198,Fixed
MH-0638,Sanitary Pattern Load,0.0397,Fixed
MH-0505,Sanitary Pattern Load,0.0496,Fixed
MH-0446,Sanitary Pattern Load,0.0595,Fixed
MH-0398,Sanitary Pattern Load,0.1784,Fixed
MH-0362,Sanitary Pattern Load,0.0099,Fixed
MH-0532,Sanitary Pattern Load,0.0595,Fixed
MH-0632,Sanitary Pattern Load,0.0099,Fixed
MH-0489,Sanitary Pattern Load,0.0892,Fixed
MH-0523,Sanitary Pattern Load,0.0496,Fixed
MH-0485,Sanitary Pattern Load,0.0595,Fixed
MH-0397,Sanitary Pattern Load,0.0496,Fixed
MH-0371,Sanitary Pattern Load,0.0694,Fixed
MH-0325,Sanitary Pattern Load,0.0397,Fixed
MH-0095,Sanitary Pattern Load,0.0892,Fixed
MH-0406,Sanitary Pattern Load,0.0198,Fixed
MH-0420,Sanitary Pattern Load,0.0397,Fixed
MH-0365,Sanitary Pattern Load,0.0297,Fixed
MH-0389,Sanitary Pattern Load,0.0694,Fixed
MH-0335,Sanitary Pattern Load,0.0198,Fixed
MH-0267,Sanitary Pattern Load,0.0397,Fixed
MH-0322,Sanitary Pattern Load,0.0099,Fixed
MH-0306,Sanitary Pattern Load,0.0099,Fixed
MH-1013,Sanitary Pattern Load,0.1289,Fixed
MH-0154,Sanitary Pattern Load,0.0198,Fixed
MH-0247,Sanitary Pattern Load,0.0297,Fixed
MH-0096,Sanitary Pattern Load,0.0793,Fixed
MH-0141,Sanitary Pattern Load,0.0892,Fixed
MH-0156,Sanitary Pattern Load,0.0297,Fixed
MH-0201,Sanitary Pattern Load,0.0099,Fixed
MH-0133,Sanitary Pattern Load,0.0397,Fixed
MH-0374,Sanitary Pattern Load,0.0595,Fixed
MH-0439,Sanitary Pattern Load,0.0892,Fixed
MH-0504,Sanitary Pattern Load,0.0297,Fixed
MH-1485,Sanitary Pattern Load,0.0099,Fixed
MH-0634,Sanitary Pattern Load,0.0595,Fixed
MH-0673,Sanitary Pattern Load,0.0991,Fixed
MH-0724,Sanitary Pattern Load,0.1487,Fixed
MH-0663,Sanitary Pattern Load,0.0198,Fixed
MH-0282,Sanitary Pattern Load,0.0297,Fixed
MH-0165,Sanitary Pattern Load,0.0496,Fixed
MH-0198,Sanitary Pattern Load,0.0496,Fixed
MH-0225,Sanitary Pattern Load,0.0297,Fixed
MH-1576,Sanitary Pattern Load,0.0198,Fixed
MH-1487,Sanitary Pattern Load,0.0496,Fixed
MH-1506,Sanitary Pattern Load,0.0099,Fixed
MH-1515,Sanitary Pattern Load,0.0099,Fixed
MH-1527,Sanitary Pattern Load,0.0099,Fixed
MH-1482,Sanitary Pattern Load,0.0198,Fixed
MH-1502,Sanitary Pattern Load,0.0099,Fixed
MH-0904,Sanitary Pattern Load,0.0099,Fixed
MH-0628,Sanitary Pattern Load,0.0297,Fixed
MH-0681,Sanitary Pattern Load,0.0496,Fixed
MH-0709,Sanitary Pattern Load,0.0099,Fixed
MH-0748,Sanitary Pattern Load,0.0099,Fixed
MH-1561,Sanitary Pattern Load,0.0099,Fixed
MH-1585,Sanitary Pattern Load,0.0099,Fixed
MH-1710,Sanitary Pattern Load,0.0198,Fixed
MH-1726,Sanitary Pattern Load,0.0198,Fixed
MH-0877,Sanitary Pattern Load,0.0694,Fixed
MH-0957,Sanitary Pattern Load,0.0694,Fixed
MH-1061,Sanitary Pattern Load,0.0496,Fixed
MH-1093,Sanitary Pattern Load,0.0297,Fixed
MH-0168,Sanitary Pattern Load,0.0099,Fixed
MH-0111,Sanitary Pattern Load,0.0496,Fixed
MH-0140,Sanitary Pattern Load,0.0297,Fixed
MH-0207,Sanitary Pattern Load,0.0198,Fixed
MH-0039,Sanitary Pattern Load,0.0099,Fixed
MH-0025,Sanitary Pattern Load,0.0595,Fixed
MH-1517,Sanitary Pattern Load,0.0793,Fixed
MH-1703,Sanitary Pattern Load,0.0099,Fixed
MH-1682,Sanitary Pattern Load,0.0297,Fixed
MH-1706,Sanitary Pattern Load,0.0099,Fixed
MH-1430,Sanitary Pattern Load,0.0198,Fixed
MH-1348,Sanitary Pattern Load,0.0099,Fixed
MH-1369,Sanitary Pattern Load,0.0496,Fixed
MH-1333,Sanitary Pattern Load,0.0099,Fixed
MH-1314,Sanitary Pattern Load,0.0099,Fixed
MH-0973,Sanitary Pattern Load,0.0496,Fixed
MH-1005,Sanitary Pattern Load,0.0496,Fixed
MH-0787,Sanitary Pattern Load,0.109,Fixed
MH-0781,Sanitary Pattern Load,0.0099,Fixed
MH-0706,Sanitary Pattern Load,0.0694,Fixed
MH-0903,Sanitary Pattern Load,0.0793,Fixed
MH-0970,Sanitary Pattern Load,0.1487,Fixed
MH-0608,Sanitary Pattern Load,0.0496,Fixed
MH-0337,Sanitary Pattern Load,0.0496,Fixed
MH-0238,Sanitary Pattern Load,0.0297,Fixed
MH-0033,Sanitary Pattern Load,0.0099,Fixed
MH-0046,Sanitary Pattern Load,0.109,Fixed
MH-0053,Sanitary Pattern Load,0.119,Fixed
MH-0062,Sanitary Pattern Load,0.0496,Fixed
MH-0067,Sanitary Pattern Load,0.0198,Fixed
MH-0078,Sanitary Pattern Load,0.1586,Fixed
MH-0521,Sanitary Pattern Load,0.0099,Fixed
MH-0533,Sanitary Pattern Load,0.0793,Fixed
MH-1049,Sanitary Pattern Load,0.0496,Fixed
MH-1098,Sanitary Pattern Load,0.0892,Fixed
MH-0445,Sanitary Pattern Load,0.0694,Fixed
MH-1148,Sanitary Pattern Load,0.0198,Fixed
MH-0742,Sanitary Pattern Load,0.0099,Fixed
MH-1144,Sanitary Pattern Load,0.0297,Fixed
MH-1128,Sanitary Pattern Load,0.0099,Fixed
MH-1604,Sanitary Pattern Load,0.0397,Fixed
MH-1293,Sanitary Pattern Load,0.0099,Fixed
MH-1338,Sanitary Pattern Load,0.0099,Fixed
MH-1097,Sanitary Pattern Load,0.0397,Fixed
MH-1194,Sanitary Pattern Load,0.0099,Fixed
MH-1216,Sanitary Pattern Load,0.0198,Fixed
MH-1582,Sanitary Pattern Load,0.0496,Fixed
MH-1534,Sanitary Pattern Load,0.0397,Fixed
MH-1155,Sanitary Pattern Load,0.0198,Fixed
MH-1167,Sanitary Pattern Load,0.0397,Fixed
MH-1478,Sanitary Pattern Load,0.0297,Fixed
MH-1488,Sanitary Pattern Load,0.0297,Fixed
MH-1473,Sanitary Pattern Load,0.0198,Fixed
MH-1510,Sanitary Pattern Load,0.0099,Fixed
MH-1439,Sanitary Pattern Load,0.0099,Fixed
MH-1438,Sanitary Pattern Load,0.0099,Fixed
MH-1366,Sanitary Pattern Load,0.0198,Fixed
MH-1371,Sanitary Pattern Load,0.0099,Fixed
MH-1329,Sanitary Pattern Load,0.0099,Fixed
MH-1270,Sanitary Pattern Load,0.0496,Fixed
MH-1290,Sanitary Pattern Load,0.0297,Fixed
MH-1285,Sanitary Pattern Load,0.0297,Fixed
MH-1110,Sanitary Pattern Load,0.0198,Fixed
MH-0870,Sanitary Pattern Load,0.0198,Fixed
MH-0908,Sanitary Pattern Load,0.0099,Fixed
MH-1078,Sanitary Pattern Load,0.0198,Fixed
MH-0918,Sanitary Pattern Load,0.0198,Fixed
MH-0937,Sanitary Pattern Load,0.0099,Fixed
MH-1151,Sanitary Pattern Load,0.0297,Fixed
MH-0964,Sanitary Pattern Load,0.0099,Fixed
MH-0845,Sanitary Pattern Load,0.0099,Fixed
MH-0975,Sanitary Pattern Load,0.0198,Fixed
MH-0761,Sanitary Pattern Load,0.0099,Fixed
MH-0671,Sanitary Pattern Load,0.0198,Fixed
MH-0575,Sanitary Pattern Load,0.0099,Fixed
MH-0655,Sanitary Pattern Load,0.0198,Fixed
MH-0388,Sanitary Pattern Load,0.0397,Fixed
MH-0385,Sanitary Pattern Load,0.0198,Fixed
MH-0232,Sanitary Pattern Load,0.0099,Fixed
MH-0279,Sanitary Pattern Load,0.0099,Fixed
MH-0171,Sanitary Pattern Load,0.0198,Fixed
MH-0287,Sanitary Pattern Load,0.0694,Fixed
MH-0278,Sanitary Pattern Load,0.0198,Fixed
MH-0246,Sanitary Pattern Load,0.0297,Fixed
MH-0285,Sanitary Pattern Load,0.0496,Fixed
MH-0270,Sanitary Pattern Load,0.0099,Fixed
MH-0422,Sanitary Pattern Load,0.0397,Fixed
MH-0459,Sanitary Pattern Load,0.0496,Fixed
MH-0517,Sanitary Pattern Load,0.0694,Fixed
MH-0283,Sanitary Pattern Load,0.0496,Fixed
MH-0318,Sanitary Pattern Load,0.0496,Fixed
MH-0235,Sanitary Pattern Load,0.0198,Fixed
MH-0030,Sanitary Pattern Load,0.0198,Fixed
MH-0040,Sanitary Pattern Load,0.0694,Fixed
MH-0047,Sanitary Pattern Load,0.0595,Fixed
MH-0058,Sanitary Pattern Load,0.0793,Fixed
MH-0061,Sanitary Pattern Load,0.0099,Fixed
MH-0007,Sanitary Pattern Load,0.0297,Fixed
MH-0016,Sanitary Pattern Load,0.0793,Fixed
MH-0013,Sanitary Pattern Load,0.0397,Fixed
MH-0163,Sanitary Pattern Load,0.0397,Fixed
MH-0139,Sanitary Pattern Load,0.0198,Fixed
MH-0071,Sanitary Pattern Load,0.0099,Fixed
MH-0069,Sanitary Pattern Load,0.0099,Fixed
MH-0048,Sanitary Pattern Load,0.0496,Fixed
MH-0054,Sanitary Pattern Load,0.0198,Fixed
MH-1490,Sanitary Pattern Load,0.0198,Fixed
MH-1628,Sanitary Pattern Load,0.0198,Fixed
MH-1574,Sanitary Pattern Load,0.0099,Fixed
MH-1592,Sanitary Pattern Load,0.0397,Fixed
MH-1519,Sanitary Pattern Load,0.0099,Fixed
MH-1544,Sanitary Pattern Load,0.0099,Fixed
MH-1623,Sanitary Pattern Load,0.0198,Fixed
MH-1741,Sanitary Pattern Load,0.0198,Fixed
MH-1043,Sanitary Pattern Load,0.2379,Fixed
MH-1243,Sanitary Pattern Load,0.0198,Fixed
MH-1456,Sanitary Pattern Load,0.0198,Fixed
MH-1472,Sanitary Pattern Load,0.0198,Fixed
MH-1373,Sanitary Pattern Load,0.0297,Fixed
MH-1136,Sanitary Pattern Load,0.0099,Fixed
MH-1014,Sanitary Pattern Load,0.0595,Fixed
MH-0915,Sanitary Pattern Load,0.0496,Fixed
MH-1006,Sanitary Pattern Load,0.0595,Fixed
MH-1322,Sanitary Pattern Load,0.0099,Fixed
MH-1212,Sanitary Pattern Load,0.0397,Fixed
MH-1141,Sanitary Pattern Load,0.0297,Fixed
MH-1203,Sanitary Pattern Load,0.0397,Fixed
MH-0568,Sanitary Pattern Load,0.109,Fixed
MH-0615,Sanitary Pattern Load,0.0496,Fixed
MH-0540,Sanitary Pattern Load,0.0099,Fixed
MH-1120,Sanitary Pattern Load,0.0297,Fixed
MH-0601,Sanitary Pattern Load,0.0297,Fixed
MH-0538,Sanitary Pattern Load,0.0198,Fixed
MH-0447,Sanitary Pattern Load,0.0496,Fixed
MH-0509,Sanitary Pattern Load,0.0496,Fixed
MH-0563,Sanitary Pattern Load,0.0496,Fixed
MH-0721,Sanitary Pattern Load,0.0198,Fixed
MH-0656,Sanitary Pattern Load,0.1388,Fixed
MH-0383,Sanitary Pattern Load,0.0397,Fixed
MH-0307,Sanitary Pattern Load,0.1289,Fixed
MH-0595,Sanitary Pattern Load,0.0793,Fixed
MH-0542,Sanitary Pattern Load,0.0595,Fixed
MH-0600,Sanitary Pattern Load,0.0694,Fixed
MH-0530,Sanitary Pattern Load,0.0297,Fixed
MH-0444,Sanitary Pattern Load,0.0793,Fixed
MH-0104,Sanitary Pattern Load,0.0099,Fixed
MH-0432,Sanitary Pattern Load,0.0793,Fixed
MH-0487,Sanitary Pattern Load,0.0595,Fixed
MH-0303,Sanitary Pattern Load,0.0297,Fixed
MH-1077,Sanitary Pattern Load,0.1289,Fixed
MH-0977,Sanitary Pattern Load,0.0991,Fixed
MH-0286,Sanitary Pattern Load,0.0198,Fixed
MH-0332,Sanitary Pattern Load,0.0198,Fixed
MH-0136,Sanitary Pattern Load,0.0099,Fixed
MH-0128,Sanitary Pattern Load,0.0198,Fixed
MH-0292,Sanitary Pattern Load,0.0297,Fixed
MH-0347,Sanitary Pattern Load,0.0793,Fixed
MH-0262,Sanitary Pattern Load,0.0099,Fixed
MH-0146,Sanitary Pattern Load,0.0297,Fixed
MH-0545,Sanitary Pattern Load,0.0892,Fixed
MH-1421,Sanitary Pattern Load,0.0099,Fixed
MH-1684,Sanitary Pattern Load,0.0099,Fixed
MH-1712,Sanitary Pattern Load,0.0099,Fixed
MH-0819,Sanitary Pattern Load,0.0496,Fixed
MH-0149,Sanitary Pattern Load,0.0198,Fixed
MH-1674,Sanitary Pattern Load,0.0198,Fixed
MH-0960,Sanitary Pattern Load,0.0099,Fixed
MH-0740,Sanitary Pattern Load,0.0297,Fixed
MH-0791,Sanitary Pattern Load,0.0694,Fixed
MH-0635,Sanitary Pattern Load,0.0198,Fixed
MH-0359,Sanitary Pattern Load,0.0397,Fixed
MH-0148,Sanitary Pattern Load,0.0793,Fixed
MH-0268,Sanitary Pattern Load,0.0099,Fixed
MH-0263,Sanitary Pattern Load,0.0099,Fixed
MH-1047,Sanitary Pattern Load,0.0397,Fixed
MH-0091,Sanitary Pattern Load,0.0297,Fixed
MH-0018,Sanitary Pattern Load,0.0496,Fixed
MH-0024,Sanitary Pattern Load,0.0397,Fixed
MH-0029,Sanitary Pattern Load,0.0198,Fixed
MH-0035,Sanitary Pattern Load,0.0397,Fixed
MH-0044,Sanitary Pattern Load,0.0297,Fixed
MH-0050,Sanitary Pattern Load,0.0099,Fixed
MH-0051,Sanitary Pattern Load,0.0099,Fixed
MH-1277,Sanitary Pattern Load,0.0297,Fixed
MH-1480,Sanitary Pattern Load,0.0099,Fixed
MH-1492,Sanitary Pattern Load,0.0595,Fixed
MH-1503,Sanitary Pattern Load,0.0099,Fixed
MH-1309,Sanitary Pattern Load,0.0198,Fixed
MH-1068,Sanitary Pattern Load,0.0397,Fixed
MH-1387,Sanitary Pattern Load,0.0099,Fixed
MH-1408,Sanitary Pattern Load,0.0099,Fixed
MH-1217,Sanitary Pattern Load,0.0099,Fixed
MH-1011,Sanitary Pattern Load,0.0496,Fixed
MH-0993,Sanitary Pattern Load,0.0595,Fixed
MH-0932,Sanitary Pattern Load,0.0099,Fixed
MH-1072,Sanitary Pattern Load,0.0496,Fixed
MH-0645,Sanitary Pattern Load,0.0297,Fixed
MH-0427,Sanitary Pattern Load,0.0099,Fixed
MH-0499,Sanitary Pattern Load,0.0198,Fixed
MH-0266,Sanitary Pattern Load,0.0297,Fixed
MH-0106,Sanitary Pattern Load,0.0595,Fixed
MH-0134,Sanitary Pattern Load,0.0397,Fixed
MH-0064,Sanitary Pattern Load,0.0397,Fixed
MH-0070,Sanitary Pattern Load,0.0397,Fixed
MH-1533,Sanitary Pattern Load,0.0198,Fixed
MH-1573,Sanitary Pattern Load,0.0198,Fixed
MH-1690,Sanitary Pattern Load,0.0397,Fixed
MH-1631,Sanitary Pattern Load,0.0397,Fixed
MH-1568,Sanitary Pattern Load,0.0397,Fixed
MH-1600,Sanitary Pattern Load,0.0099,Fixed
MH-1112,Sanitary Pattern Load,0.0496,Fixed
MH-1081,Sanitary Pattern Load,0.0892,Fixed
MH-0657,Sanitary Pattern Load,0.0198,Fixed
MH-0788,Sanitary Pattern Load,0.0397,Fixed
MH-0874,Sanitary Pattern Load,0.1289,Fixed
MH-0392,Sanitary Pattern Load,0.0297,Fixed
MH-0376,Sanitary Pattern Load,0.0099,Fixed
MH-0382,Sanitary Pattern Load,0.0397,Fixed
MH-0214,Sanitary Pattern Load,0.0892,Fixed
MH-0205,Sanitary Pattern Load,0.0198,Fixed
MH-0114,Sanitary Pattern Load,0.0991,Fixed
MH-0346,Sanitary Pattern Load,0.0099,Fixed
