SET_ID,W10_SID,NAME,TOWN,SYSTEM,WORKS,ALT_SYS,BOTH,DEC_RULE,WHY,M_PER_PRP,M_PER_M3D,BREAK_M,MARGIN_M,EXCL_KM,N_PLOT,N_PROP,POP,Q_ADF_M3D,N_OUTBND,KM_CORE,KM_BUILT,REMOTE,PKG_OK,MARG_KM,LIFT_M,N_LIFT,PENDING,CONFIDENCE,STAGE
S005,5,-,,central,central STP,onsite,0,ZERO-LOAD,"no wastewater load at all under the current land-use classification, so the cost test has no denominator. inside the 25 km of G201 p80 and 0 exclusive metres - it connects at no marginal cost",-1.0,-1.0,20.0,,0.0,1,0.0,0.0,0.0,1,3.249,3.437,1,0,0.0,0.0,0,"zero load: land-use classification. The GIS expert's treated data decides whether these plots are vacant or misclassified; if they carry load, re-run S1",provisional,S1
S011,11,-,,central,central STP,onsite,0,ZERO-LOAD,"no wastewater load at all under the current land-use classification, so the cost test has no denominator. inside the 25 km of G201 p80 and 0 exclusive metres - it connects at no marginal cost",-1.0,-1.0,20.0,,0.0,1,0.0,0.0,0.0,0,1.691,3.98,1,0,0.0,0.0,0,"zero load: land-use classification. The GIS expert's treated data decides whether these plots are vacant or misclassified; if they carry load, re-run S1",provisional,S1
S012,12,-,,central,central STP,onsite,0,ZERO-LOAD,"no wastewater load at all under the current land-use classification, so the cost test has no denominator. inside the 25 km of G201 p80 and 0 exclusive metres - it connects at no marginal cost",-1.0,-1.0,20.0,,0.0,3,0.0,0.0,0.0,0,1.276,3.334,1,0,0.202,0.0,0,"zero load: land-use classification. The GIS expert's treated data decides whether these plots are vacant or misclassified; if they carry load, re-run S1",provisional,S1
S021,21,-,,central,central STP,onsite,0,ZERO-LOAD,"no wastewater load at all under the current land-use classification, so the cost test has no denominator. inside the 25 km of G201 p80 and 0 exclusive metres - it connects at no marginal cost",-1.0,-1.0,20.0,,0.0,1,0.0,0.0,0.0,0,1.058,7.256,1,0,0.319,29.5,1,"zero load: land-use classification. The GIS expert's treated data decides whether these plots are vacant or misclassified; if they carry load, re-run S1",provisional,S1
S024,24,-,,central,central STP,onsite,0,ZERO-LOAD,"no wastewater load at all under the current land-use classification, so the cost test has no denominator. inside the 25 km of G201 p80 and 0 exclusive metres - it connects at no marginal cost",-1.0,-1.0,20.0,,0.0,1,0.0,0.0,0.0,0,6.338,13.627,1,0,0.0,0.0,0,"zero load: land-use classification. The GIS expert's treated data decides whether these plots are vacant or misclassified; if they carry load, re-run S1",provisional,S1
S030,30,-,,central,central STP,onsite,0,ZERO-LOAD,"no wastewater load at all under the current land-use classification, so the cost test has no denominator. inside the 25 km of G201 p80 and 0 exclusive metres - it connects at no marginal cost",-1.0,-1.0,20.0,,0.0,1,0.0,0.0,0.0,0,0.947,1.891,1,0,0.0,0.0,0,"zero load: land-use classification. The GIS expert's treated data decides whether these plots are vacant or misclassified; if they carry load, re-run S1",provisional,S1
S046,46,TANAM,TANAM,central,central STP,onsite,0,ZERO-LOAD,"no wastewater load at all under the current land-use classification, so the cost test has no denominator. inside the 25 km of G201 p80 and 0 exclusive metres - it connects at no marginal cost",-1.0,-1.0,20.0,,0.0,2,0.0,0.0,0.0,0,1.892,4.204,1,0,0.0,0.0,0,"zero load: land-use classification. The GIS expert's treated data decides whether these plots are vacant or misclassified; if they carry load, re-run S1",provisional,S1
S039,39,AL MAKHTIBYAH,AL MAKHTIBYAH,central,central STP,onsite,0,ZERO-LOAD,"no wastewater load at all under the current land-use classification, so the cost test has no denominator. inside the 25 km of G201 p80 and 0 exclusive metres - it connects at no marginal cost",-1.0,-1.0,20.0,,0.0,1,0.0,0.0,0.0,0,1.744,3.735,1,0,0.0,0.0,0,"zero load: land-use classification. The GIS expert's treated data decides whether these plots are vacant or misclassified; if they carry load, re-run S1",provisional,S1
S063,63,-,,central,central STP,onsite,0,ZERO-LOAD,"no wastewater load at all under the current land-use classification, so the cost test has no denominator. inside the 25 km of G201 p80 and 0 exclusive metres - it connects at no marginal cost",-1.0,-1.0,20.0,,0.0,1,0.0,0.0,0.0,0,0.124,5.05,1,0,0.0,0.0,0,"zero load: land-use classification. The GIS expert's treated data decides whether these plots are vacant or misclassified; if they carry load, re-run S1",provisional,S1
S044,44,-,,central,central STP,onsite,0,ZERO-LOAD,"no wastewater load at all under the current land-use classification, so the cost test has no denominator. inside the 25 km of G201 p80 and 0 exclusive metres - it connects at no marginal cost",-1.0,-1.0,20.0,,0.0,1,0.0,0.0,0.0,0,0.247,0.2,1,0,0.0,0.0,0,"zero load: land-use classification. The GIS expert's treated data decides whether these plots are vacant or misclassified; if they carry load, re-run S1",provisional,S1
S108,108,AL ARAQI,AL ARAQI,central,central STP,onsite,0,ZERO-LOAD,"no wastewater load at all under the current land-use classification, so the cost test has no denominator. inside the 25 km of G201 p80 and 0 exclusive metres - it connects at no marginal cost",-1.0,-1.0,20.0,,0.0,1,0.0,0.0,0.0,0,0.133,1.246,1,0,0.0,0.0,0,"zero load: land-use classification. The GIS expert's treated data decides whether these plots are vacant or misclassified; if they carry load, re-run S1",provisional,S1
S104,104,AL ARAQI,AL ARAQI,central,central STP,onsite,0,ZERO-LOAD,"no wastewater load at all under the current land-use classification, so the cost test has no denominator. inside the 25 km of G201 p80 and 0 exclusive metres - it connects at no marginal cost",-1.0,-1.0,20.0,,0.0,1,0.0,0.0,0.0,0,0.174,2.816,1,0,0.0,0.0,0,"zero load: land-use classification. The GIS expert's treated data decides whether these plots are vacant or misclassified; if they carry load, re-run S1",provisional,S1
S120,120,-,,central,central STP,onsite,0,ZERO-LOAD,"no wastewater load at all under the current land-use classification, so the cost test has no denominator. inside the 25 km of G201 p80 and 0 exclusive metres - it connects at no marginal cost",-1.0,-1.0,20.0,,0.0,2,0.0,0.0,0.0,0,0.538,8.429,1,0,0.0,0.0,0,"zero load: land-use classification. The GIS expert's treated data decides whether these plots are vacant or misclassified; if they carry load, re-run S1",provisional,S1
S118,118,AL ARAQI,AL ARAQI,central,central STP,onsite,0,ZERO-LOAD,"no wastewater load at all under the current land-use classification, so the cost test has no denominator. inside the 25 km of G201 p80 and 0 exclusive metres - it connects at no marginal cost",-1.0,-1.0,20.0,,0.0,1,0.0,0.0,0.0,0,0.567,6.787,1,0,0.0,0.0,0,"zero load: land-use classification. The GIS expert's treated data decides whether these plots are vacant or misclassified; if they carry load, re-run S1",provisional,S1
S086,86,AD DIBAYSHI,AD DIBAYSHI,central,central STP,onsite,0,ZERO-LOAD,"no wastewater load at all under the current land-use classification, so the cost test has no denominator. inside the 25 km of G201 p80 and 0 exclusive metres - it connects at no marginal cost",-1.0,-1.0,20.0,,0.0,1,0.0,0.0,0.0,0,0.138,1.456,1,0,0.0,0.0,0,"zero load: land-use classification. The GIS expert's treated data decides whether these plots are vacant or misclassified; if they carry load, re-run S1",provisional,S1
S085,85,AD DIBAYSHI,AD DIBAYSHI,central,central STP,onsite,0,ZERO-LOAD,"no wastewater load at all under the current land-use classification, so the cost test has no denominator. inside the 25 km of G201 p80 and 0 exclusive metres - it connects at no marginal cost",-1.0,-1.0,20.0,,0.0,1,0.0,0.0,0.0,0,0.302,1.537,1,0,0.0,0.0,0,"zero load: land-use classification. The GIS expert's treated data decides whether these plots are vacant or misclassified; if they carry load, re-run S1",provisional,S1
S127,127,-,,central,central STP,onsite,0,ZERO-LOAD,"no wastewater load at all under the current land-use classification, so the cost test has no denominator. inside the 25 km of G201 p80 and 0 exclusive metres - it connects at no marginal cost",-1.0,-1.0,20.0,,0.0,1,0.0,0.0,0.0,0,1.802,8.232,1,0,0.0,0.0,0,"zero load: land-use classification. The GIS expert's treated data decides whether these plots are vacant or misclassified; if they carry load, re-run S1",provisional,S1
S125,125,-,,central,central STP,onsite,0,ZERO-LOAD,"no wastewater load at all under the current land-use classification, so the cost test has no denominator. inside the 25 km of G201 p80 and 0 exclusive metres - it connects at no marginal cost",-1.0,-1.0,20.0,,0.0,2,0.0,0.0,0.0,2,1.841,10.481,1,0,0.0,0.0,0,"zero load: land-use classification. The GIS expert's treated data decides whether these plots are vacant or misclassified; if they carry load, re-run S1",provisional,S1
S117,117,AL AYNAYN,AL AYNAYN,central,central STP,onsite,0,ZERO-LOAD,"no wastewater load at all under the current land-use classification, so the cost test has no denominator. inside the 25 km of G201 p80 and 0 exclusive metres - it connects at no marginal cost",-1.0,-1.0,20.0,,0.0,2,0.0,0.0,0.0,0,0.374,8.049,1,0,0.0,0.0,0,"zero load: land-use classification. The GIS expert's treated data decides whether these plots are vacant or misclassified; if they carry load, re-run S1",provisional,S1
S114,114,AL JIBAYYAH,AL JIBAYYAH,central,central STP,onsite,0,ZERO-LOAD,"no wastewater load at all under the current land-use classification, so the cost test has no denominator. inside the 25 km of G201 p80 and 0 exclusive metres - it connects at no marginal cost",-1.0,-1.0,20.0,,0.0,6,0.0,0.0,0.0,0,0.151,4.5,1,0,0.0,0.0,0,"zero load: land-use classification. The GIS expert's treated data decides whether these plots are vacant or misclassified; if they carry load, re-run S1",provisional,S1
S097,97,-,,central,central STP,onsite,0,ZERO-LOAD,"no wastewater load at all under the current land-use classification, so the cost test has no denominator. inside the 25 km of G201 p80 and 0 exclusive metres - it connects at no marginal cost",-1.0,-1.0,20.0,,0.0,1,0.0,0.0,0.0,0,0.297,2.631,1,0,0.0,0.0,0,"zero load: land-use classification. The GIS expert's treated data decides whether these plots are vacant or misclassified; if they carry load, re-run S1",provisional,S1
S109,109,AL ARAQI,AL ARAQI,central,central STP,onsite,0,ZERO-LOAD,"no wastewater load at all under the current land-use classification, so the cost test has no denominator. inside the 25 km of G201 p80 and 0 exclusive metres - it connects at no marginal cost",-1.0,-1.0,20.0,,0.0,1,0.0,0.0,0.0,0,0.372,2.941,1,0,0.0,0.0,0,"zero load: land-use classification. The GIS expert's treated data decides whether these plots are vacant or misclassified; if they carry load, re-run S1",provisional,S1
S164,164,SUWAYDA AL MA,SUWAYDA AL MA,central,central STP,onsite,0,ZERO-LOAD,"no wastewater load at all under the current land-use classification, so the cost test has no denominator. inside the 25 km of G201 p80 and 0 exclusive metres - it connects at no marginal cost",-1.0,-1.0,20.0,,0.0,1,0.0,0.0,0.0,0,0.122,18.232,1,0,0.19,0.0,0,"zero load: land-use classification. The GIS expert's treated data decides whether these plots are vacant or misclassified; if they carry load, re-run S1",provisional,S1
S162,162,SUWAYDA AL MA,SUWAYDA AL MA,central,central STP,onsite,0,ZERO-LOAD,"no wastewater load at all under the current land-use classification, so the cost test has no denominator. inside the 25 km of G201 p80 and 0 exclusive metres - it connects at no marginal cost",-1.0,-1.0,20.0,,0.0,1,0.0,0.0,0.0,0,0.133,18.893,1,0,0.0,0.0,0,"zero load: land-use classification. The GIS expert's treated data decides whether these plots are vacant or misclassified; if they carry load, re-run S1",provisional,S1
S145,145,-,,central,central STP,onsite,0,ZERO-LOAD,"no wastewater load at all under the current land-use classification, so the cost test has no denominator. inside the 25 km of G201 p80 and 0 exclusive metres - it connects at no marginal cost",-1.0,-1.0,20.0,,0.0,1,0.0,0.0,0.0,0,4.501,14.266,1,0,0.0,0.0,0,"zero load: land-use classification. The GIS expert's treated data decides whether these plots are vacant or misclassified; if they carry load, re-run S1",provisional,S1
S147,147,SUWAYDA AL MA,SUWAYDA AL MA,central,central STP,onsite,0,ZERO-LOAD,"no wastewater load at all under the current land-use classification, so the cost test has no denominator. inside the 25 km of G201 p80 and 0 exclusive metres - it connects at no marginal cost",-1.0,-1.0,20.0,,0.0,2,0.0,0.0,0.0,0,0.127,15.145,1,0,0.0,0.0,0,"zero load: land-use classification. The GIS expert's treated data decides whether these plots are vacant or misclassified; if they carry load, re-run S1",provisional,S1
S148,148,SUWAYDA AL MA,SUWAYDA AL MA,central,central STP,onsite,0,ZERO-LOAD,"no wastewater load at all under the current land-use classification, so the cost test has no denominator. inside the 25 km of G201 p80 and 0 exclusive metres - it connects at no marginal cost",-1.0,-1.0,20.0,,0.0,1,0.0,0.0,0.0,0,0.272,14.992,1,0,0.0,0.0,0,"zero load: land-use classification. The GIS expert's treated data decides whether these plots are vacant or misclassified; if they carry load, re-run S1",provisional,S1
S153,153,SUWAYDA AL MA,SUWAYDA AL MA,central,central STP,onsite,0,ZERO-LOAD,"no wastewater load at all under the current land-use classification, so the cost test has no denominator. inside the 25 km of G201 p80 and 0 exclusive metres - it connects at no marginal cost",-1.0,-1.0,20.0,,0.0,1,0.0,0.0,0.0,0,0.609,17.667,1,0,0.0,0.0,0,"zero load: land-use classification. The GIS expert's treated data decides whether these plots are vacant or misclassified; if they carry load, re-run S1",provisional,S1
S155,155,SUWAYDA AL MA,SUWAYDA AL MA,central,central STP,onsite,0,ZERO-LOAD,"no wastewater load at all under the current land-use classification, so the cost test has no denominator. inside the 25 km of G201 p80 and 0 exclusive metres - it connects at no marginal cost",-1.0,-1.0,20.0,,0.0,1,0.0,0.0,0.0,0,0.448,16.833,1,0,0.447,0.0,0,"zero load: land-use classification. The GIS expert's treated data decides whether these plots are vacant or misclassified; if they carry load, re-run S1",provisional,S1
S138,138,AL JIBAYYAH,AL JIBAYYAH,central,central STP,onsite,0,ZERO-LOAD,"no wastewater load at all under the current land-use classification, so the cost test has no denominator. inside the 25 km of G201 p80 and 0 exclusive metres - it connects at no marginal cost",-1.0,-1.0,20.0,,0.0,1,0.0,0.0,0.0,0,0.348,11.323,1,0,0.0,0.0,0,"zero load: land-use classification. The GIS expert's treated data decides whether these plots are vacant or misclassified; if they carry load, re-run S1",provisional,S1
S141,141,AL WAHRAH,AL WAHRAH,central,central STP,onsite,0,ZERO-LOAD,"no wastewater load at all under the current land-use classification, so the cost test has no denominator. inside the 25 km of G201 p80 and 0 exclusive metres - it connects at no marginal cost",-1.0,-1.0,20.0,,0.0,1,0.0,0.0,0.0,0,3.234,12.927,1,0,0.0,0.0,0,"zero load: land-use classification. The GIS expert's treated data decides whether these plots are vacant or misclassified; if they carry load, re-run S1",provisional,S1
S140,140,AL JIBAYYAH,AL JIBAYYAH,central,central STP,onsite,0,ZERO-LOAD,"no wastewater load at all under the current land-use classification, so the cost test has no denominator. inside the 25 km of G201 p80 and 0 exclusive metres - it connects at no marginal cost",-1.0,-1.0,20.0,,0.0,1,0.0,0.0,0.0,0,0.238,12.842,1,0,0.0,0.0,0,"zero load: land-use classification. The GIS expert's treated data decides whether these plots are vacant or misclassified; if they carry load, re-run S1",provisional,S1
S163,163,SUWAYDA AL MA,SUWAYDA AL MA,central,central STP,onsite,0,ZERO-LOAD,"no wastewater load at all under the current land-use classification, so the cost test has no denominator. inside the 25 km of G201 p80 and 0 exclusive metres - it connects at no marginal cost",-1.0,-1.0,20.0,,0.0,1,0.0,0.0,0.0,0,0.176,18.57,1,0,0.0,0.0,0,"zero load: land-use classification. The GIS expert's treated data decides whether these plots are vacant or misclassified; if they carry load, re-run S1",provisional,S1
S061,61,AD DIBAYSHI,AD DIBAYSHI,central,central STP,onsite,0,COST,"0.0 m of exclusive sewer per property, under the measured 20 m break - cheaper to connect than to run a septic/tanker service for 1 properties",0.0,0.0,20.0,-20.0,0.0,1,1.456,7.746,1.08,0,0.125,0.0,1,0,0.0,0.0,0,,derived,S1
S062,62,AD DIBAYSHI,AD DIBAYSHI,central,central STP,onsite,0,COST,"0.0 m of exclusive sewer per property, under the measured 20 m break - cheaper to connect than to run a septic/tanker service for 1 properties",0.0,0.0,20.0,-20.0,0.0,1,1.456,7.746,1.08,0,0.159,0.331,1,0,0.0,0.0,0,,derived,S1
S052,52,TANAM,TANAM,central,central STP,onsite,0,COST,"0.0 m of exclusive sewer per property, under the measured 20 m break - cheaper to connect than to run a septic/tanker service for 1 properties",0.0,0.0,20.0,-20.0,0.0,1,1.0,5.32,0.742,0,1.316,3.784,1,0,0.0,0.0,0,,derived,S1
S050,50,AL MAKHTIBYAH,AL MAKHTIBYAH,central,central STP,onsite,0,COST,"0.0 m of exclusive sewer per property, under the measured 20 m break - cheaper to connect than to run a septic/tanker service for 2 properties",0.0,0.0,20.0,-20.0,0.0,2,2.0,10.64,1.483,0,0.879,1.339,1,0,0.0,0.0,0,,derived,S1
S060,60,AL MAKHTIBYAH,AL MAKHTIBYAH,central,central STP,onsite,0,COST,"0.0 m of exclusive sewer per property, under the measured 20 m break - cheaper to connect than to run a septic/tanker service for 3 properties",0.0,0.0,20.0,-20.0,0.0,3,3.0,15.96,2.225,0,0.172,0.866,1,0,0.0,0.0,0,,derived,S1
S049,49,AL MAKHTIBYAH,AL MAKHTIBYAH,central,central STP,onsite,0,COST,"0.0 m of exclusive sewer per property, under the measured 20 m break - cheaper to connect than to run a septic/tanker service for 1 properties",0.0,0.0,20.0,-20.0,0.0,1,1.0,5.32,0.742,0,1.021,3.074,1,0,0.0,0.0,0,,derived,S1
S045,45,-,,central,central STP,onsite,0,COST,"0.0 m of exclusive sewer per property, under the measured 20 m break - cheaper to connect than to run a septic/tanker service for 1 properties",0.0,0.0,20.0,-20.0,0.0,3,1.456,7.746,1.08,0,0.135,2.354,1,0,0.0,0.0,0,,derived,S1
S059,59,TANAM,TANAM,central,central STP,satellite,0,COST,"0.0 m of exclusive sewer per property, under the measured 20 m break - cheaper to connect than to run a package plant for 11 properties",0.0,0.0,20.0,-20.0,0.0,11,11.0,58.52,8.158,0,0.674,3.166,1,1,0.0,0.0,0,,derived,S1
S057,57,TANAM,TANAM,central,central STP,onsite,0,COST,"0.0 m of exclusive sewer per property, under the measured 20 m break - cheaper to connect than to run a septic/tanker service for 1 properties",0.0,0.0,20.0,-20.0,0.0,1,1.0,5.32,0.742,0,1.58,4.06,1,0,0.0,0.0,0,,derived,S1
S058,58,TANAM,TANAM,central,central STP,onsite,0,COST,"0.0 m of exclusive sewer per property, under the measured 20 m break - cheaper to connect than to run a septic/tanker service for 4 properties",0.0,0.0,20.0,-20.0,0.0,4,4.0,21.28,2.966,0,0.949,3.442,1,0,0.0,0.0,0,,derived,S1
S103,103,-,,central,central STP,onsite,0,COST,"0.0 m of exclusive sewer per property, under the measured 20 m break - cheaper to connect than to run a septic/tanker service for 1 properties",0.0,0.0,20.0,-20.0,0.0,1,1.0,5.32,0.742,0,0.465,3.404,1,0,0.0,0.0,0,,derived,S1
S102,102,AL SULAIF,,central,central STP,onsite,0,COST,"0.0 m of exclusive sewer per property, under the measured 20 m break - cheaper to connect than to run a septic/tanker service for 1 properties",0.0,0.0,20.0,-20.0,0.0,1,1.456,7.746,1.08,0,0.3,2.853,1,0,0.0,0.0,0,,derived,S1
S096,96,AL SULAIF,AD DIBAYSHI,central,central STP,onsite,0,COST,"0.0 m of exclusive sewer per property, under the measured 20 m break - cheaper to connect than to run a septic/tanker service for 1 properties",0.0,0.0,20.0,-20.0,0.0,5,1.456,7.746,1.08,0,0.779,3.055,1,0,0.935,0.0,0,,derived,S1
S099,99,-,,central,central STP,onsite,0,COST,"0.0 m of exclusive sewer per property, under the measured 20 m break - cheaper to connect than to run a septic/tanker service for 1 properties",0.0,0.0,20.0,-20.0,0.0,1,1.0,5.32,0.742,0,0.445,3.144,1,0,0.0,0.0,0,,derived,S1
S100,100,IBRI,IBRI,central,central STP,onsite,0,COST,"0.0 m of exclusive sewer per property, under the measured 20 m break - cheaper to connect than to run a septic/tanker service for 1 properties",0.0,0.0,20.0,-20.0,0.0,1,1.456,7.746,1.08,0,0.131,0.254,1,0,0.0,0.0,0,,derived,S1
S066,66,TANAM,TANAM,central,central STP,onsite,0,COST,"0.0 m of exclusive sewer per property, under the measured 20 m break - cheaper to connect than to run a septic/tanker service for 1 properties",0.0,0.0,20.0,-20.0,0.0,1,1.0,5.32,0.742,0,0.699,3.119,1,0,0.0,0.0,0,,derived,S1
S065,65,TANAM,TANAM,central,central STP,onsite,0,COST,"0.0 m of exclusive sewer per property, under the measured 20 m break - cheaper to connect than to run a septic/tanker service for 1 properties",0.0,0.0,20.0,-20.0,0.0,1,1.0,5.32,0.742,0,0.868,3.32,1,0,0.0,0.0,0,,derived,S1
S078,78,TANAM,TANAM,central,central STP,onsite,0,COST,"0.0 m of exclusive sewer per property, under the measured 20 m break - cheaper to connect than to run a septic/tanker service for 2 properties",0.0,0.0,20.0,-20.0,0.0,2,2.0,10.64,1.483,0,0.133,1.528,1,0,0.082,0.0,0,,derived,S1
S076,76,TANAM,TANAM,central,central STP,onsite,0,COST,"0.0 m of exclusive sewer per property, under the measured 20 m break - cheaper to connect than to run a septic/tanker service for 1 properties",0.0,0.0,20.0,-20.0,0.0,1,1.0,5.32,0.742,0,0.262,1.839,1,0,0.0,0.0,0,,derived,S1
S027,27,-,,central,central STP,onsite,0,COST,"0.0 m of exclusive sewer per property, under the measured 20 m break - cheaper to connect than to run a septic/tanker service for 1 properties",0.0,0.0,20.0,-20.0,0.0,1,1.456,7.746,1.08,0,6.87,13.856,1,0,0.0,0.0,0,,derived,S1
S051,51,TANAM,TANAM,central,central STP,onsite,0,COST,"0.0 m of exclusive sewer per property, under the measured 20 m break - cheaper to connect than to run a septic/tanker service for 1 properties",0.0,0.0,20.0,-20.0,0.0,1,1.0,5.32,0.742,0,1.458,3.892,1,0,0.0,0.0,0,,derived,S1
S022,22,-,,central,central STP,onsite,0,COST,"0.0 m of exclusive sewer per property, under the measured 20 m break - cheaper to connect than to run a septic/tanker service for 1 properties",0.0,0.0,20.0,-20.0,0.0,1,1.456,7.746,1.08,0,2.661,9.668,1,0,0.0,0.0,0,,derived,S1
S017,17,-,,central,central STP,onsite,0,COST,"0.0 m of exclusive sewer per property, under the measured 20 m break - cheaper to connect than to run a septic/tanker service for 3 properties",0.0,0.0,20.0,-20.0,0.0,2,2.912,15.492,2.16,0,0.158,3.773,1,0,0.0,0.0,0,,derived,S1
S029,29,AL MAKHTIBYAH,AL MAKHTIBYAH,central,central STP,onsite,0,COST,"0.0 m of exclusive sewer per property, under the measured 20 m break - cheaper to connect than to run a septic/tanker service for 1 properties",0.0,0.0,20.0,-20.0,0.0,1,1.0,5.32,0.742,0,2.884,3.263,1,0,0.0,0.0,0,,derived,S1
S031,31,AL JAHLI,AL JAHLI,central,central STP,onsite,0,COST,"0.0 m of exclusive sewer per property, under the measured 20 m break - cheaper to connect than to run a septic/tanker service for 4 properties",0.0,0.0,20.0,-20.0,0.0,3,4.368,23.238,3.239,0,0.191,3.412,1,0,0.0,0.0,0,,derived,S1
S013,13,-,,central,central STP,onsite,0,COST,"0.0 m of exclusive sewer per property, under the measured 20 m break - cheaper to connect than to run a septic/tanker service for 1 properties",0.0,0.0,20.0,-20.0,0.0,1,1.0,5.32,0.742,0,1.986,1.92,1,0,0.0,0.0,0,,derived,S1
S010,10,-,,central,central STP,onsite,0,COST,"0.0 m of exclusive sewer per property, under the measured 20 m break - cheaper to connect than to run a septic/tanker service for 9 properties",0.0,0.0,20.0,-20.0,0.0,9,9.0,47.88,6.674,0,2.133,2.061,1,0,0.0,0.0,0,,derived,S1
S007,7,-,,central,central STP,onsite,0,COST,"0.0 m of exclusive sewer per property, under the measured 20 m break - cheaper to connect than to run a septic/tanker service for 1 properties",0.0,0.0,20.0,-20.0,0.0,1,1.456,7.746,1.08,1,2.95,3.82,1,0,0.0,0.0,0,,derived,S1
S006,6,-,,central,central STP,onsite,0,COST,"0.0 m of exclusive sewer per property, under the measured 20 m break - cheaper to connect than to run a septic/tanker service for 1 properties",0.0,0.0,20.0,-20.0,0.0,1,1.456,7.746,1.08,1,3.359,5.414,1,0,0.0,0.0,0,,derived,S1
S003,3,-,,central,central STP,onsite,0,COST,"0.0 m of exclusive sewer per property, under the measured 20 m break - cheaper to connect than to run a septic/tanker service for 3 properties",0.0,0.0,20.0,-20.0,0.0,3,3.0,15.96,2.225,3,3.809,3.757,1,0,0.0,0.0,0,,derived,S1
S000,0,AL MAKHTIBYAH,AL MAKHTIBYAH,central,central STP,onsite,0,COST,"0.0 m of exclusive sewer per property, under the measured 20 m break - cheaper to connect than to run a septic/tanker service for 3 properties",0.0,0.0,20.0,-20.0,0.0,3,3.0,15.96,2.225,0,3.197,3.632,1,0,0.0,0.0,0,,derived,S1
S124,124,AL DIREZ,SATWAH,central,central STP,onsite,0,COST,"0.0 m of exclusive sewer per property, under the measured 20 m break - cheaper to connect than to run a septic/tanker service for 1 properties",0.0,0.0,20.0,-20.0,0.0,1,1.456,7.746,1.08,0,1.725,10.232,1,0,0.0,0.0,0,,derived,S1
S122,122,AL JIBAYYAH,AL JIBAYYAH,central,central STP,onsite,0,COST,"0.0 m of exclusive sewer per property, under the measured 20 m break - cheaper to connect than to run a septic/tanker service for 2 properties",0.0,0.0,20.0,-20.0,0.0,2,2.0,10.64,1.483,0,0.129,5.042,1,0,0.0,0.0,0,,derived,S1
S115,115,AL ARAQI,AL ARAQI,central,central STP,onsite,0,COST,"0.0 m of exclusive sewer per property, under the measured 20 m break - cheaper to connect than to run a septic/tanker service for 4 properties",0.0,0.0,20.0,-20.0,0.0,3,4.368,23.238,3.239,0,0.423,6.699,1,0,0.0,0.0,0,,derived,S1
S107,107,WADI AL LETHEALAH,,central,central STP,onsite,0,COST,"0.0 m of exclusive sewer per property, under the measured 20 m break - cheaper to connect than to run a septic/tanker service for 1 properties",0.0,0.0,20.0,-20.0,0.0,1,1.456,7.746,1.08,0,0.122,0.499,1,0,0.0,0.0,0,,derived,S1
S105,105,IBRI,IBRI,central,central STP,onsite,0,COST,"0.0 m of exclusive sewer per property, under the measured 20 m break - cheaper to connect than to run a septic/tanker service for 4 properties",0.0,0.0,20.0,-20.0,0.0,2,4.434,0.0,2.499,0,0.441,2.248,1,0,0.0,0.0,0,,derived,S1
S101,101,-,,central,central STP,onsite,0,COST,"0.0 m of exclusive sewer per property, under the measured 20 m break - cheaper to connect than to run a septic/tanker service for 1 properties",0.0,0.0,20.0,-20.0,0.0,1,1.0,5.32,0.742,0,0.493,3.468,1,0,0.0,0.0,0,,derived,S1
S119,119,-,,central,central STP,onsite,0,COST,"0.0 m of exclusive sewer per property, under the measured 20 m break - cheaper to connect than to run a septic/tanker service for 1 properties",0.0,0.0,20.0,-20.0,0.0,1,1.456,7.746,1.08,0,0.607,7.142,1,0,0.0,0.0,0,,derived,S1
S112,112,-,,central,central STP,onsite,0,COST,"0.0 m of exclusive sewer per property, under the measured 20 m break - cheaper to connect than to run a septic/tanker service for 3 properties",0.0,0.0,20.0,-20.0,0.0,2,2.912,15.492,2.16,0,0.284,0.89,1,0,0.0,0.0,0,,derived,S1
S121,121,AL DIREZ,,central,central STP,onsite,0,COST,"0.0 m of exclusive sewer per property, under the measured 20 m break - cheaper to connect than to run a septic/tanker service for 1 properties",0.0,0.0,20.0,-20.0,0.0,1,1.456,7.746,1.08,1,1.107,9.756,1,0,0.0,0.0,0,,derived,S1
S126,126,AL ARAQI,AL ARAQI,central,central STP,onsite,0,COST,"0.0 m of exclusive sewer per property, under the measured 20 m break - cheaper to connect than to run a septic/tanker service for 1 properties",0.0,0.0,20.0,-20.0,0.0,1,1.456,7.746,1.08,0,0.382,6.267,1,0,0.0,0.0,0,,derived,S1
S091,91,AD DIBAYSHI,AD DIBAYSHI,central,central STP,onsite,0,COST,"0.0 m of exclusive sewer per property, under the measured 20 m break - cheaper to connect than to run a septic/tanker service for 1 properties",0.0,0.0,20.0,-20.0,0.0,1,1.0,5.32,0.742,0,0.212,1.241,1,0,0.0,0.0,0,,derived,S1
S094,94,-,,central,central STP,onsite,0,COST,"0.0 m of exclusive sewer per property, under the measured 20 m break - cheaper to connect than to run a septic/tanker service for 1 properties",0.0,0.0,20.0,-20.0,0.0,1,1.0,5.32,0.742,0,3.18,5.094,1,0,0.0,0.0,0,,derived,S1
S073,73,TANAM,TANAM,central,central STP,onsite,0,COST,"0.0 m of exclusive sewer per property, under the measured 20 m break - cheaper to connect than to run a septic/tanker service for 8 properties",0.0,0.0,20.0,-20.0,0.0,8,8.0,42.56,5.933,0,0.778,2.656,1,0,0.0,0.0,0,,derived,S1
S084,84,AD DIBAYSHI,AD DIBAYSHI,central,central STP,onsite,0,COST,"0.0 m of exclusive sewer per property, under the measured 20 m break - cheaper to connect than to run a septic/tanker service for 1 properties",0.0,0.0,20.0,-20.0,0.0,1,1.456,7.746,1.08,0,0.426,1.686,1,0,0.0,0.0,0,,derived,S1
S072,72,TANAM,TANAM,central,central STP,onsite,0,COST,"0.0 m of exclusive sewer per property, under the measured 20 m break - cheaper to connect than to run a septic/tanker service for 2 properties",0.0,0.0,20.0,-20.0,0.0,2,2.0,10.64,1.483,0,1.986,4.369,1,0,0.0,0.0,0,,derived,S1
S123,123,AL JIBAYYAH,AL JIBAYYAH,central,central STP,onsite,0,COST,"0.0 m of exclusive sewer per property, under the measured 20 m break - cheaper to connect than to run a septic/tanker service for 1 properties",0.0,0.0,20.0,-20.0,0.0,1,1.0,5.32,0.742,0,0.164,5.232,1,0,0.0,0.0,0,,derived,S1
S089,89,TANAM,TANAM,central,central STP,onsite,0,COST,"0.0 m of exclusive sewer per property, under the measured 20 m break - cheaper to connect than to run a septic/tanker service for 1 properties",0.0,0.0,20.0,-20.0,0.0,1,1.0,5.32,0.742,0,2.21,4.108,1,0,0.0,0.0,0,,derived,S1
S090,90,TANAM,TANAM,central,central STP,satellite,0,COST,"0.0 m of exclusive sewer per property, under the measured 20 m break - cheaper to connect than to run a package plant for 10 properties",0.0,0.0,20.0,-20.0,0.0,10,10.0,53.2,7.416,0,3.122,5.265,1,1,0.0,0.0,0,,derived,S1
S070,70,AL DUBAYSHI,AD DIBAYSHI,central,central STP,onsite,0,COST,"0.0 m of exclusive sewer per property, under the measured 20 m break - cheaper to connect than to run a septic/tanker service for 2 properties",0.0,0.0,20.0,-20.0,0.0,2,2.0,10.64,1.483,0,0.126,0.484,1,0,0.0,0.0,0,,derived,S1
S071,71,TANAM,TANAM,central,central STP,onsite,0,COST,"0.0 m of exclusive sewer per property, under the measured 20 m break - cheaper to connect than to run a septic/tanker service for 1 properties",0.0,0.0,20.0,-20.0,0.0,1,1.0,5.32,0.742,0,2.049,4.477,1,0,0.0,0.0,0,,derived,S1
S111,111,-,,central,central STP,onsite,0,COST,"0.0 m of exclusive sewer per property, under the measured 20 m break - cheaper to connect than to run a septic/tanker service for 1 properties",0.0,0.0,20.0,-20.0,0.0,2,1.456,7.746,1.08,0,0.512,0.539,1,0,0.223,13.4,1,,derived,S1
S178,178,-,,central,central STP,onsite,0,COST,"0.0 m of exclusive sewer per property, under the measured 20 m break - cheaper to connect than to run a septic/tanker service for 1 properties",0.0,0.0,20.0,-20.0,0.0,1,1.456,7.746,1.08,0,9.69,21.575,1,0,0.0,0.0,0,,derived,S1
S177,177,-,,central,central STP,onsite,0,COST,"0.0 m of exclusive sewer per property, under the measured 20 m break - cheaper to connect than to run a septic/tanker service for 2 properties",0.0,0.0,20.0,-20.0,0.0,1,1.53,0.0,5.096,0,9.156,22.495,1,0,0.0,0.0,0,,derived,S1
S172,172,-,,central,central STP,onsite,0,COST,"0.0 m of exclusive sewer per property, under the measured 20 m break - cheaper to connect than to run a septic/tanker service for 1 properties",0.0,0.0,20.0,-20.0,0.0,1,1.456,7.746,1.08,0,8.624,19.323,1,0,0.0,0.0,0,,derived,S1
S168,168,-,,central,central STP,onsite,0,COST,"0.0 m of exclusive sewer per property, under the measured 20 m break - cheaper to connect than to run a septic/tanker service for 1 properties",0.0,0.0,20.0,-20.0,0.0,1,1.456,7.746,1.08,0,8.841,20.117,1,0,0.0,0.0,0,,derived,S1
S169,169,AL WAHRAH,,central,central STP,onsite,0,COST,"0.0 m of exclusive sewer per property, under the measured 20 m break - cheaper to connect than to run a septic/tanker service for 1 properties",0.0,0.0,20.0,-20.0,0.0,1,1.456,7.746,1.08,0,8.548,19.687,1,0,0.0,0.0,0,,derived,S1
S181,181,BAT,BAT,central,central STP,satellite,1,PHIL-8a,"BAT: 2,236 properties, 1,753 m3/d, 20-24 km from the built network. The cost test says connect (17.6 m/property, under the break), but at 1,753 m3/d it is above every decentralised ceiling in the guidelines (G201 p83 and G203 p96 both stop at 5,000 pe / ~750 m3/d), so its local option is a small conventional works. Philosophy sec 8a: carry BOTH - conveyance and a satellite works - into the options appraisal",0.0,0.0,20.0,-20.0,0.0,1,1.456,7.746,1.08,0,8.393,23.021,1,0,0.0,0.0,0,BOTH options carried to the options appraisal: 10 km of conveyance versus a local works. Deciding it here would pre-empt the appraisal (philosophy sec 8a),provisional,S1
S180,180,-,,central,central STP,onsite,0,COST,"0.0 m of exclusive sewer per property, under the measured 20 m break - cheaper to connect than to run a septic/tanker service for 1 properties",0.0,0.0,20.0,-20.0,0.0,1,1.456,7.746,1.08,1,8.179,24.423,1,0,0.0,0.0,0,,derived,S1
S182,182,BAT,BAT,central,central STP,satellite,1,PHIL-8a,"BAT: 2,236 properties, 1,753 m3/d, 20-24 km from the built network. The cost test says connect (17.6 m/property, under the break), but at 1,753 m3/d it is above every decentralised ceiling in the guidelines (G201 p83 and G203 p96 both stop at 5,000 pe / ~750 m3/d), so its local option is a small conventional works. Philosophy sec 8a: carry BOTH - conveyance and a satellite works - into the options appraisal",0.0,0.0,20.0,-20.0,0.0,2,3.06,0.0,10.193,0,8.551,22.945,1,0,0.0,0.0,0,BOTH options carried to the options appraisal: 10 km of conveyance versus a local works. Deciding it here would pre-empt the appraisal (philosophy sec 8a),provisional,S1
S170,170,-,,central,central STP,onsite,0,COST,"0.0 m of exclusive sewer per property, under the measured 20 m break - cheaper to connect than to run a septic/tanker service for 1 properties",0.0,0.0,20.0,-20.0,0.0,1,1.456,7.746,1.08,0,9.177,20.312,1,0,0.0,0.0,0,,derived,S1
S171,171,AL WAHRAH,,central,central STP,onsite,0,COST,"0.0 m of exclusive sewer per property, under the measured 20 m break - cheaper to connect than to run a septic/tanker service for 4 properties",0.0,0.0,20.0,-20.0,0.0,4,4.368,23.238,3.239,0,8.905,19.928,1,0,0.0,0.0,0,,derived,S1
S183,183,-,,central,central STP,onsite,0,COST,"0.0 m of exclusive sewer per property, under the measured 20 m break - cheaper to connect than to run a septic/tanker service for 2 properties",0.0,0.0,20.0,-20.0,0.0,1,1.53,0.0,5.096,0,9.287,22.725,1,0,0.0,0.0,0,,derived,S1
S132,132,AD DARIZ,AD DARIZ,central,central STP,onsite,0,COST,"0.0 m of exclusive sewer per property, under the measured 20 m break - cheaper to connect than to run a septic/tanker service for 3 properties",0.0,0.0,20.0,-20.0,0.0,2,2.912,15.492,2.16,0,4.4,12.633,1,0,0.404,0.0,0,,derived,S1
S130,130,AT TAYYIB,AT TAYYIB,central,central STP,onsite,0,COST,"0.0 m of exclusive sewer per property, under the measured 20 m break - cheaper to connect than to run a septic/tanker service for 1 properties",0.0,0.0,20.0,-20.0,0.0,1,1.456,7.746,1.08,0,0.163,6.346,1,0,0.0,0.0,0,,derived,S1
S129,129,AT TAYYIB,AT TAYYIB,central,central STP,onsite,0,COST,"0.0 m of exclusive sewer per property, under the measured 20 m break - cheaper to connect than to run a septic/tanker service for 1 properties",0.0,0.0,20.0,-20.0,0.0,1,1.456,7.746,1.08,0,0.221,6.18,1,0,0.0,0.0,0,,derived,S1
S161,161,SUWAYDA AL MA,SUWAYDA AL MA,central,central STP,onsite,0,COST,"0.0 m of exclusive sewer per property, under the measured 20 m break - cheaper to connect than to run a septic/tanker service for 1 properties",0.0,0.0,20.0,-20.0,0.0,1,1.0,0.0,0.564,0,0.238,19.944,1,0,0.0,0.0,0,,derived,S1
S160,160,AL WAHRAH,AL WAHRAH,central,central STP,onsite,0,COST,"0.0 m of exclusive sewer per property, under the measured 20 m break - cheaper to connect than to run a septic/tanker service for 8 properties",0.0,0.0,20.0,-20.0,0.0,6,7.824,41.624,5.802,0,7.812,17.65,1,0,0.0,0.0,0,,derived,S1
S166,166,AL GHUBAYRAH,AL GHUBAYRAH,central,central STP,onsite,0,COST,"0.0 m of exclusive sewer per property, under the measured 20 m break - cheaper to connect than to run a septic/tanker service for 3 properties",0.0,0.0,20.0,-20.0,0.0,2,3.0,15.96,2.225,0,8.901,20.674,1,0,0.0,0.0,0,,derived,S1
S154,154,SUWAYDA AL MA,SUWAYDA AL MA,central,central STP,onsite,0,COST,"0.0 m of exclusive sewer per property, under the measured 20 m break - cheaper to connect than to run a septic/tanker service for 3 properties",0.0,0.0,20.0,-20.0,0.0,5,3.456,18.386,2.563,0,0.414,15.711,1,0,0.0,0.0,0,,derived,S1
S157,157,SUWAYDA AL MA,SUWAYDA AL MA,central,central STP,onsite,0,COST,"0.0 m of exclusive sewer per property, under the measured 20 m break - cheaper to connect than to run a septic/tanker service for 2 properties",0.0,0.0,20.0,-20.0,0.0,2,2.456,13.066,1.821,0,0.888,15.539,1,0,0.0,0.0,0,,derived,S1
S144,144,AL DIREZ,ASH SHIAB,central,central STP,onsite,0,COST,"0.0 m of exclusive sewer per property, under the measured 20 m break - cheaper to connect than to run a septic/tanker service for 3 properties",0.0,0.0,20.0,-20.0,0.0,2,2.912,15.492,2.16,0,7.901,15.541,1,0,0.0,0.0,0,,derived,S1
S146,146,ASH SHIAB,ASH SHIAB,central,central STP,onsite,0,COST,"0.0 m of exclusive sewer per property, under the measured 20 m break - cheaper to connect than to run a septic/tanker service for 1 properties",0.0,0.0,20.0,-20.0,0.0,1,1.456,7.746,1.08,0,7.915,16.046,1,0,0.146,0.0,0,,derived,S1
S149,149,-,,central,central STP,onsite,0,COST,"0.0 m of exclusive sewer per property, under the measured 20 m break - cheaper to connect than to run a septic/tanker service for 1 properties",0.0,0.0,20.0,-20.0,0.0,3,1.456,7.746,1.08,0,0.138,14.5,1,0,0.0,0.0,0,,derived,S1
S137,137,AL JIBAYYAH,AL JIBAYYAH,central,central STP,satellite,0,COST,"0.0 m of exclusive sewer per property, under the measured 20 m break - cheaper to connect than to run a package plant for 26 properties",0.0,0.0,20.0,-20.0,0.0,26,26.0,138.32,19.282,0,0.421,11.59,1,1,0.0,0.0,0,,derived,S1
S143,143,AL DIREZ,ASH SHIAB,central,central STP,onsite,0,COST,"0.0 m of exclusive sewer per property, under the measured 20 m break - cheaper to connect than to run a septic/tanker service for 4 properties",0.0,0.0,20.0,-20.0,0.0,3,4.368,23.238,3.239,0,7.901,15.928,1,0,0.0,0.0,0,,derived,S1
S152,152,SUWAYDA AL MA,SUWAYDA AL MA,central,central STP,onsite,0,COST,"0.0 m of exclusive sewer per property, under the measured 20 m break - cheaper to connect than to run a septic/tanker service for 3 properties",0.0,0.0,20.0,-20.0,0.0,3,3.0,15.96,2.225,0,0.251,17.946,1,0,0.0,0.0,0,,derived,S1
S150,150,AL WAHRAH,,central,central STP,onsite,0,COST,"0.0 m of exclusive sewer per property, under the measured 20 m break - cheaper to connect than to run a septic/tanker service for 3 properties",0.0,0.0,20.0,-20.0,0.0,2,2.912,15.492,2.16,0,7.922,17.424,1,0,0.0,0.0,0,,derived,S1
S156,156,SUWAYDA AL MA,SUWAYDA AL MA,central,central STP,onsite,0,COST,"0.0 m of exclusive sewer per property, under the measured 20 m break - cheaper to connect than to run a septic/tanker service for 1 properties",0.0,0.0,20.0,-20.0,0.0,4,1.456,7.746,1.08,0,0.482,16.166,1,0,0.0,0.0,0,,derived,S1
S128,128,-,,central,central STP,onsite,0,COST,"0.0 m of exclusive sewer per property, under the measured 20 m break - cheaper to connect than to run a septic/tanker service for 1 properties",0.0,0.0,20.0,-20.0,0.0,1,1.456,7.746,1.08,0,2.047,10.584,1,0,0.0,0.0,0,,derived,S1
S133,133,AD DARIZ,AD DARIZ,central,central STP,onsite,0,COST,"0.0 m of exclusive sewer per property, under the measured 20 m break - cheaper to connect than to run a septic/tanker service for 2 properties",0.0,0.0,20.0,-20.0,0.0,1,2.456,7.746,1.643,0,5.133,13.212,1,0,0.0,0.0,0,,derived,S1
S139,139,AL DIREZ,ASH SHIAB,central,central STP,onsite,0,COST,"0.0 m of exclusive sewer per property, under the measured 20 m break - cheaper to connect than to run a septic/tanker service for 1 properties",0.0,0.0,20.0,-20.0,0.0,1,1.456,7.746,1.08,0,7.77,15.282,1,0,0.0,0.0,0,,derived,S1
S135,135,AL JIBAYYAH,AL JIBAYYAH,central,central STP,onsite,0,COST,"0.0 m of exclusive sewer per property, under the measured 20 m break - cheaper to connect than to run a septic/tanker service for 3 properties",0.0,0.0,20.0,-20.0,0.0,3,3.0,15.96,2.225,0,0.188,9.95,1,0,0.0,0.0,0,,derived,S1
S142,142,ASH SHIAB,ASH SHIAB,central,central STP,onsite,0,COST,"0.0 m of exclusive sewer per property, under the measured 20 m break - cheaper to connect than to run a septic/tanker service for 1 properties",0.0,0.0,20.0,-20.0,0.0,3,1.456,7.746,1.08,0,7.426,15.166,1,0,0.0,0.0,0,,derived,S1
S028,28,-,,central,central STP,onsite,0,COST,"0.0 m of exclusive sewer per property, under the measured 20 m break - cheaper to connect than to run a septic/tanker service for 3 properties",0.0,0.0,20.0,-20.0,0.0,3,3.0,15.96,2.225,2,3.095,4.429,1,0,0.0,0.0,0,,derived,S1
S023,23,HAI AL SAADAH -S2,,central,central STP,onsite,0,COST,"0.0 m of exclusive sewer per property, under the measured 20 m break - cheaper to connect than to run a septic/tanker service for 7 properties",0.0,0.0,20.0,-20.0,0.0,7,7.28,38.73,5.399,0,5.094,12.438,1,0,0.0,0.0,0,,derived,S1
S047,47,TANAM,TANAM,central,central STP,onsite,0,COST,"0.0 m of exclusive sewer per property, under the measured 20 m break - cheaper to connect than to run a septic/tanker service for 2 properties",0.0,0.0,20.0,-20.0,0.0,2,2.0,10.64,1.483,0,1.672,4.064,1,0,0.0,0.0,0,,derived,S1
S032,32,SAYH AL MASARRAT,SAYH AL MASARRAT,central,central STP,onsite,0,COST,"0.0 m of exclusive sewer per property, under the measured 20 m break - cheaper to connect than to run a septic/tanker service for 1 properties",0.0,0.0,20.0,-20.0,0.0,1,1.456,7.746,1.08,0,0.316,5.01,1,0,0.0,0.0,0,,derived,S1
S035,35,AL MAKHTIBYAH,AL MAKHTIBYAH,central,central STP,onsite,0,COST,"0.0 m of exclusive sewer per property, under the measured 20 m break - cheaper to connect than to run a septic/tanker service for 2 properties",0.0,0.0,20.0,-20.0,0.0,2,2.0,10.64,1.483,0,2.128,3.756,1,0,0.0,0.0,0,,derived,S1
S041,41,AL MAKHTIBYAH,AL MAKHTIBYAH,central,central STP,onsite,0,COST,"0.0 m of exclusive sewer per property, under the measured 20 m break - cheaper to connect than to run a septic/tanker service for 1 properties",0.0,0.0,20.0,-20.0,0.0,1,1.0,5.32,0.742,0,1.011,2.51,1,0,0.0,0.0,0,,derived,S1
S043,43,AL MAKHTIBYAH,AL MAKHTIBYAH,central,central STP,onsite,0,COST,"0.0 m of exclusive sewer per property, under the measured 20 m break - cheaper to connect than to run a septic/tanker service for 1 properties",0.0,0.0,20.0,-20.0,0.0,1,1.0,5.32,0.742,0,1.49,2.112,1,0,0.0,0.0,0,,derived,S1
S015,15,AL JAHLI,AL JAHLI,central,central STP,onsite,0,COST,"0.0 m of exclusive sewer per property, under the measured 20 m break - cheaper to connect than to run a septic/tanker service for 1 properties",0.0,0.0,20.0,-20.0,0.0,2,1.0,5.32,0.742,0,0.947,2.09,1,0,0.0,0.0,0,,derived,S1
S004,4,-,,central,central STP,onsite,0,COST,"0.0 m of exclusive sewer per property, under the measured 20 m break - cheaper to connect than to run a septic/tanker service for 1 properties",0.0,0.0,20.0,-20.0,0.0,2,1.456,7.746,1.08,2,3.32,4.077,1,0,0.0,0.0,0,,derived,S1
S002,2,-,,central,central STP,onsite,0,COST,"0.0 m of exclusive sewer per property, under the measured 20 m break - cheaper to connect than to run a septic/tanker service for 1 properties",0.0,0.0,20.0,-20.0,0.0,1,1.456,7.746,1.08,1,4.101,4.486,1,0,0.0,0.0,0,,derived,S1
S001,1,AL MAKHTIBYAH,AL MAKHTIBYAH,central,central STP,onsite,0,COST,"0.0 m of exclusive sewer per property, under the measured 20 m break - cheaper to connect than to run a septic/tanker service for 4 properties",0.0,0.0,20.0,-20.0,0.0,4,4.0,21.28,2.966,0,2.963,3.303,1,0,0.0,0.0,0,,derived,S1
S009,9,-,,central,central STP,satellite,0,COST,"0.8 m of exclusive sewer per property, under the measured 20 m break - cheaper to connect than to run a package plant for 256 properties",0.78,1.05,20.0,-19.22,0.2,256,256.0,1361.92,189.852,0,0.874,0.808,0,1,0.0,0.0,0,,derived,S1
S037,37,-,,central,central STP,onsite,0,COST,"6.8 m of exclusive sewer per property, under the measured 20 m break - cheaper to connect than to run a septic/tanker service for 4 properties",6.77,12.01,20.0,-13.23,0.03,1,4.434,0.0,2.499,0,0.122,3.161,1,0,0.0,0.0,0,,derived,S1
S019,19,AL SEBEKHI,SAYH AL MASARRAT,central,central STP,satellite,0,COST,"10.2 m of exclusive sewer per property, under the measured 20 m break - cheaper to connect than to run a package plant for 676 properties",10.18,13.66,20.0,-9.82,6.88,454,675.898,3162.208,503.676,0,0.146,6.325,0,1,0.196,0.0,0,,derived,S1
S184,184,BAT (P.A.),,central,central STP,satellite,1,PHIL-8a,"BAT: 2,236 properties, 1,753 m3/d, 20-24 km from the built network. The cost test says connect (17.6 m/property, under the break), but at 1,753 m3/d it is above every decentralised ceiling in the guidelines (G201 p83 and G203 p96 both stop at 5,000 pe / ~750 m3/d), so its local option is a small conventional works. Philosophy sec 8a: carry BOTH - conveyance and a satellite works - into the options appraisal",11.94,16.1,20.0,-8.06,4.23,237,354.212,1758.324,262.7,0,11.04,24.093,0,1,0.701,0.0,0,BOTH options carried to the options appraisal: 10 km of conveyance versus a local works. Deciding it here would pre-empt the appraisal (philosophy sec 8a),provisional,S1
S018,18,AL TAYYEB (P.A.),IBRI,central,central STP,,0,CORE,"the Ibri conurbation - 82 % of the load. No decentralised option in G201 p83 or G203 p96 reaches this scale; the only question is how many works serve it, which is stage 4",12.88,17.07,20.0,-7.12,1052.67,51487,81706.34,358924.866,61672.03,0,0.0,0.0,0,0,118.828,66.4,3,,derived,S1
S075,75,TANAM,TANAM,central,central STP,satellite,0,COST,"15.0 m of exclusive sewer per property, under the measured 20 m break - cheaper to connect than to run a package plant for 10 properties",15.0,20.23,20.0,-5.0,0.15,10,10.0,53.2,7.416,0,0.443,2.01,1,1,0.0,0.0,0,,derived,S1
S116,116,AL DIREZ,AD DARIZ,central,central STP,satellite,0,COST,"16.0 m of exclusive sewer per property, under the measured 20 m break - cheaper to connect than to run a package plant for 12570 properties",15.99,21.19,20.0,-4.01,201.04,8918,12570.348,56869.949,9488.289,0,0.198,6.907,0,0,44.704,36.1,2,,derived,S1
S087,87,TANAM,TANAM,central,central STP,satellite,0,COST,"17.4 m of exclusive sewer per property, under the measured 20 m break - cheaper to connect than to run a package plant for 51 properties",17.45,23.53,20.0,-2.55,0.89,51,51.0,271.32,37.822,0,2.735,4.721,1,1,0.005,0.0,0,,derived,S1
S165,165,BAT (P.A.),BAT,central,central STP,satellite,1,PHIL-8a,"BAT: 2,236 properties, 1,753 m3/d, 20-24 km from the built network. The cost test says connect (17.6 m/property, under the break), but at 1,753 m3/d it is above every decentralised ceiling in the guidelines (G201 p83 and G203 p96 both stop at 5,000 pe / ~750 m3/d), so its local option is a small conventional works. Philosophy sec 8a: carry BOTH - conveyance and a satellite works - into the options appraisal",17.59,22.33,20.0,-2.41,33.02,1501,1876.944,8202.461,1478.678,0,7.128,20.276,0,0,11.789,0.0,0,BOTH options carried to the options appraisal: 10 km of conveyance versus a local works. Deciding it here would pre-empt the appraisal (philosophy sec 8a),provisional,S1
S079,79,TANAM,TANAM,central,central STP,satellite,0,COST,"18.2 m of exclusive sewer per property, under the measured 20 m break - cheaper to connect than to run a package plant for 17 properties",18.24,24.59,20.0,-1.76,0.31,17,17.0,90.44,12.607,0,1.007,2.645,1,1,0.033,0.0,0,break sensitivity: this row moves if the cut is set anywhere in 18-25 m/property (WHAT_TO_SEWER sec 4),provisional,S1
S081,81,TANAM,TANAM,central,central STP,satellite,0,COST,"18.5 m of exclusive sewer per property, under the measured 20 m break - cheaper to connect than to run a package plant for 26 properties",18.46,24.89,20.0,-1.54,0.48,26,26.0,138.32,19.282,0,2.326,4.388,1,1,0.489,0.0,0,break sensitivity: this row moves if the cut is set anywhere in 18-25 m/property (WHAT_TO_SEWER sec 4),provisional,S1
S088,88,TANAM,TANAM,onsite,septic/tanker,central,0,G201-p83,"20 m of exclusive sewer per property against a 20 m break, and 11 people - below the 50-inhabitant floor for any plant (G201 p83), so septic tank to the OPSDC or a holding tank emptied by tanker. Compared against connection to the central network, 2.60 km away",20.0,26.97,20.0,0.0,0.04,2,2.0,10.64,1.483,0,2.604,4.677,1,0,0.0,0.0,0,"NPV over 25 years at 5 % (G201 p96 sec 12.4) decides this against connection; Renardet unit rates not yet held, so the ratio stands in for the money",provisional,S1
S185,185,-,,onsite,septic/tanker,central,0,G201-p83,"21 m of exclusive sewer per property against a 20 m break, and 8 people - below the 50-inhabitant floor for any plant (G201 p83), so septic tank to the OPSDC or a holding tank emptied by tanker. Compared against connection to the central network, 11.91 km away",20.6,27.78,20.0,0.6,0.03,1,1.456,7.746,1.08,0,11.911,25.402,1,0,0.0,0.0,0,"NPV over 25 years at 5 % (G201 p96 sec 12.4) decides this against connection; Renardet unit rates not yet held, so the ratio stands in for the money",provisional,S1
S136,136,AL DARIZ (P.A.)-C,AD DARIZ,satellite,package plant,central,0,G201-p83,"24 m of exclusive sewer per property against a 20 m break; 519 pe and 83 m3/d sit inside the package-plant band (G201 p83 50-5,000 pe, G203 p96 ~750 m3/d). Compared against connection to the central network, 6.11 km away",24.25,29.56,20.0,4.25,2.44,75,100.612,518.977,82.538,0,6.108,13.806,1,1,2.444,0.0,0,"NPV over 25 years at 5 % (G201 p96 sec 12.4) decides this against connection; Renardet unit rates not yet held, so the ratio stands in for the money. Under 500 m3/d, so a constructed wetland is also open to it (G203 p101) - a treatment-process choice for stage 4, not a system choice",provisional,S1
S040,40,AL MAKHTIBYAH,AL MAKHTIBYAH,satellite,package plant,central,0,G201-p83,"25 m of exclusive sewer per property against a 20 m break; 303 pe and 42 m3/d sit inside the package-plant band (G201 p83 50-5,000 pe, G203 p96 ~750 m3/d). Compared against connection to the central network, 0.47 km away",25.09,33.83,20.0,5.09,1.43,57,57.0,303.24,42.272,0,0.468,2.119,1,1,0.0,0.0,0,"NPV over 25 years at 5 % (G201 p96 sec 12.4) decides this against connection; Renardet unit rates not yet held, so the ratio stands in for the money. Under 500 m3/d, so a constructed wetland is also open to it (G203 p101) - a treatment-process choice for stage 4, not a system choice",derived,S1
S064,64,TANAM,TANAM,satellite,package plant,central,0,G201-p83,"26 m of exclusive sewer per property against a 20 m break; 1214 pe and 253 m3/d sit inside the package-plant band (G201 p83 50-5,000 pe, G203 p96 ~750 m3/d). Compared against connection to the central network, 0.37 km away",25.7,27.54,20.0,5.7,6.97,229,271.188,1214.152,253.047,0,0.367,2.385,0,1,0.598,0.0,0,"NPV over 25 years at 5 % (G201 p96 sec 12.4) decides this against connection; Renardet unit rates not yet held, so the ratio stands in for the money. Under 500 m3/d, so a constructed wetland is also open to it (G203 p101) - a treatment-process choice for stage 4, not a system choice",derived,S1
S016,16,AL JAHLI,AL JAHLI,satellite,package plant,central,0,G201-p83,"27 m of exclusive sewer per property against a 20 m break; 210 pe and 29 m3/d sit inside the package-plant band (G201 p83 50-5,000 pe, G203 p96 ~750 m3/d). Compared against connection to the central network, 0.21 km away",26.65,35.94,20.0,6.65,1.05,32,39.4,209.608,29.219,0,0.209,2.286,1,1,0.0,0.0,0,"NPV over 25 years at 5 % (G201 p96 sec 12.4) decides this against connection; Renardet unit rates not yet held, so the ratio stands in for the money. Under 500 m3/d, so a constructed wetland is also open to it (G203 p101) - a treatment-process choice for stage 4, not a system choice",derived,S1
S106,106,-,,onsite,septic/tanker,central,0,G201-p83,"33 m of exclusive sewer per property against a 20 m break, and 46 people - below the 50-inhabitant floor for any plant (G201 p83), so septic tank to the OPSDC or a holding tank emptied by tanker. Compared against connection to the central network, 0.13 km away",33.2,44.76,20.0,13.2,0.29,6,8.736,46.476,6.479,0,0.132,0.43,1,0,0.296,0.0,0,"NPV over 25 years at 5 % (G201 p96 sec 12.4) decides this against connection; Renardet unit rates not yet held, so the ratio stands in for the money",derived,S1
S036,36,AL MAKHTIBYAH,AL MAKHTIBYAH,satellite,package plant,central,0,G201-p83,"34 m of exclusive sewer per property against a 20 m break; 356 pe and 50 m3/d sit inside the package-plant band (G201 p83 50-5,000 pe, G203 p96 ~750 m3/d). Compared against connection to the central network, 1.19 km away",34.18,46.09,20.0,14.18,2.29,67,67.0,356.44,49.688,0,1.186,2.786,1,1,0.0,0.0,0,"NPV over 25 years at 5 % (G201 p96 sec 12.4) decides this against connection; Renardet unit rates not yet held, so the ratio stands in for the money. Under 500 m3/d, so a constructed wetland is also open to it (G203 p101) - a treatment-process choice for stage 4, not a system choice",derived,S1
S174,174,-,,satellite,package plant,central,0,G201-p83,"42 m of exclusive sewer per property against a 20 m break; 85 pe and 22 m3/d sit inside the package-plant band (G201 p83 50-5,000 pe, G203 p96 ~750 m3/d). Compared against connection to the central network, 1.01 km away",42.4,50.98,20.0,22.4,1.12,21,26.414,85.205,21.971,0,1.007,22.52,1,1,0.189,0.0,0,"NPV over 25 years at 5 % (G201 p96 sec 12.4) decides this against connection; Renardet unit rates not yet held, so the ratio stands in for the money. Under 500 m3/d, so a constructed wetland is also open to it (G203 p101) - a treatment-process choice for stage 4, not a system choice",derived,S1
S176,176,SWAIDA ALMA (P.A.),,satellite,package plant,central,0,G201-p83,"50 m of exclusive sewer per property against a 20 m break; 204 pe and 29 m3/d sit inside the package-plant band (G201 p83 50-5,000 pe, G203 p96 ~750 m3/d). Compared against connection to the central network, 0.33 km away",50.0,67.83,20.0,30.0,1.97,37,39.4,204.288,29.041,0,0.329,22.238,1,1,0.902,0.0,0,"NPV over 25 years at 5 % (G201 p96 sec 12.4) decides this against connection; Renardet unit rates not yet held, so the ratio stands in for the money. Under 500 m3/d, so a constructed wetland is also open to it (G203 p101) - a treatment-process choice for stage 4, not a system choice",derived,S1
S077,77,TANAM,TANAM,onsite,septic/tanker,central,0,G201-p83,"50 m of exclusive sewer per property against a 20 m break, and 5 people - below the 50-inhabitant floor for any plant (G201 p83), so septic tank to the OPSDC or a holding tank emptied by tanker. Compared against connection to the central network, 0.14 km away",50.0,67.42,20.0,30.0,0.05,1,1.0,5.32,0.742,0,0.143,1.653,1,0,0.13,0.0,0,"NPV over 25 years at 5 % (G201 p96 sec 12.4) decides this against connection; Renardet unit rates not yet held, so the ratio stands in for the money",derived,S1
S186,186,-,,onsite,septic/tanker,central,0,G201-p83,"55 m of exclusive sewer per property against a 20 m break, and 8 people - below the 50-inhabitant floor for any plant (G201 p83), so septic tank to the OPSDC or a holding tank emptied by tanker. Compared against connection to the central network, 11.21 km away",54.95,74.09,20.0,34.95,0.08,1,1.456,7.746,1.08,0,11.205,23.721,1,0,0.0,0.0,0,"NPV over 25 years at 5 % (G201 p96 sec 12.4) decides this against connection; Renardet unit rates not yet held, so the ratio stands in for the money",derived,S1
S095,95,AD DIBAYSHI,AD DIBAYSHI,satellite,package plant,central,0,G201-p83,"58 m of exclusive sewer per property against a 20 m break; 194 pe and 27 m3/d sit inside the package-plant band (G201 p83 50-5,000 pe, G203 p96 ~750 m3/d). Compared against connection to the central network, 0.41 km away",58.24,78.53,20.0,38.24,2.12,25,36.4,193.648,26.995,0,0.407,2.56,1,1,0.099,0.0,0,"NPV over 25 years at 5 % (G201 p96 sec 12.4) decides this against connection; Renardet unit rates not yet held, so the ratio stands in for the money. Under 500 m3/d, so a constructed wetland is also open to it (G203 p101) - a treatment-process choice for stage 4, not a system choice",derived,S1
S068,68,TANAM,TANAM,onsite,septic/tanker,central,0,G201-p83,"67 m of exclusive sewer per property against a 20 m break, and 16 people - below the 50-inhabitant floor for any plant (G201 p83), so septic tank to the OPSDC or a holding tank emptied by tanker. Compared against connection to the central network, 0.16 km away",66.67,89.89,20.0,46.67,0.2,3,3.0,15.96,2.225,0,0.16,2.088,1,0,0.0,0.0,0,"NPV over 25 years at 5 % (G201 p96 sec 12.4) decides this against connection; Renardet unit rates not yet held, so the ratio stands in for the money",derived,S1
S042,42,AL MAKHTIBYAH,AL MAKHTIBYAH,onsite,septic/tanker,central,0,G201-p83,"69 m of exclusive sewer per property against a 20 m break, and 48 people - below the 50-inhabitant floor for any plant (G201 p83), so septic tank to the OPSDC or a holding tank emptied by tanker. Compared against connection to the central network, 1.17 km away",68.89,92.89,20.0,48.89,0.62,9,9.0,47.88,6.674,0,1.17,1.893,1,0,0.18,0.0,0,"NPV over 25 years at 5 % (G201 p96 sec 12.4) decides this against connection; Renardet unit rates not yet held, so the ratio stands in for the money",derived,S1
S067,67,TANAM,TANAM,onsite,septic/tanker,central,0,G201-p83,"70 m of exclusive sewer per property against a 20 m break, and 5 people - below the 50-inhabitant floor for any plant (G201 p83), so septic tank to the OPSDC or a holding tank emptied by tanker. Compared against connection to the central network, 0.18 km away",70.0,94.39,20.0,50.0,0.07,1,1.0,5.32,0.742,0,0.176,2.262,1,0,0.0,0.0,0,"NPV over 25 years at 5 % (G201 p96 sec 12.4) decides this against connection; Renardet unit rates not yet held, so the ratio stands in for the money",derived,S1
S053,53,TANAM,TANAM,onsite,septic/tanker,central,0,G201-p83,"78 m of exclusive sewer per property against a 20 m break, and 21 people - below the 50-inhabitant floor for any plant (G201 p83), so septic tank to the OPSDC or a holding tank emptied by tanker. Compared against connection to the central network, 1.00 km away",77.5,104.5,20.0,57.5,0.31,4,4.0,21.28,2.966,0,1.004,3.444,1,0,0.0,0.0,0,"NPV over 25 years at 5 % (G201 p96 sec 12.4) decides this against connection; Renardet unit rates not yet held, so the ratio stands in for the money",derived,S1
S179,179,-,,satellite,package plant,central,0,G201-p83,"94 m of exclusive sewer per property against a 20 m break; 61 pe and 8 m3/d sit inside the package-plant band (G201 p83 50-5,000 pe, G203 p96 ~750 m3/d). Compared against connection to the central network, 1.46 km away",94.27,127.12,20.0,74.27,1.08,10,11.456,60.946,8.496,10,1.457,23.456,1,1,0.722,0.0,0,"NPV over 25 years at 5 % (G201 p96 sec 12.4) decides this against connection; Renardet unit rates not yet held, so the ratio stands in for the money. Under 500 m3/d, so a constructed wetland is also open to it (G203 p101) - a treatment-process choice for stage 4, not a system choice",derived,S1
S074,74,TANAM,TANAM,onsite,septic/tanker,central,0,G201-p83,"100 m of exclusive sewer per property against a 20 m break, and 16 people - below the 50-inhabitant floor for any plant (G201 p83), so septic tank to the OPSDC or a holding tank emptied by tanker. Compared against connection to the central network, 0.41 km away",100.0,134.84,20.0,80.0,0.3,3,3.0,15.96,2.225,0,0.412,2.184,1,0,0.0,0.0,0,"NPV over 25 years at 5 % (G201 p96 sec 12.4) decides this against connection; Renardet unit rates not yet held, so the ratio stands in for the money",derived,S1
S167,167,-,,onsite,septic/tanker,central,0,G201-p83,"115 m of exclusive sewer per property against a 20 m break, and 34 people - below the 50-inhabitant floor for any plant (G201 p83), so septic tank to the OPSDC or a holding tank emptied by tanker. Compared against connection to the central network, 9.06 km away",114.64,154.58,20.0,94.64,0.73,14,6.368,33.878,4.723,0,9.064,20.419,1,0,0.184,0.0,0,"NPV over 25 years at 5 % (G201 p96 sec 12.4) decides this against connection; Renardet unit rates not yet held, so the ratio stands in for the money",derived,S1
S175,175,SUWAYDA AL MA,SUWAYDA AL MA,onsite,septic/tanker,central,0,G201-p83,"124 m of exclusive sewer per property against a 20 m break, and 31 people - below the 50-inhabitant floor for any plant (G201 p83), so septic tank to the OPSDC or a holding tank emptied by tanker. Compared against connection to the central network, 0.42 km away",123.63,166.7,20.0,103.63,0.72,9,5.824,30.984,4.319,0,0.421,21.763,1,0,0.0,0.0,0,"NPV over 25 years at 5 % (G201 p96 sec 12.4) decides this against connection; Renardet unit rates not yet held, so the ratio stands in for the money",derived,S1
S054,54,-,,onsite,septic/tanker,central,0,G201-p83,"127 m of exclusive sewer per property against a 20 m break, and 16 people - below the 50-inhabitant floor for any plant (G201 p83), so septic tank to the OPSDC or a holding tank emptied by tanker. Compared against connection to the central network, 0.68 km away",126.67,170.8,20.0,106.67,0.38,3,3.0,15.96,2.225,0,0.675,3.117,1,0,0.199,0.0,0,"NPV over 25 years at 5 % (G201 p96 sec 12.4) decides this against connection; Renardet unit rates not yet held, so the ratio stands in for the money",derived,S1
S069,69,TANAM,TANAM,onsite,septic/tanker,central,0,G201-p83,"140 m of exclusive sewer per property against a 20 m break, and 16 people - below the 50-inhabitant floor for any plant (G201 p83), so septic tank to the OPSDC or a holding tank emptied by tanker. Compared against connection to the central network, 0.17 km away",140.0,188.78,20.0,120.0,0.42,3,3.0,15.96,2.225,0,0.167,2.004,1,0,0.0,0.0,0,"NPV over 25 years at 5 % (G201 p96 sec 12.4) decides this against connection; Renardet unit rates not yet held, so the ratio stands in for the money",derived,S1
S092,92,TANAM,TANAM,onsite,septic/tanker,central,0,G201-p83,"142 m of exclusive sewer per property against a 20 m break, and 48 people - below the 50-inhabitant floor for any plant (G201 p83), so septic tank to the OPSDC or a holding tank emptied by tanker. Compared against connection to the central network, 3.32 km away",142.22,191.78,20.0,122.22,1.28,9,9.0,47.88,6.674,0,3.321,5.383,1,0,0.0,0.0,0,"NPV over 25 years at 5 % (G201 p96 sec 12.4) decides this against connection; Renardet unit rates not yet held, so the ratio stands in for the money",derived,S1
S151,151,SUWAYDA AL MA,SUWAYDA AL MA,satellite,package plant,central,0,G201-p83,"150 m of exclusive sewer per property against a 20 m break; 200 pe and 31 m3/d sit inside the package-plant band (G201 p83 50-5,000 pe, G203 p96 ~750 m3/d). Compared against connection to the central network, 0.21 km away",149.55,184.95,20.0,129.55,5.78,55,38.648,200.287,31.251,0,0.213,18.152,1,1,1.759,0.0,0,"NPV over 25 years at 5 % (G201 p96 sec 12.4) decides this against connection; Renardet unit rates not yet held, so the ratio stands in for the money. Under 500 m3/d, so a constructed wetland is also open to it (G203 p101) - a treatment-process choice for stage 4, not a system choice",derived,S1
S048,48,-,,onsite,septic/tanker,central,0,G201-p83,"150 m of exclusive sewer per property against a 20 m break, and 11 people - below the 50-inhabitant floor for any plant (G201 p83), so septic tank to the OPSDC or a holding tank emptied by tanker. Compared against connection to the central network, 1.09 km away",150.0,202.26,20.0,130.0,0.3,2,2.0,10.64,1.483,0,1.093,3.435,1,0,0.235,0.0,0,"NPV over 25 years at 5 % (G201 p96 sec 12.4) decides this against connection; Renardet unit rates not yet held, so the ratio stands in for the money",derived,S1
S098,98,AD DIBAYSHI,AD DIBAYSHI,onsite,septic/tanker,central,0,G201-p83,"153 m of exclusive sewer per property against a 20 m break, and 44 people - below the 50-inhabitant floor for any plant (G201 p83), so septic tank to the OPSDC or a holding tank emptied by tanker. Compared against connection to the central network, 0.74 km away",152.91,133.49,20.0,132.91,1.5,12,9.81,44.05,11.237,0,0.736,3.742,1,0,0.358,0.0,0,"NPV over 25 years at 5 % (G201 p96 sec 12.4) decides this against connection; Renardet unit rates not yet held, so the ratio stands in for the money. NOTE the population floor and the flow disagree here: 44 people but 11.2 m3/d, so the load is non-domestic. Size the tanker service on the flow (G201 p83 requires access routes and turning radii for it), not on the population",derived,S1
S113,113,-,,onsite,septic/tanker,central,0,G201-p83,"156 m of exclusive sewer per property against a 20 m break, and 23 people - below the 50-inhabitant floor for any plant (G201 p83), so septic tank to the OPSDC or a holding tank emptied by tanker. Compared against connection to the central network, 0.20 km away",155.99,110.37,20.0,135.99,0.92,5,5.898,23.238,8.336,0,0.199,1.391,1,0,0.0,0.0,0,"NPV over 25 years at 5 % (G201 p96 sec 12.4) decides this against connection; Renardet unit rates not yet held, so the ratio stands in for the money. NOTE the population floor and the flow disagree here: 23 people but 8.3 m3/d, so the load is non-domestic. Size the tanker service on the flow (G201 p83 requires access routes and turning radii for it), not on the population",derived,S1
S034,34,AL MAKHTIBYAH,AL MAKHTIBYAH,onsite,septic/tanker,central,0,G201-p83,"160 m of exclusive sewer per property against a 20 m break, and 16 people - below the 50-inhabitant floor for any plant (G201 p83), so septic tank to the OPSDC or a holding tank emptied by tanker. Compared against connection to the central network, 2.20 km away",160.0,215.75,20.0,140.0,0.48,3,3.0,15.96,2.225,0,2.201,4.004,1,0,0.227,0.0,0,"NPV over 25 years at 5 % (G201 p96 sec 12.4) decides this against connection; Renardet unit rates not yet held, so the ratio stands in for the money",derived,S1
S082,82,TANAM,TANAM,onsite,septic/tanker,central,0,G201-p83,"160 m of exclusive sewer per property against a 20 m break, and 5 people - below the 50-inhabitant floor for any plant (G201 p83), so septic tank to the OPSDC or a holding tank emptied by tanker. Compared against connection to the central network, 2.56 km away",160.0,215.75,20.0,140.0,0.16,1,1.0,5.32,0.742,0,2.56,4.77,1,0,0.059,0.0,0,"NPV over 25 years at 5 % (G201 p96 sec 12.4) decides this against connection; Renardet unit rates not yet held, so the ratio stands in for the money",derived,S1
S026,26,HAI AL SAADAH -S2,,satellite,package plant,central,0,G201-p83,"163 m of exclusive sewer per property against a 20 m break; 108 pe and 142 m3/d sit inside the package-plant band (G201 p83 50-5,000 pe, G203 p96 ~750 m3/d). Compared against connection to the central network, 4.70 km away",163.03,83.26,20.0,143.03,11.81,94,72.442,108.443,141.839,0,4.696,11.999,1,1,2.922,0.0,0,"NPV over 25 years at 5 % (G201 p96 sec 12.4) decides this against connection; Renardet unit rates not yet held, so the ratio stands in for the money. Under 500 m3/d, so a constructed wetland is also open to it (G203 p101) - a treatment-process choice for stage 4, not a system choice",derived,S1
S110,110,IBRI,IBRI,onsite,septic/tanker,central,0,G201-p83,"171 m of exclusive sewer per property against a 20 m break, and 29 people - below the 50-inhabitant floor for any plant (G201 p83), so septic tank to the OPSDC or a holding tank emptied by tanker. Compared against connection to the central network, 0.15 km away",171.17,239.85,20.0,151.17,1.09,6,6.368,28.558,4.544,0,0.151,0.172,1,0,0.239,0.0,0,"NPV over 25 years at 5 % (G201 p96 sec 12.4) decides this against connection; Renardet unit rates not yet held, so the ratio stands in for the money",derived,S1
S159,159,AL WAHRAH,,onsite,septic/tanker,central,0,G201-p83,"173 m of exclusive sewer per property against a 20 m break, and 8 people - below the 50-inhabitant floor for any plant (G201 p83), so septic tank to the OPSDC or a holding tank emptied by tanker. Compared against connection to the central network, 8.02 km away",173.11,102.38,20.0,153.11,0.69,2,3.986,7.746,6.74,0,8.022,18.423,1,0,0.0,0.0,0,"NPV over 25 years at 5 % (G201 p96 sec 12.4) decides this against connection; Renardet unit rates not yet held, so the ratio stands in for the money",derived,S1
S083,83,TANAM,TANAM,onsite,septic/tanker,central,0,G201-p83,"190 m of exclusive sewer per property against a 20 m break, and 5 people - below the 50-inhabitant floor for any plant (G201 p83), so septic tank to the OPSDC or a holding tank emptied by tanker. Compared against connection to the central network, 0.80 km away",190.0,256.2,20.0,170.0,0.19,1,1.0,5.32,0.742,0,0.803,2.233,1,0,0.12,0.0,0,"NPV over 25 years at 5 % (G201 p96 sec 12.4) decides this against connection; Renardet unit rates not yet held, so the ratio stands in for the money",derived,S1
S093,93,-,,onsite,septic/tanker,central,0,G201-p83,"220 m of exclusive sewer per property against a 20 m break, and 5 people - below the 50-inhabitant floor for any plant (G201 p83), so septic tank to the OPSDC or a holding tank emptied by tanker. Compared against connection to the central network, 0.13 km away",220.0,296.65,20.0,200.0,0.22,1,1.0,5.32,0.742,0,0.128,1.722,1,0,0.0,0.0,0,"NPV over 25 years at 5 % (G201 p96 sec 12.4) decides this against connection; Renardet unit rates not yet held, so the ratio stands in for the money",derived,S1
S014,14,-,,onsite,septic/tanker,central,0,G201-p83,"261 m of exclusive sewer per property against a 20 m break, and 11 people - below the 50-inhabitant floor for any plant (G201 p83), so septic tank to the OPSDC or a holding tank emptied by tanker. Compared against connection to the central network, 1.57 km away",261.11,421.9,20.0,241.11,1.68,4,6.434,10.64,3.982,0,1.574,2.719,1,0,0.203,0.0,0,"NPV over 25 years at 5 % (G201 p96 sec 12.4) decides this against connection; Renardet unit rates not yet held, so the ratio stands in for the money",derived,S1
S173,173,-,,onsite,septic/tanker,central,0,G201-p83,"281 m of exclusive sewer per property against a 20 m break, and 13 people - below the 50-inhabitant floor for any plant (G201 p83), so septic tank to the OPSDC or a holding tank emptied by tanker. Compared against connection to the central network, 1.67 km away",280.94,378.83,20.0,260.94,0.69,9,2.456,13.066,1.821,9,1.668,23.318,1,0,2.925,0.0,0,"NPV over 25 years at 5 % (G201 p96 sec 12.4) decides this against connection; Renardet unit rates not yet held, so the ratio stands in for the money",derived,S1
S055,55,-,,onsite,septic/tanker,central,0,G201-p83,"300 m of exclusive sewer per property against a 20 m break, and 5 people - below the 50-inhabitant floor for any plant (G201 p83), so septic tank to the OPSDC or a holding tank emptied by tanker. Compared against connection to the central network, 0.66 km away",300.0,404.53,20.0,280.0,0.3,1,1.0,5.32,0.742,0,0.66,3.031,1,0,0.079,0.0,0,"NPV over 25 years at 5 % (G201 p96 sec 12.4) decides this against connection; Renardet unit rates not yet held, so the ratio stands in for the money",derived,S1
S134,134,-,,onsite,septic/tanker,central,0,G201-p83,"347 m of exclusive sewer per property against a 20 m break, and 15 people - below the 50-inhabitant floor for any plant (G201 p83), so septic tank to the OPSDC or a holding tank emptied by tanker. Compared against connection to the central network, 6.63 km away",346.84,467.69,20.0,326.84,1.01,2,2.912,15.492,2.16,0,6.635,14.862,1,0,0.24,0.0,0,"NPV over 25 years at 5 % (G201 p96 sec 12.4) decides this against connection; Renardet unit rates not yet held, so the ratio stands in for the money",derived,S1
S038,38,-,,onsite,septic/tanker,central,0,G201-p83,"355 m of exclusive sewer per property against a 20 m break, and 11 people - below the 50-inhabitant floor for any plant (G201 p83), so septic tank to the OPSDC or a holding tank emptied by tanker. Compared against connection to the central network, 1.63 km away",355.0,478.69,20.0,335.0,0.71,2,2.0,10.64,1.483,0,1.63,3.766,1,0,0.0,0.0,0,"NPV over 25 years at 5 % (G201 p96 sec 12.4) decides this against connection; Renardet unit rates not yet held, so the ratio stands in for the money",derived,S1
S025,25,HAI AL SAADAH -S2,,onsite,septic/tanker,central,0,G201-p83,"373 m of exclusive sewer per property against a 20 m break, and 0 people - below the 50-inhabitant floor for any plant (G201 p83), so septic tank to the OPSDC or a holding tank emptied by tanker. Compared against connection to the central network, 4.03 km away",372.55,111.84,20.0,352.55,0.57,1,1.53,0.0,5.096,0,4.027,11.062,1,0,0.0,0.0,0,"NPV over 25 years at 5 % (G201 p96 sec 12.4) decides this against connection; Renardet unit rates not yet held, so the ratio stands in for the money",derived,S1
S033,33,AL MAKHTIBYAH,AL MAKHTIBYAH,onsite,septic/tanker,central,0,G201-p83,"390 m of exclusive sewer per property against a 20 m break, and 5 people - below the 50-inhabitant floor for any plant (G201 p83), so septic tank to the OPSDC or a holding tank emptied by tanker. Compared against connection to the central network, 2.58 km away",390.0,525.88,20.0,370.0,0.39,1,1.0,5.32,0.742,0,2.58,4.336,1,0,0.168,10.6,1,"NPV over 25 years at 5 % (G201 p96 sec 12.4) decides this against connection; Renardet unit rates not yet held, so the ratio stands in for the money",derived,S1
S056,56,-,,onsite,septic/tanker,central,0,G201-p83,"460 m of exclusive sewer per property against a 20 m break, and 11 people - below the 50-inhabitant floor for any plant (G201 p83), so septic tank to the OPSDC or a holding tank emptied by tanker. Compared against connection to the central network, 0.41 km away",460.0,620.27,20.0,440.0,0.92,2,2.0,10.64,1.483,0,0.415,2.873,1,0,0.199,0.0,0,"NPV over 25 years at 5 % (G201 p96 sec 12.4) decides this against connection; Renardet unit rates not yet held, so the ratio stands in for the money",derived,S1
S080,80,TANAM,TANAM,onsite,septic/tanker,central,0,G201-p83,"560 m of exclusive sewer per property against a 20 m break, and 5 people - below the 50-inhabitant floor for any plant (G201 p83), so septic tank to the OPSDC or a holding tank emptied by tanker. Compared against connection to the central network, 0.80 km away",560.0,755.12,20.0,540.0,0.56,1,1.0,5.32,0.742,0,0.8,2.452,1,0,0.174,0.0,0,"NPV over 25 years at 5 % (G201 p96 sec 12.4) decides this against connection; Renardet unit rates not yet held, so the ratio stands in for the money",derived,S1
S158,158,AL WAHRAH,AL WAHRAH,onsite,septic/tanker,central,0,G201-p83,"563 m of exclusive sewer per property against a 20 m break, and 8 people - below the 50-inhabitant floor for any plant (G201 p83), so septic tank to the OPSDC or a holding tank emptied by tanker. Compared against connection to the central network, 8.28 km away",563.19,759.41,20.0,543.19,0.82,1,1.456,7.746,1.08,0,8.28,18.878,1,0,0.0,0.0,0,"NPV over 25 years at 5 % (G201 p96 sec 12.4) decides this against connection; Renardet unit rates not yet held, so the ratio stands in for the money",derived,S1
S020,20,SAYH AL MASARRAT,SAYH AL MASARRAT,onsite,septic/tanker,central,0,G201-p83,"625 m of exclusive sewer per property against a 20 m break, and 8 people - below the 50-inhabitant floor for any plant (G201 p83), so septic tank to the OPSDC or a holding tank emptied by tanker. Compared against connection to the central network, 0.56 km away",625.0,842.76,20.0,605.0,0.91,1,1.456,7.746,1.08,0,0.56,5.3,1,0,0.114,33.5,2,"NPV over 25 years at 5 % (G201 p96 sec 12.4) decides this against connection; Renardet unit rates not yet held, so the ratio stands in for the money",derived,S1
S008,8,ALSHARYAH,,onsite,septic/tanker,central,0,G201-p83,"880 m of exclusive sewer per property against a 20 m break, and 39 people - below the 50-inhabitant floor for any plant (G201 p83), so septic tank to the OPSDC or a holding tank emptied by tanker. Compared against connection to the central network, 2.83 km away",880.49,1187.28,20.0,860.49,6.41,10,7.28,38.73,5.399,10,2.835,5.99,1,0,0.085,0.0,0,"NPV over 25 years at 5 % (G201 p96 sec 12.4) decides this against connection; Renardet unit rates not yet held, so the ratio stands in for the money",derived,S1
S131,131,-,,onsite,septic/tanker,central,0,G201-p83,"1085 m of exclusive sewer per property against a 20 m break, and 0 people - below the 50-inhabitant floor for any plant (G201 p83), so septic tank to the OPSDC or a holding tank emptied by tanker. Compared against connection to the central network, 0.54 km away",1084.97,325.72,20.0,1064.97,1.66,1,1.53,0.0,5.096,0,0.537,8.161,1,0,0.59,0.0,0,"NPV over 25 years at 5 % (G201 p96 sec 12.4) decides this against connection; Renardet unit rates not yet held, so the ratio stands in for the money",derived,S1
