PLOT_ID,X,Y,REACH,STATION_M,SHORT_BY_M,CH_REQ,ISSUE
1104447,459802.3096206004,2569418.7324970346,E0028670,59.32,9.9,R00360,beyond the 45 m tertiary run
1104468,459881.1443952453,2570142.944128887,E0030410,7.14,6.72,R00400,beyond the 45 m tertiary run
1104509,459596.4743557425,2570244.071585439,E0029894,16.69,10.27,R00386,beyond the 45 m tertiary run
1104542,461349.45452367986,2569458.9295267635,E0035562,15.78,6.81,R00495,beyond the 45 m tertiary run
1104557,459652.6637075374,2569788.5035298374,E0029308,40.38,8.72,R00369,beyond the 45 m tertiary run
1104592,458450.67290756607,2571713.3334849454,E0033905,37.16,17.29,R00460,beyond the 45 m tertiary run
1104722,458688.3361014156,2571703.24752173,E0033943,7.97,7.29,R00461,beyond the 45 m tertiary run
1105046,453850.6980366098,2568368.737793183,E0020756,39.43,2.0,R00203,beyond the 45 m tertiary run
1105098,453912.19905352185,2568298.1506835935,E0020936,16.96,7.29,R00207,beyond the 45 m tertiary run
1105114,453067.8364693748,2568403.92392477,E0020500,29.73,1.13,R00195,beyond the 45 m tertiary run
1105133,453269.1295026664,2568773.576795619,E0021311,53.85,21.55,R00214,beyond the 45 m tertiary run
1105244,453195.13364832225,2568632.732070648,E0021174,13.6,3.39,R00211,beyond the 45 m tertiary run
1105252,453196.6045609857,2568493.549849562,E0021176,36.83,35.13,R00212,beyond the 45 m tertiary run
1105257,453054.88067892555,2568412.282816625,E0020500,14.31,5.81,R00195,beyond the 45 m tertiary run
1105414,456135.49963399075,2572238.8577569243,E0033737,18.02,15.47,R00456,beyond the 45 m tertiary run
1105423,456292.24937079777,2572131.6009778813,E0033735,8.09,0.33,R00452,beyond the 45 m tertiary run
1105424,456275.74949265126,2572142.8911007275,E0033735,28.08,20.87,R00453,beyond the 45 m tertiary run
1105617,453176.14279357827,2567816.1163408156,E0020067,11.6,11.42,R00190,beyond the 45 m tertiary run
1105623,453857.67889461294,2567343.7915317877,E0020050,25.58,23.39,R00188,beyond the 45 m tertiary run
1105646,453770.4668091773,2567317.167628643,E0020051,46.77,9.67,R00189,beyond the 45 m tertiary run
1105794,453198.7743819124,2566932.190195949,E0019236,15.01,14.37,R00173,beyond the 45 m tertiary run
1105796,453284.3300017782,2566975.050403767,E0019233,43.24,16.44,R00172,beyond the 45 m tertiary run
1105824,453663.63733777637,2567006.1020092615,E0019853,20.77,18.06,R00184,beyond the 45 m tertiary run
1105910,452528.26846971636,2567060.816835936,E0019485,27.73,27.64,R00176,beyond the 45 m tertiary run
1106080,453654.5861380137,2567560.459649111,E0020723,40.9,18.93,R00200,beyond the 45 m tertiary run
1106081,453752.5323562003,2567464.6155173294,E0020742,52.57,15.08,R00201,beyond the 45 m tertiary run
1106106,454055.6415490905,2567708.5005632946,E0020542,54.92,21.45,R00196,beyond the 45 m tertiary run
1106119,454009.2889115468,2567637.243453959,E0020543,59.92,16.52,R00197,beyond the 45 m tertiary run
1106474,452581.63577363174,2567372.7599992487,E0019670,53.83,25.51,R00182,beyond the 45 m tertiary run
1106618,452500.1167170067,2567126.202671656,E0019483,58.79,21.01,R00175,beyond the 45 m tertiary run
1106684,452856.5028872459,2567691.8607605994,E0019904,14.85,2.18,R00185,beyond the 45 m tertiary run
1106707,453839.1391592367,2567846.352167351,E0020751,16.61,6.9,R00202,beyond the 45 m tertiary run
1106809,458345.51816332305,2566927.0583161437,E0000368,19.88,19.45,R00001,beyond the 45 m tertiary run
1107096,455843.53350029484,2567897.6446493263,E0030219,10.22,5.49,R00394,beyond the 45 m tertiary run
1107274,459558.42884619045,2567791.385975309,E0024765,37.13,14.32,R00280,beyond the 45 m tertiary run
1107614,454891.82061549363,2566941.6497528497,E0032930,34.36,1.87,R00438,beyond the 45 m tertiary run
1108056,459221.2804545017,2568304.7581126187,E0022714,18.38,11.96,R00244,beyond the 45 m tertiary run
1108185,455055.16172870033,2567013.6753783827,E0031898,5.38,2.63,R00426,beyond the 45 m tertiary run
1108306,455252.96936818154,2568874.207445295,E0022823,21.78,16.79,R00249,beyond the 45 m tertiary run
1108361,454611.7077294465,2567371.443587209,E0019660,26.25,19.61,R00181,beyond the 45 m tertiary run
1108434,453786.47711213474,2570996.369820674,E0024061,31.69,14.85,R00272,beyond the 45 m tertiary run
1108443,453927.4811621389,2571094.9763310347,E0024064,24.44,18.68,R00273,beyond the 45 m tertiary run
1108468,453996.53074964834,2570680.299608347,E0027104,9.1,7.0,R00327,beyond the 45 m tertiary run
1108569,454403.49379444675,2570657.4870884554,E0027677,45.53,22.71,R00342,beyond the 45 m tertiary run
1108640,454460.6225686562,2570771.2569511817,E0027027,51.21,25.26,R00326,beyond the 45 m tertiary run
1108692,454254.0383255138,2570463.4700963907,E0028183,30.14,29.74,R00352,beyond the 45 m tertiary run
1108693,454239.59138793556,2570458.61172554,E0028183,14.9,4.89,R00351,beyond the 45 m tertiary run
1108700,454264.5526621871,2570467.005970103,E0028183,41.23,33.86,R00353,beyond the 45 m tertiary run
1108701,454244.65179087815,2570460.3134920225,E0028183,20.23,19.21,R00351,beyond the 45 m tertiary run
1108774,453769.3766045925,2570166.15317577,E0026413,40.28,21.2,R00311,beyond the 45 m tertiary run
1108796,453839.5054371514,2570275.6156825004,E0026411,30.28,27.28,R00310,beyond the 45 m tertiary run
1108807,453850.29447586637,2570292.4560487214,E0026411,10.28,7.36,R00309,beyond the 45 m tertiary run
1108855,454174.9486819192,2570337.04358192,E0025963,31.92,0.54,R00300,beyond the 45 m tertiary run
1108857,454284.1879852565,2570473.6091467785,E0028183,61.95,12.75,R00354,beyond the 45 m tertiary run
1108960,454500.75180674513,2570967.720474879,E0025538,22.49,7.53,R00292,beyond the 45 m tertiary run
1109023,454390.2665499803,2570217.460601248,E0025957,19.07,7.43,R00299,beyond the 45 m tertiary run
1109161,455076.74938249984,2568521.2493024487,E0021735,42.55,20.55,R00221,beyond the 45 m tertiary run
1109240,456047.8343577004,2568793.4810710545,E0022397,15.42,12.92,R00238,beyond the 45 m tertiary run
1109267,456368.6639703175,2568619.3078391883,E0021724,15.83,15.37,R00219,beyond the 45 m tertiary run
1109275,456139.07873356267,2568515.6750046397,E0022748,11.74,11.61,R00245,beyond the 45 m tertiary run
1109276,456145.5321398655,2568518.973479583,E0022748,18.99,18.6,R00246,beyond the 45 m tertiary run
1109334,454784.68450874265,2567508.015059049,E0020042,36.98,33.74,R00187,beyond the 45 m tertiary run
1109408,455266.7977417998,2568499.8901809566,E0022016,62.88,14.76,R00234,beyond the 45 m tertiary run
1109432,454819.6198553354,2568416.344437786,E0021121,38.08,5.34,R00209,beyond the 45 m tertiary run
1109556,455971.2006196611,2568783.106180837,E0022398,22.75,20.37,R00239,beyond the 45 m tertiary run
1109593,456387.1301460118,2568626.9863839806,E0021724,35.83,33.9,R00220,beyond the 45 m tertiary run
1109595,456327.11489562737,2568602.031038818,E0021723,40.83,28.3,R00218,beyond the 45 m tertiary run
1109670,456189.1245131024,2572202.1646694127,E0033736,43.04,38.71,R00455,beyond the 45 m tertiary run
1109671,456205.62450596364,2572190.874468073,E0033736,23.05,18.17,R00454,beyond the 45 m tertiary run
1109679,456468.2213407343,2571998.1044029444,E0034218,51.11,30.05,R00467,beyond the 45 m tertiary run
1109863,456688.6875620335,2572332.313197842,E0034744,54.59,30.58,R00483,beyond the 45 m tertiary run
1109958,457701.7997846854,2570218.3121138914,E0024993,2.75,0.12,R00287,beyond the 45 m tertiary run
1109961,457795.3393909565,2570175.1433019293,E0025073,15.22,10.54,R00288,beyond the 45 m tertiary run
1110068,454789.8021131213,2571184.775207059,E0023926,16.93,15.6,R00270,beyond the 45 m tertiary run
1110125,456621.97059750056,2571886.09003399,E0035148,58.15,19.73,R00489,beyond the 45 m tertiary run
1110126,456642.7750107162,2571870.9155888436,E0035148,32.4,29.85,R00488,beyond the 45 m tertiary run
1110129,456663.57947154326,2571855.7411089707,E0035148,6.65,4.16,R00487,beyond the 45 m tertiary run
1110211,459990.46084119583,2568216.912173524,E0026325,27.85,20.21,R00304,beyond the 45 m tertiary run
1110229,459919.61454588536,2567729.842490796,E0023143,25.86,22.69,R00258,beyond the 45 m tertiary run
1110244,460214.4878112338,2568735.4716418684,E0026914,54.47,4.11,R00325,beyond the 45 m tertiary run
1110312,460570.87774141383,2569969.4537271457,E0033162,50.26,19.89,R00441,beyond the 45 m tertiary run
1110454,460024.7276243526,2570033.060822067,E0031565,40.15,0.5,R00424,beyond the 45 m tertiary run
1110562,460151.12345688744,2569750.977083033,E0030975,39.92,37.07,R00413,beyond the 45 m tertiary run
1110592,460340.30825678346,2569879.064613397,E0030413,66.12,13.79,R00401,beyond the 45 m tertiary run
1110594,460325.2022778934,2569842.026445073,E0030414,26.12,25.82,R00402,beyond the 45 m tertiary run
1110595,460317.6492463492,2569823.5072576893,E0030414,46.12,33.49,R00403,beyond the 45 m tertiary run
1110597,460293.10199907847,2569763.3201567465,E0030415,31.12,30.4,R00405,beyond the 45 m tertiary run
1110639,461015.7537427829,2569726.107419043,E0033676,14.78,5.42,R00451,beyond the 45 m tertiary run
1110688,460535.9878683509,2569688.3181015803,E0030996,25.14,23.44,R00416,beyond the 45 m tertiary run
1110723,460755.51067588973,2569555.7759840433,E0032646,40.46,38.81,R00437,beyond the 45 m tertiary run
1110798,461330.263090458,2569466.4051143634,E0035562,36.38,5.13,R00495,beyond the 45 m tertiary run
1110801,461328.42550742987,2569358.9424513835,E0031006,10.01,5.72,R00417,beyond the 45 m tertiary run
1110806,461081.04895781056,2569424.609431224,E0034530,38.15,36.45,R00472,beyond the 45 m tertiary run
1110878,461333.85459338257,2569140.015733854,E0029909,38.07,35.49,R00388,beyond the 45 m tertiary run
1111078,461074.7964587227,2568808.1675154995,E0029905,21.94,20.05,R00387,beyond the 45 m tertiary run
1111247,459781.16976185713,2569714.370596481,E0029317,26.18,22.04,R00372,beyond the 45 m tertiary run
1111249,459859.9790842203,2569682.5233756388,E0029316,21.18,16.89,R00371,beyond the 45 m tertiary run
1111285,460300.42090507055,2569506.0053104456,E0030989,64.4,17.34,R00415,beyond the 45 m tertiary run
1111287,460323.70664464985,2569496.909598918,E0030989,39.4,35.92,R00414,beyond the 45 m tertiary run
1111332,460086.3438117371,2569480.29117296,E0029861,30.7,28.74,R00383,beyond the 45 m tertiary run
1111390,460914.2452416023,2569260.362434174,E0033159,7.65,5.03,R00440,beyond the 45 m tertiary run
1111393,460822.0651971132,2569113.791821519,E0032640,47.26,30.74,R00436,beyond the 45 m tertiary run
1111404,460885.79446541663,2569272.32655597,E0033159,38.51,0.65,R00440,beyond the 45 m tertiary run
1111484,460481.1464364346,2568874.756895292,E0030970,63.53,18.25,R00412,beyond the 45 m tertiary run
1111498,460368.65982218017,2569104.1410584794,E0030396,10.62,9.51,R00398,beyond the 45 m tertiary run
1111503,460428.94531260245,2569079.83546389,E0030395,25.62,24.46,R00397,beyond the 45 m tertiary run
1111506,460479.1134333659,2568923.244814738,E0030959,39.96,37.46,R00409,beyond the 45 m tertiary run
1111508,460365.1847810277,2568921.3249061257,E0029849,19.47,16.49,R00378,beyond the 45 m tertiary run
1111512,460253.5169827593,2569047.08705755,E0029853,15.98,13.98,R00380,beyond the 45 m tertiary run
1111609,460365.5341958626,2568635.4710084046,E0027568,10.31,9.79,R00339,beyond the 45 m tertiary run
1111622,460352.7548847908,2568602.8881177967,E0027568,45.31,34.47,R00340,beyond the 45 m tertiary run
1111629,460299.9739907789,2568760.978364122,E0026911,21.16,16.06,R00324,beyond the 45 m tertiary run
1111635,460475.3247676357,2568682.935664289,E0027566,10.0,8.65,R00338,beyond the 45 m tertiary run
1111755,460274.2159762008,2569096.9765397264,E0029852,41.96,35.63,R00379,beyond the 45 m tertiary run
1111769,460155.1482752517,2569269.6460865247,E0029271,12.9,2.19,R00368,beyond the 45 m tertiary run
1111821,459667.62016660185,2568506.28532611,E0026285,19.82,16.68,R00301,beyond the 45 m tertiary run
1111857,459946.64364761685,2568234.4734977037,E0026325,75.05,4.76,R00305,beyond the 45 m tertiary run
1111859,459909.5142105815,2568249.354461707,E0026326,35.06,34.81,R00306,beyond the 45 m tertiary run
1111860,459890.94944898254,2568256.794960975,E0026326,55.06,24.67,R00307,beyond the 45 m tertiary run
1111999,460483.71032393316,2569331.310066247,E0030966,10.09,8.38,R00410,beyond the 45 m tertiary run
1112150,459417.8452720027,2569652.6066784607,E0028674,38.15,2.85,R00361,beyond the 45 m tertiary run
1112204,459306.29186242446,2569848.4512155973,E0028688,29.95,24.18,R00364,beyond the 45 m tertiary run
1112205,459286.41050278203,2569850.6227393486,E0028688,9.95,4.31,R00363,beyond the 45 m tertiary run
1112272,455203.6261345656,2567720.7964085876,E0020203,48.35,24.37,R00192,beyond the 45 m tertiary run
1112285,460455.01906611485,2571519.9568240843,E0036741,31.99,21.56,R00526,beyond the 45 m tertiary run
1112286,460443.8178227555,2571502.1934567443,E0036741,10.99,4.6,R00525,beyond the 45 m tertiary run
1112365,460792.7418822364,2571109.6298529166,E0035571,37.89,33.26,R00496,beyond the 45 m tertiary run
1112453,457750.62149898853,2570479.316562023,E0023476,65.81,12.14,R00263,beyond the 45 m tertiary run
1112890,460056.68501336384,2571430.3931173035,E0033291,36.14,0.35,R00449,beyond the 45 m tertiary run
1112891,460040.55769048765,2571498.144552802,E0033315,51.64,34.94,R00450,beyond the 45 m tertiary run
1112967,460076.5968368665,2570863.1574936113,E0034109,9.18,7.27,R00463,beyond the 45 m tertiary run
1113010,460444.4364529627,2570660.832574957,E0032112,37.8,36.78,R00432,beyond the 45 m tertiary run
1113011,460364.49615320284,2570774.6547000483,E0032117,63.79,5.65,R00433,beyond the 45 m tertiary run
1113200,461072.96256048855,2570296.9901934685,E0033287,60.24,17.79,R00447,beyond the 45 m tertiary run
1113203,461038.62736013514,2570247.784751269,E0033288,40.24,37.77,R00448,beyond the 45 m tertiary run
1113226,460908.67715714383,2570281.6118392246,E0033249,38.45,37.55,R00443,beyond the 45 m tertiary run
1113308,461142.5180801077,2571011.5426897313,E0036731,21.06,17.43,R00524,beyond the 45 m tertiary run
1113331,461253.66518350143,2570877.6797778765,E0035593,42.16,8.06,R00498,beyond the 45 m tertiary run
1113489,461327.59774534433,2570070.9059584322,E0034177,24.91,23.7,R00464,beyond the 45 m tertiary run
1113502,461561.3516428825,2570100.0257117646,E0034587,34.64,0.93,R00480,beyond the 45 m tertiary run
1113509,461457.503654445,2569955.4782581106,E0034583,38.52,2.31,R00478,beyond the 45 m tertiary run
1113529,461740.9142360935,2570068.7484175973,E0035120,18.88,17.42,R00485,beyond the 45 m tertiary run
1113581,461234.65827416145,2570161.1149826897,E0033739,40.29,38.25,R00458,beyond the 45 m tertiary run
1113593,461266.91443809186,2569984.7219876936,E0034178,50.31,25.42,R00465,beyond the 45 m tertiary run
1113738,462136.6037442248,2571079.574591065,E0038567,31.67,28.84,R00573,beyond the 45 m tertiary run
1113743,462246.21274618164,2570942.247630122,E0038699,8.3,4.59,R00578,beyond the 45 m tertiary run
1113815,461936.7911007945,2571168.12597477,E0038706,49.02,29.84,R00584,beyond the 45 m tertiary run
1113817,461903.60006779345,2571190.440982839,E0038707,9.01,8.56,R00585,beyond the 45 m tertiary run
1113818,461858.14564173116,2571279.113884594,E0038698,18.95,18.65,R00577,beyond the 45 m tertiary run
1113850,462214.70359231,2570896.231119702,E0038699,64.07,14.16,R00581,beyond the 45 m tertiary run
1113852,462240.1269878809,2570933.359883996,E0038699,19.08,17.7,R00579,beyond the 45 m tertiary run
1113864,461889.3159783003,2570727.139704629,E0036403,37.68,36.1,R00517,beyond the 45 m tertiary run
1113989,461651.1707563267,2570826.626447034,E0035931,6.08,5.43,R00502,beyond the 45 m tertiary run
1113996,461439.5644559415,2570974.076965164,E0035948,13.28,11.84,R00506,beyond the 45 m tertiary run
1114132,461930.3483699551,2570632.1065967795,E0036407,8.54,3.94,R00518,beyond the 45 m tertiary run
1114134,462050.46962606476,2570511.2715432257,E0036401,39.8,37.05,R00516,beyond the 45 m tertiary run
1114171,462287.59169037384,2570553.225594306,E0035936,39.62,37.37,R00503,beyond the 45 m tertiary run
1114181,462492.6604452175,2570550.5250466815,E0036377,20.35,17.84,R00512,beyond the 45 m tertiary run
1114215,461958.37020685326,2570081.596929274,E0034565,20.18,17.66,R00475,beyond the 45 m tertiary run
1114216,461946.85576382413,2570065.244005374,E0034565,40.18,37.57,R00476,beyond the 45 m tertiary run
1114353,461286.8654130775,2570226.139104467,E0033283,35.4,14.64,R00445,beyond the 45 m tertiary run
1114354,461239.20488770615,2570157.8139838646,E0033739,34.67,13.75,R00457,beyond the 45 m tertiary run
1114395,461653.14002780087,2570943.7382324305,E0035943,63.64,16.23,R00505,beyond the 45 m tertiary run
1114396,461669.17289986816,2570931.7977005565,E0035943,43.65,35.6,R00504,beyond the 45 m tertiary run
1114586,462621.15027438337,2569943.287172508,E0036388,14.91,14.7,R00514,beyond the 45 m tertiary run
1114587,462609.54322260973,2569927.00095767,E0036388,34.91,20.07,R00515,beyond the 45 m tertiary run
1114669,462251.99131530913,2569852.905065639,E0034552,9.13,5.01,R00473,beyond the 45 m tertiary run
1114673,462314.5328360437,2569718.8816258633,E0034559,53.73,32.74,R00474,beyond the 45 m tertiary run
1114812,462868.8825817646,2570366.646510791,E0037423,48.91,28.05,R00545,beyond the 45 m tertiary run
1114814,462770.8792778183,2570306.4027723814,E0037119,24.15,23.83,R00536,beyond the 45 m tertiary run
1114936,454078.73601609067,2570190.418239802,E0025530,30.36,25.61,R00291,beyond the 45 m tertiary run
1115081,454381.11880310473,2569269.37023287,E0022854,41.84,5.11,R00254,beyond the 45 m tertiary run
1115086,454279.09938414284,2569184.701723605,E0022846,37.83,35.99,R00252,beyond the 45 m tertiary run
1115116,454599.49732067063,2569029.003194173,E0022459,31.8,17.43,R00240,beyond the 45 m tertiary run
1115514,453836.5322644327,2569418.7700350154,E0024266,18.05,16.82,R00275,beyond the 45 m tertiary run
1115597,454361.16890651145,2569079.792129799,E0022848,35.13,32.6,R00253,beyond the 45 m tertiary run
1115600,454523.54538347194,2569065.9045302006,E0022845,9.7,6.58,R00251,beyond the 45 m tertiary run
1115603,454469.5751068703,2569212.3638663823,E0022855,57.08,30.49,R00256,beyond the 45 m tertiary run
1115604,454452.7638517874,2569223.1980130463,E0022855,37.08,34.77,R00255,beyond the 45 m tertiary run
1115607,454402.3299703447,2569255.7005279213,E0022854,67.08,21.02,R00254,beyond the 45 m tertiary run
1115658,454302.9119929071,2569868.394738745,E0024907,20.99,19.48,R00282,beyond the 45 m tertiary run
1115685,455071.7626213951,2569605.1379158148,E0037984,58.59,19.71,R00561,beyond the 45 m tertiary run
1115811,459911.57686957926,2569986.238039884,E0029310,43.9,23.7,R00370,beyond the 45 m tertiary run
1115962,458649.64963740564,2569119.7951343115,E0027600,53.96,29.67,R00341,beyond the 45 m tertiary run
1116110,459282.2759559947,2569104.736586545,E0027512,49.19,28.99,R00336,beyond the 45 m tertiary run
1116111,459285.53415877454,2568970.6467417604,E0026287,42.21,16.74,R00302,beyond the 45 m tertiary run
1116135,459041.8158773887,2569374.391913377,E0026883,41.67,40.6,R00323,beyond the 45 m tertiary run
1116161,459330.6774770131,2569330.3298951155,E0028093,47.09,21.29,R00348,beyond the 45 m tertiary run
1116183,459384.1741523369,2568690.7639578874,E0024743,16.4,3.6,R00279,beyond the 45 m tertiary run
1116237,453997.71833713993,2569340.0867161443,E0023789,12.12,9.54,R00264,beyond the 45 m tertiary run
1116243,454023.72184927476,2569323.966689979,E0023789,42.71,4.96,R00264,beyond the 45 m tertiary run
1116262,453861.3432726046,2569302.490123039,E0023796,23.82,21.77,R00265,beyond the 45 m tertiary run
1116292,454099.1665824977,2569103.0968184834,E0022504,26.12,20.43,R00241,beyond the 45 m tertiary run
1116294,454090.72276894684,2569089.801371652,E0022504,41.87,36.18,R00242,beyond the 45 m tertiary run
1116468,455929.36103613523,2570955.590720775,E0027901,70.57,8.75,R00346,beyond the 45 m tertiary run
1116474,456021.84095826244,2570955.223415671,E0027900,58.09,16.75,R00344,beyond the 45 m tertiary run
1116476,455979.7180484111,2570955.390716415,E0027901,20.21,20.21,R00345,beyond the 45 m tertiary run
1116480,455958.13604177604,2570793.614586747,E0027886,15.84,2.48,R00343,beyond the 45 m tertiary run
1116565,457632.7692375184,2570585.462495034,E0024918,8.25,4.97,R00283,beyond the 45 m tertiary run
1116582,457302.3692763968,2570570.4937760876,E0025551,12.25,9.66,R00293,beyond the 45 m tertiary run
1116743,456138.98023688747,2570922.045816588,E0028870,15.89,0.83,R00367,beyond the 45 m tertiary run
1116768,457648.4586700785,2570883.645207535,E0025105,39.99,5.28,R00289,beyond the 45 m tertiary run
1116820,457411.61652868945,2571031.9208670906,E0027161,40.6,36.03,R00328,beyond the 45 m tertiary run
1116835,457376.7585594125,2570993.935315364,E0027162,26.29,23.47,R00329,beyond the 45 m tertiary run
1116895,454558.02930921916,2570800.580864472,E0024872,40.74,18.59,R00281,beyond the 45 m tertiary run
1116975,455214.32641443255,2570029.2223200686,E0001978,42.75,21.92,R00009,beyond the 45 m tertiary run
1117068,456119.7180472392,2569130.213527243,E0035210,38.67,19.44,R00490,beyond the 45 m tertiary run
1117226,454164.35500616045,2571093.2447798173,E0024042,50.89,33.8,R00271,beyond the 45 m tertiary run
1117230,454356.4971412074,2571178.030580418,E0023908,33.03,29.36,R00268,beyond the 45 m tertiary run
1117234,454370.9497442857,2571262.356722489,E0023909,26.42,22.95,R00269,beyond the 45 m tertiary run
1117239,454278.9764992913,2571207.3870677603,E0023904,12.73,5.92,R00266,beyond the 45 m tertiary run
1117257,459289.61610748275,2569128.992800914,E0027512,23.85,22.41,R00335,beyond the 45 m tertiary run
1117268,459313.0628262437,2569206.4746672544,E0028096,25.13,18.93,R00350,beyond the 45 m tertiary run
1117275,459323.7479231746,2569263.4231769703,E0028094,44.36,20.08,R00349,beyond the 45 m tertiary run
1117404,456670.6231336102,2572308.3614795683,E0034744,24.59,19.82,R00482,beyond the 45 m tertiary run
1117567,456590.9236746612,2572242.0196127263,E0034208,23.68,21.27,R00466,beyond the 45 m tertiary run
1117693,457106.1657894465,2571848.691660049,E0029998,4.91,0.13,R00389,beyond the 45 m tertiary run
1117694,457086.19467161305,2571863.7309056763,E0029998,29.91,25.05,R00390,beyond the 45 m tertiary run
1117777,456972.3163317724,2571644.1174971405,E0026639,18.86,17.46,R00314,beyond the 45 m tertiary run
1117821,457045.5874424108,2571459.938591606,E0025684,15.19,13.52,R00297,beyond the 45 m tertiary run
1117979,454355.97788195556,2571172.4521353436,E0023908,27.43,23.65,R00268,beyond the 45 m tertiary run
1117980,454354.52685369167,2571156.8636187343,E0023908,11.77,8.73,R00267,beyond the 45 m tertiary run
1117981,454356.50286032824,2571178.0920214057,E0023908,33.09,9.09,R00268,beyond the 45 m tertiary run
1118028,455492.05797113385,2570387.802042682,E0031667,34.43,1.9,R00425,beyond the 45 m tertiary run
1118037,454974.356711916,2570741.298007498,E0028755,29.26,21.26,R00365,beyond the 45 m tertiary run
1118052,457648.6420130316,2570884.5324453795,E0025105,40.89,29.44,R00289,beyond the 45 m tertiary run
1118056,457428.3103209688,2570854.221038705,E0026467,38.58,21.72,R00312,beyond the 45 m tertiary run
1118094,459640.3353574858,2569597.3147463356,E0028684,29.9,29.69,R00362,beyond the 45 m tertiary run
1118160,459390.24570648914,2570002.839842214,E0029891,33.12,26.31,R00385,beyond the 45 m tertiary run
1118307,462887.6909195294,2570354.295164611,E0037423,26.41,23.86,R00544,beyond the 45 m tertiary run
1118308,462773.9696823724,2570229.0026542037,E0037117,39.08,34.33,R00535,beyond the 45 m tertiary run
1118333,462753.3038523432,2569978.602392331,E0036382,44.99,28.46,R00513,beyond the 45 m tertiary run
1118358,462428.2616921115,2569846.101222907,E0035577,25.66,23.59,R00497,beyond the 45 m tertiary run
1118498,462005.0896684589,2570280.241353085,E0035606,14.47,11.43,R00499,beyond the 45 m tertiary run
1118503,461946.94647892605,2570065.3728398434,E0034565,40.03,2.41,R00475,beyond the 45 m tertiary run
1118538,461804.36076016526,2570525.0606223345,E0036410,40.96,38.9,R00519,beyond the 45 m tertiary run
1118598,462228.8276938668,2570916.8582006167,E0038699,39.07,37.53,R00580,beyond the 45 m tertiary run
1118599,462180.8057421895,2570846.7261161837,E0038700,44.07,33.65,R00582,beyond the 45 m tertiary run
1118605,461957.53544194694,2571154.1791313505,E0038706,24.02,22.45,R00583,beyond the 45 m tertiary run
1118664,461186.11322897626,2570196.360365997,E0033740,20.28,19.97,R00459,beyond the 45 m tertiary run
1118666,461254.885394188,2570146.429393341,E0033739,15.29,13.36,R00457,beyond the 45 m tertiary run
1118694,461468.88594203704,2569971.3214218826,E0034583,19.01,18.08,R00478,beyond the 45 m tertiary run
1118695,461457.2176152588,2569955.080116205,E0034583,39.01,37.79,R00479,beyond the 45 m tertiary run
1118698,461431.2268874517,2570218.082692125,E0034582,11.48,9.46,R00477,beyond the 45 m tertiary run
1118702,461425.4662478367,2570131.094586599,E0034589,48.52,29.54,R00481,beyond the 45 m tertiary run
1118710,461376.83781033085,2571268.0554252197,E0037649,53.08,14.47,R00556,beyond the 45 m tertiary run
1118767,461054.94023660594,2570491.0160261127,E0033276,57.9,18.42,R00444,beyond the 45 m tertiary run
1118773,461087.2688716867,2570317.492429119,E0033287,35.24,33.28,R00446,beyond the 45 m tertiary run
1118853,460301.38237082167,2570902.620563227,E0033234,8.85,5.52,R00442,beyond the 45 m tertiary run
1118974,455655.1555653524,2568027.313187375,E0020410,42.43,1.11,R00194,beyond the 45 m tertiary run
1118993,460617.52588306053,2571528.16705584,E0036745,43.11,38.93,R00527,beyond the 45 m tertiary run
1119070,460574.3903699691,2569561.1198636903,E0032078,17.63,8.32,R00431,beyond the 45 m tertiary run
1119086,460599.6385998701,2568998.997353762,E0031546,10.12,9.05,R00422,beyond the 45 m tertiary run
1119110,459721.38244805613,2568182.7288602716,E0026289,41.06,36.16,R00303,beyond the 45 m tertiary run
1119120,459830.6141245692,2568280.9765231647,E0026327,40.06,39.58,R00308,beyond the 45 m tertiary run
1119136,460136.5441678815,2569379.4578895993,E0029872,17.52,15.29,R00384,beyond the 45 m tertiary run
1119141,460297.2083613151,2569152.3936396255,E0030402,69.37,16.29,R00399,beyond the 45 m tertiary run
1119161,460504.34600948985,2568865.4403848853,E0030970,38.53,36.58,R00411,beyond the 45 m tertiary run
1119177,460207.7403741659,2568528.92741887,E0026877,28.0,22.82,R00322,beyond the 45 m tertiary run
1119208,460355.3976875062,2568843.617854021,E0030393,9.87,7.45,R00396,beyond the 45 m tertiary run
1119223,460996.69225459,2569320.182451832,E0034100,40.29,3.93,R00462,beyond the 45 m tertiary run
1119234,460389.01922460657,2569552.772646925,E0031560,13.11,11.29,R00423,beyond the 45 m tertiary run
1119250,460070.04843425436,2569693.935837859,E0030388,6.6,6.28,R00395,beyond the 45 m tertiary run
1119255,460140.31356080197,2569614.8759388467,E0029859,45.7,32.21,R00381,beyond the 45 m tertiary run
1119256,460117.9812646854,2569559.1857254095,E0029860,25.7,23.66,R00382,beyond the 45 m tertiary run
1119271,460917.33385734237,2568699.5922646113,E0029321,26.43,23.17,R00373,beyond the 45 m tertiary run
1119285,460903.92622439616,2568843.6464379216,E0029323,39.3,37.97,R00374,beyond the 45 m tertiary run
1119323,461176.00997962017,2569203.4947362635,E0030424,36.89,34.6,R00406,beyond the 45 m tertiary run
1119343,461185.5939497701,2569334.3122853884,E0030446,44.86,32.92,R00407,beyond the 45 m tertiary run
1119389,460308.2080129372,2569800.3584108097,E0030414,71.12,8.37,R00404,beyond the 45 m tertiary run
1119400,460275.07620751334,2569977.181921795,E0032066,6.15,5.11,R00428,beyond the 45 m tertiary run
1119402,460242.6818606613,2569990.433187997,E0032066,41.15,38.02,R00429,beyond the 45 m tertiary run
1119403,460196.404245108,2570009.363558956,E0032067,11.15,10.61,R00430,beyond the 45 m tertiary run
1119448,460040.9573046823,2570377.4891352295,E0031047,38.65,33.5,R00418,beyond the 45 m tertiary run
1119566,454673.31117706513,2571384.583377053,E0022962,48.27,23.93,R00257,beyond the 45 m tertiary run
1119592,456466.6332189885,2571384.1569393068,E0028423,34.51,1.52,R00357,beyond the 45 m tertiary run
1119602,456264.8770023884,2571769.67751989,E0035146,9.93,5.83,R00486,beyond the 45 m tertiary run
1119653,456308.64871993224,2568594.3524940256,E0021723,20.83,19.78,R00217,beyond the 45 m tertiary run
1119690,454990.1918279868,2568332.581602283,E0021086,9.9,8.99,R00208,beyond the 45 m tertiary run
1119691,454776.4256177307,2568233.797865398,E0020895,41.91,38.83,R00206,beyond the 45 m tertiary run
1119725,455248.2824363683,2568514.9105674378,E0022016,39.04,36.81,R00233,beyond the 45 m tertiary run
1120032,455402.1584368775,2574630.3508892204,E0003465,31.86,31.41,R00015,beyond the 45 m tertiary run
1120113,455555.3732772189,2574745.432967388,E0004100,56.2,21.13,R00019,beyond the 45 m tertiary run
1120138,455469.3439487919,2574597.020536989,E0003463,51.86,37.08,R00014,beyond the 45 m tertiary run
1120142,455494.42648851394,2574584.577230985,E0003463,23.86,22.57,R00013,beyond the 45 m tertiary run
1120146,455561.6120402399,2574551.246859003,E0003462,38.86,36.95,R00012,beyond the 45 m tertiary run
1120209,455319.8558827367,2575983.2074067844,E0033042,24.08,13.85,R00439,beyond the 45 m tertiary run
1120211,455276.7999417531,2576145.8355810368,E0035011,43.02,3.5,R00484,beyond the 45 m tertiary run
1120212,455278.72125427745,2576143.409236365,E0035011,39.93,26.86,R00484,beyond the 45 m tertiary run
1120517,450138.48677131254,2574467.5523178256,E0024988,26.7,24.84,R00286,beyond the 45 m tertiary run
1120521,450197.42184813495,2574512.303020226,E0024987,22.7,20.71,R00285,beyond the 45 m tertiary run
1120527,454783.39963698515,2573895.3457733816,E0028650,1.43,0.94,R00359,beyond the 45 m tertiary run
1120543,454624.0403210272,2573647.0827583373,E0027514,35.9,33.6,R00337,beyond the 45 m tertiary run
1120807,455207.4296422742,2577179.3255848624,E0037857,26.1,10.38,R00560,beyond the 45 m tertiary run
1120851,455213.69110632053,2576447.761178154,E0037095,30.69,21.05,R00534,beyond the 45 m tertiary run
1120867,455302.82575453253,2577335.3276061905,E0038146,13.25,9.11,R00565,beyond the 45 m tertiary run
1120877,455215.5980380668,2577173.0800931114,E0037857,15.82,9.51,R00560,beyond the 45 m tertiary run
1120894,455248.81646538735,2576518.5537771294,E0037093,31.67,22.39,R00533,beyond the 45 m tertiary run
1120977,453256.8706016742,2573938.807379378,E0032608,29.08,15.09,R00435,beyond the 45 m tertiary run
1121173,456022.8591284066,2574558.0823534844,E0004111,66.4,17.59,R00020,beyond the 45 m tertiary run
1121426,454173.08987626445,2576598.4702522736,E0037338,41.68,27.43,R00543,beyond the 45 m tertiary run
1121490,454073.5868225957,2576061.533885293,E0036335,46.48,22.72,R00510,beyond the 45 m tertiary run
1121499,453714.3373301103,2575967.2728257426,E0034495,72.51,7.46,R00471,beyond the 45 m tertiary run
1121961,454521.6041155561,2576322.8689728677,E0035887,19.31,15.39,R00501,beyond the 45 m tertiary run
1121989,454651.06181217957,2576798.133703624,E0037000,39.69,1.23,R00532,beyond the 45 m tertiary run
1122012,454657.17688701575,2576671.6815901524,E0036639,46.89,42.88,R00522,beyond the 45 m tertiary run
1122061,454719.3872895794,2576184.744339828,E0036346,2.79,1.13,R00511,beyond the 45 m tertiary run
1122607,454761.65746480436,2576074.8524418822,E0036677,66.27,16.55,R00523,beyond the 45 m tertiary run
1123062,452426.86222155904,2572999.076909648,E0020663,74.72,12.05,R00199,beyond the 45 m tertiary run
1123065,452543.9300290402,2573088.282081559,E0020844,15.56,2.7,R00205,beyond the 45 m tertiary run
1123074,452611.93621653353,2573588.28666254,E0021712,43.39,7.01,R00216,beyond the 45 m tertiary run
1123198,453410.5791277063,2577070.0578418546,E0036296,21.87,19.32,R00509,beyond the 45 m tertiary run
1123977,452554.8084219438,2574183.82392105,E0022839,28.9,26.79,R00250,beyond the 45 m tertiary run
1124129,453141.6784773575,2576957.431637618,E0036273,54.04,23.13,R00508,beyond the 45 m tertiary run
1124319,448061.2538186747,2571872.548420896,E0024537,34.15,22.09,R00277,beyond the 45 m tertiary run
1124342,449460.36901943496,2570869.0247008693,E0000966,9.73,8.13,R00002,beyond the 45 m tertiary run
1124350,449366.8687331662,2570894.4052785845,E0025705,9.84,0.42,R00298,beyond the 45 m tertiary run
1124673,448564.3349975212,2573395.20911958,E0024968,31.32,29.38,R00284,beyond the 45 m tertiary run
1124675,448480.9255484482,2573289.117275472,E0028861,18.62,17.93,R00366,beyond the 45 m tertiary run
1124693,449172.0441139108,2570921.1594647085,E0025175,44.64,14.91,R00290,beyond the 45 m tertiary run
1124797,448300.79390544473,2572672.119961229,E0026659,24.19,24.12,R00315,beyond the 45 m tertiary run
1124798,448320.7626094181,2572671.000940769,E0026659,44.19,35.73,R00316,beyond the 45 m tertiary run
1125151,450548.3139031457,2574564.027668119,E0021897,14.48,13.0,R00228,beyond the 45 m tertiary run
1125159,450453.70735139004,2574490.2191560296,E0021899,14.47,14.36,R00230,beyond the 45 m tertiary run
1125202,450649.01270679414,2574642.5891284887,E0021895,46.76,31.17,R00227,beyond the 45 m tertiary run
1125214,450816.1593101421,2574771.2523363065,E0021891,45.81,13.14,R00222,beyond the 45 m tertiary run
1125216,450725.6402359939,2574702.1777103436,E0021893,71.34,6.56,R00226,beyond the 45 m tertiary run
1125219,450762.4612035373,2574729.74682621,E0021893,25.34,23.82,R00224,beyond the 45 m tertiary run
1125221,450746.9993212548,2574718.169986909,E0021893,44.65,30.72,R00225,beyond the 45 m tertiary run
1125232,450786.2211294758,2574747.6719941366,E0021892,23.92,1.1,R00223,beyond the 45 m tertiary run
1125352,450630.322100462,2574840.9406128824,E0029664,14.19,11.21,R00377,beyond the 45 m tertiary run
1125405,450493.9150957549,2574521.587742359,E0021898,23.47,22.78,R00229,beyond the 45 m tertiary run
1125411,450348.31307523587,2574717.381606582,E0026676,27.49,23.85,R00317,beyond the 45 m tertiary run
1125709,447207.2625361421,2572099.9929401223,E0027272,39.76,27.81,R00331,beyond the 45 m tertiary run
1125790,446683.29860557325,2572246.807178083,E0030082,43.54,34.09,R00393,beyond the 45 m tertiary run
1125907,447128.1186833665,2571815.49301699,E0027268,40.43,30.78,R00330,beyond the 45 m tertiary run
1125939,446564.60649901506,2572158.737896306,E0030075,14.57,5.22,R00391,beyond the 45 m tertiary run
1126591,448332.1301852407,2572409.8573780754,E0026532,15.89,14.15,R00313,beyond the 45 m tertiary run
1126596,448393.8448900105,2572299.530913931,E0025625,11.12,0.3,R00296,beyond the 45 m tertiary run
1126681,446689.61519914836,2572378.3139913273,E0030080,44.47,8.16,R00392,beyond the 45 m tertiary run
1126739,447030.3074889994,2571341.22750253,E0027316,37.45,27.88,R00333,beyond the 45 m tertiary run
1127060,445700.6643425042,2572317.45152803,E0035253,37.26,21.55,R00491,beyond the 45 m tertiary run
1127439,450056.5367610854,2574297.448400726,E0024441,37.49,15.04,R00276,beyond the 45 m tertiary run
1127698,446813.3563930814,2572233.873306072,E0029518,39.62,3.06,R00376,beyond the 45 m tertiary run
1127760,447283.9989073458,2571948.0605930723,E0027282,42.27,17.38,R00332,beyond the 45 m tertiary run
1128154,448353.9687326009,2572234.38168419,E0025624,4.6,2.42,R00294,beyond the 45 m tertiary run
1128155,448361.81523565634,2572252.778518869,E0025624,24.6,22.36,R00295,beyond the 45 m tertiary run
1128188,451981.1859584426,2572443.072290285,E0001440,57.72,6.45,R00003,beyond the 45 m tertiary run
1128189,451938.97635684797,2572415.972632895,E0001441,41.39,36.87,R00004,beyond the 45 m tertiary run
1128190,451917.4133424894,2572403.3223711667,E0001441,66.39,11.81,R00005,beyond the 45 m tertiary run
1128585,448335.8757857398,2573052.7817880693,E0028296,12.39,10.18,R00355,beyond the 45 m tertiary run
1128638,447806.3694674231,2572350.762093997,E0028356,16.86,15.39,R00356,beyond the 45 m tertiary run
1128642,447887.63620816625,2572542.6450777827,E0029456,15.29,5.14,R00375,beyond the 45 m tertiary run
1128904,449509.4041135728,2571204.8821627502,E0022197,26.89,12.78,R00235,beyond the 45 m tertiary run
1128946,452437.15619741613,2572981.0966769946,E0020663,54.0,0.21,R00198,beyond the 45 m tertiary run
1128947,452442.3442617108,2572972.034813597,E0020663,43.55,42.01,R00198,beyond the 45 m tertiary run
1129056,449645.49926306575,2571849.9876983664,E0022214,17.52,16.17,R00236,beyond the 45 m tertiary run
1129057,449643.7581068975,2571820.0413641115,E0022214,47.52,38.28,R00237,beyond the 45 m tertiary run
1129110,454630.07359627896,2572325.958353091,E0023398,20.73,18.99,R00262,beyond the 45 m tertiary run
1129141,454497.6788577088,2571867.7711011195,E0023371,26.42,24.1,R00260,beyond the 45 m tertiary run
1129153,453170.11417750706,2572231.7038061814,E0022751,23.2,22.75,R00247,beyond the 45 m tertiary run
1129177,453279.77572589886,2572126.3793298122,E0023218,54.41,22.5,R00259,beyond the 45 m tertiary run
1129670,453176.8865782789,2572271.125320271,E0022752,3.2,3.16,R00248,beyond the 45 m tertiary run
1129747,454196.77726002265,2572332.713258881,E0023375,20.02,16.64,R00261,beyond the 45 m tertiary run
1130197,452507.72981057176,2572099.362546437,E0021295,22.75,20.6,R00213,beyond the 45 m tertiary run
1130231,452844.5945472847,2571849.961110012,E0021320,22.43,17.85,R00215,beyond the 45 m tertiary run
1130513,452741.3166096025,2572072.1711604903,E0021164,36.34,33.41,R00210,beyond the 45 m tertiary run
1132017,447338.40027442493,2567922.053462438,E0024691,43.24,5.31,R00278,beyond the 45 m tertiary run
1132018,447338.2922021741,2567920.9219769873,E0024691,44.38,32.14,R00278,beyond the 45 m tertiary run
1132163,451846.3947540139,2566694.188146971,E0018075,53.02,8.38,R00158,beyond the 45 m tertiary run
1132389,449417.85854093626,2569543.2991013196,E0017560,5.16,5.11,R00153,beyond the 45 m tertiary run
1132415,449396.93441793724,2569822.077500112,E0017654,26.86,15.73,R00154,beyond the 45 m tertiary run
1132796,449010.0282091631,2568741.4160952573,E0018593,16.56,2.17,R00162,beyond the 45 m tertiary run
1132876,449774.57020961406,2570141.026176115,E0017783,87.89,1.36,R00155,beyond the 45 m tertiary run
1133597,441714.23133401875,2571176.6895446545,E0035404,31.96,31.67,R00494,beyond the 45 m tertiary run
1133930,443171.877097484,2569299.488092453,E0035783,43.35,24.52,R00500,beyond the 45 m tertiary run
1133932,443062.60568696266,2569252.946746939,E0035375,43.98,28.7,R00492,beyond the 45 m tertiary run
1133937,443126.1041885116,2569228.763009859,E0035376,35.08,25.78,R00493,beyond the 45 m tertiary run
1134826,451113.6864919878,2567375.6802111254,E0017286,27.49,18.84,R00151,beyond the 45 m tertiary run
1134831,451155.1771555927,2567264.242248793,E0017277,18.36,11.24,R00150,beyond the 45 m tertiary run
1134934,445641.55380332074,2567930.884565796,E0026815,29.7,22.58,R00321,beyond the 45 m tertiary run
1134965,445351.97009680764,2568211.712629912,E0028011,15.6,9.41,R00347,beyond the 45 m tertiary run
1135697,450707.4149887704,2568745.2214812827,E0018870,34.69,33.29,R00165,beyond the 45 m tertiary run
1136067,448337.9838137358,2568161.8995358576,E0019989,45.99,19.75,R00186,beyond the 45 m tertiary run
1136169,442378.61438941024,2569258.4298753715,E0034456,42.33,37.43,R00469,beyond the 45 m tertiary run
1136177,442526.7816833915,2569029.718391884,E0032557,31.19,26.72,R00434,beyond the 45 m tertiary run
1136499,447604.82215298,2567872.2432432035,E0024113,17.66,12.18,R00274,beyond the 45 m tertiary run
1136500,447673.2057051354,2567803.3642218653,E0022672,42.89,2.47,R00243,beyond the 45 m tertiary run
1136621,441686.00783778087,2570274.373293429,E0036867,37.33,18.24,R00530,beyond the 45 m tertiary run
1136792,441964.21659465897,2570473.835153466,E0036567,21.36,18.63,R00521,beyond the 45 m tertiary run
1136808,441663.6311663274,2570285.088962164,E0036867,12.52,8.49,R00529,beyond the 45 m tertiary run
1136816,441649.9569412229,2570094.133494527,E0037212,31.52,26.51,R00537,beyond the 45 m tertiary run
1136840,441713.11977985187,2569678.671051508,E0034475,25.93,18.6,R00470,beyond the 45 m tertiary run
1137228,443665.12089122063,2568607.4797075866,E0031422,10.39,8.06,R00420,beyond the 45 m tertiary run
1137229,443642.5503190918,2568614.0368295033,E0031422,33.89,31.07,R00421,beyond the 45 m tertiary run
1137256,448093.4972521204,2568954.980060657,E0020184,42.49,2.1,R00191,beyond the 45 m tertiary run
1137392,444489.41651886114,2568491.099225497,E0031415,45.48,43.32,R00419,beyond the 45 m tertiary run
1137574,450703.16867442924,2570046.699258492,E0018334,28.01,3.71,R00160,beyond the 45 m tertiary run
1137704,440204.9419666925,2571361.9972168054,E0037538,51.09,33.19,R00551,beyond the 45 m tertiary run
1137817,440167.4657373772,2571575.3962751245,E0038436,41.97,25.56,R00568,beyond the 45 m tertiary run
1137861,439739.052771071,2571983.6758212727,E0038020,52.06,7.94,R00562,beyond the 45 m tertiary run
1137883,448065.66368768626,2569654.411943746,E0020343,18.87,17.77,R00193,beyond the 45 m tertiary run
1137940,447973.3132014541,2568013.478752527,E0021946,27.96,27.1,R00232,beyond the 45 m tertiary run
1138049,450972.6656734705,2568949.916369816,E0018552,16.71,16.69,R00161,beyond the 45 m tertiary run
1138243,450777.50079896924,2568744.941972951,E0018869,34.6,34.54,R00164,beyond the 45 m tertiary run
1138348,448254.67606647406,2567807.243473899,E0021933,20.36,7.46,R00231,beyond the 45 m tertiary run
1138491,446815.6187599845,2568193.4327582926,E0026778,12.54,5.69,R00319,beyond the 45 m tertiary run
1138504,447285.1456686671,2568148.3843096215,E0026761,43.02,2.11,R00318,beyond the 45 m tertiary run
1138511,447071.07675955055,2568197.191837597,E0026783,17.23,14.46,R00320,beyond the 45 m tertiary run
1139008,451022.3549449306,2569244.658256179,E0018888,40.76,36.49,R00167,beyond the 45 m tertiary run
1139034,451066.0330158417,2569094.4155715797,E0018896,20.98,9.61,R00169,beyond the 45 m tertiary run
1139160,448126.89826776483,2569827.7672977364,E0019777,32.9,24.22,R00183,beyond the 45 m tertiary run
1139495,444241.60908347304,2568519.8867407795,E0031967,32.04,27.02,R00427,beyond the 45 m tertiary run
1139515,439305.9624455765,2572172.4738107026,E0038288,35.29,29.61,R00566,beyond the 45 m tertiary run
1139519,439469.85799519095,2572186.200252902,E0038455,30.39,29.17,R00570,beyond the 45 m tertiary run
1139520,439455.04716720065,2572199.635400904,E0038455,50.39,32.99,R00571,beyond the 45 m tertiary run
1139521,439440.23634430615,2572213.070544283,E0038455,70.39,12.59,R00572,beyond the 45 m tertiary run
1139581,439196.9556716134,2572246.146563158,E0038291,40.66,39.06,R00567,beyond the 45 m tertiary run
1139662,439350.7892135537,2572414.302784936,E0038453,27.72,24.84,R00569,beyond the 45 m tertiary run
1139726,439179.9036936197,2572532.9301900314,E0038643,29.66,26.37,R00574,beyond the 45 m tertiary run
1139727,439166.5545621345,2572518.037185712,E0038643,49.66,17.0,R00575,beyond the 45 m tertiary run
1139730,439121.6036745486,2572467.8875738275,E0038644,47.01,19.48,R00576,beyond the 45 m tertiary run
1139734,439070.1454363429,2572662.3545340025,E0038808,9.95,6.29,R00586,beyond the 45 m tertiary run
1139735,439055.51998931344,2572646.379342601,E0038808,31.6,28.24,R00587,beyond the 45 m tertiary run
1139743,439011.6316807015,2572598.440696421,E0038809,26.6,24.08,R00588,beyond the 45 m tertiary run
1140075,450494.15781355696,2569795.962486592,E0019386,42.84,28.27,R00174,beyond the 45 m tertiary run
1140116,451122.0644118854,2570439.772627922,E0017965,48.7,26.24,R00157,beyond the 45 m tertiary run
1140122,451155.62920740555,2570417.107121287,E0017965,8.2,3.15,R00156,beyond the 45 m tertiary run
1140359,451104.93985199824,2569540.137448223,E0019538,30.38,28.11,R00179,beyond the 45 m tertiary run
1140471,449840.88558288326,2569264.532486374,E0017373,14.62,9.21,R00152,beyond the 45 m tertiary run
1140576,451118.4529157799,2569525.401574751,E0019538,10.39,8.51,R00178,beyond the 45 m tertiary run
1140685,450972.3361401304,2569210.8620627965,E0018889,34.15,1.97,R00168,beyond the 45 m tertiary run
1140751,450796.128581068,2569302.53869555,E0019530,26.73,18.82,R00177,beyond the 45 m tertiary run
1140795,451102.86596695567,2569981.239548089,E0018647,33.16,31.72,R00163,beyond the 45 m tertiary run
1140866,442395.41695343563,2569247.6372774635,E0034456,22.36,18.56,R00468,beyond the 45 m tertiary run
1141180,451196.49077001,2564306.414702625,E0011688,56.01,22.85,R00084,beyond the 45 m tertiary run
1141851,450581.78076802404,2566827.042958583,E0039665,26.4,22.51,R00593,beyond the 45 m tertiary run
1141852,450593.877174952,2566842.8522857744,E0039665,46.3,21.79,R00594,beyond the 45 m tertiary run
1142010,451560.04992058483,2564034.337069935,E0012217,19.16,17.28,R00089,beyond the 45 m tertiary run
1142028,451649.8692321356,2563979.4278964144,E0012760,59.42,10.51,R00090,beyond the 45 m tertiary run
1142781,451271.40473052027,2564627.6836532494,E0011258,38.62,24.09,R00078,beyond the 45 m tertiary run
1142789,451070.95848819433,2564631.7339534946,E0011673,83.75,8.2,R00083,beyond the 45 m tertiary run
1142920,451264.0818662057,2565553.752645854,E0015685,12.79,11.27,R00135,beyond the 45 m tertiary run
1143232,450426.5231399973,2567045.5479352246,E0039554,9.91,8.93,R00592,beyond the 45 m tertiary run
1143233,450312.4835760667,2566944.4244214445,E0039832,28.9,28.31,R00595,beyond the 45 m tertiary run
1143494,450467.39947916416,2566952.3490182064,E0039553,17.95,17.94,R00591,beyond the 45 m tertiary run
1143914,451378.9276243943,2565566.3632414686,E0015683,21.31,17.65,R00134,beyond the 45 m tertiary run
1144074,447919.76077191706,2566134.6823113207,E0012883,12.49,11.29,R00092,beyond the 45 m tertiary run
1144291,445294.8097150523,2565947.6130534476,E0011554,30.58,27.75,R00082,beyond the 45 m tertiary run
1144421,444614.2970360141,2565792.1927206144,E0014499,24.3,22.53,R00109,beyond the 45 m tertiary run
1144898,445482.91301046376,2559458.0919967415,E0001583,22.51,18.29,R00007,beyond the 45 m tertiary run
1144928,448731.4935635587,2566024.1958724246,E0015991,38.5,0.29,R00141,beyond the 45 m tertiary run
1144929,448731.5493860787,2566024.4199421233,E0015991,38.73,25.52,R00141,beyond the 45 m tertiary run
1145211,444955.0496168682,2566741.0861974047,E0009548,38.19,27.99,R00063,beyond the 45 m tertiary run
1145240,446730.69758849195,2566345.4001468658,E0012896,17.16,2.95,R00093,beyond the 45 m tertiary run
1145248,446730.7380747368,2566345.3329371135,E0012896,17.24,13.03,R00093,beyond the 45 m tertiary run
1145265,447060.01986551745,2566435.5005701724,E0013740,42.19,16.07,R00105,beyond the 45 m tertiary run
1145774,448166.5587453978,2565463.1753951553,E0014732,33.96,24.82,R00111,beyond the 45 m tertiary run
1145866,447561.6817504768,2564457.7807001635,E0012911,31.78,25.3,R00095,beyond the 45 m tertiary run
1145879,447648.0074142027,2565839.19254336,E0013330,5.4,0.73,R00098,beyond the 45 m tertiary run
1145880,447670.9214734732,2565832.055493528,E0013330,29.4,24.6,R00099,beyond the 45 m tertiary run
1145984,446141.57212776225,2562298.681905944,E0008921,14.03,13.41,R00057,beyond the 45 m tertiary run
1146024,446254.62822426675,2562581.1743317395,E0007223,42.58,15.93,R00047,beyond the 45 m tertiary run
1146143,442830.57223730435,2568025.497321684,E0006861,54.61,22.45,R00041,beyond the 45 m tertiary run
1146150,442788.7611268428,2567959.6494592405,E0006860,56.61,20.47,R00040,beyond the 45 m tertiary run
1146173,443172.3138428493,2568021.1657917877,E0006332,15.06,13.03,R00033,beyond the 45 m tertiary run
1146229,448930.39639074146,2566209.0190187027,E0015335,24.5,23.96,R00128,beyond the 45 m tertiary run
1146237,449000.5851736747,2566209.610966792,E0015334,14.3,12.67,R00127,beyond the 45 m tertiary run
1146354,448702.705122272,2567525.495616515,E0016286,12.98,9.78,R00144,beyond the 45 m tertiary run
1146478,449036.5634903034,2565972.6312191403,E0015542,23.28,21.32,R00132,beyond the 45 m tertiary run
1146906,447189.85780743114,2563797.51304319,E0010522,27.64,11.09,R00073,beyond the 45 m tertiary run
1147077,443757.89815743867,2567890.215737269,E0003998,48.91,40.88,R00017,beyond the 45 m tertiary run
1147407,444941.95992169564,2566763.198545266,E0009548,12.49,11.31,R00062,beyond the 45 m tertiary run
1147616,444447.69569489826,2566471.6969712037,E0006866,4.44,2.16,R00042,beyond the 45 m tertiary run
1147631,444637.3026094248,2565159.404696516,E0013436,42.26,1.71,R00103,beyond the 45 m tertiary run
1147649,444393.8766257877,2565017.5554622086,E0013880,16.83,10.74,R00106,beyond the 45 m tertiary run
1147708,443541.39530000003,2565520.725946247,E0008575,40.41,37.32,R00055,beyond the 45 m tertiary run
1147709,443541.34750000003,2565520.725946247,E0008575,40.36,11.27,R00055,beyond the 45 m tertiary run
1147759,444370.7523407198,2565665.663564128,E0014803,42.5,3.04,R00113,beyond the 45 m tertiary run
1147845,443413.6915492992,2565562.1085001333,E0008557,41.38,4.43,R00053,beyond the 45 m tertiary run
1147869,443885.3858419678,2565385.629687331,E0015119,15.57,7.37,R00121,beyond the 45 m tertiary run
1148031,443885.06393431925,2565466.2322685746,E0008564,15.53,7.5,R00054,beyond the 45 m tertiary run
1148086,444224.60869999905,2565886.406798743,E0014830,38.72,36.1,R00115,beyond the 45 m tertiary run
1148087,444224.58100000006,2565886.406798743,E0014830,38.69,10.07,R00115,beyond the 45 m tertiary run
1148491,441250.559168478,2568460.023271998,E0006837,39.68,37.96,R00039,beyond the 45 m tertiary run
1148503,444332.5663792019,2566403.622536685,E0006867,58.18,19.51,R00045,beyond the 45 m tertiary run
1148598,446557.00916452165,2566988.3289675666,E0008444,43.72,38.74,R00051,beyond the 45 m tertiary run
1148745,442057.6884992114,2568704.519656747,E0004566,57.81,19.71,R00021,beyond the 45 m tertiary run
1148825,441937.91640852304,2568468.995850486,E0005066,12.92,8.16,R00027,beyond the 45 m tertiary run
1148959,447985.3549957291,2565769.359901469,E0013342,24.37,22.76,R00100,beyond the 45 m tertiary run
1148997,448084.1578214175,2565600.876892435,E0015340,37.64,23.01,R00129,beyond the 45 m tertiary run
1149198,446889.17434859165,2564404.3533655074,E0010511,23.93,20.97,R00070,beyond the 45 m tertiary run
1149201,446887.3991555908,2564429.2833790896,E0010511,48.92,17.49,R00071,beyond the 45 m tertiary run
1149337,446162.59405716177,2566071.433361961,E0013348,46.99,20.78,R00102,beyond the 45 m tertiary run
1149338,446150.255028932,2566093.1725373683,E0013348,21.99,20.21,R00101,beyond the 45 m tertiary run
1149673,444100.8889141794,2564494.2441001344,E0013473,22.95,19.7,R00104,beyond the 45 m tertiary run
1150029,444016.90444309445,2564271.6350410683,E0013111,19.14,16.87,R00096,beyond the 45 m tertiary run
1150043,443976.6711059045,2564652.9303566865,E0015085,38.26,3.43,R00120,beyond the 45 m tertiary run
1150180,447033.3282753807,2566643.925597148,E0014393,49.2,19.53,R00108,beyond the 45 m tertiary run
1150181,447022.2935418642,2566622.0713149747,E0014393,24.71,21.78,R00107,beyond the 45 m tertiary run
1150301,443986.06558407843,2565650.2528362945,E0008554,40.2,30.45,R00052,beyond the 45 m tertiary run
1150326,443541.8313046237,2565250.3624059316,E0015578,40.04,19.41,R00133,beyond the 45 m tertiary run
1150537,445995.6350014358,2566160.3199949977,E0011494,13.5,9.19,R00080,beyond the 45 m tertiary run
1150600,448144.3658479091,2565469.7859113608,E0014732,10.8,5.9,R00110,beyond the 45 m tertiary run
1150705,444441.2534424831,2566467.8877529562,E0006866,11.92,3.53,R00042,beyond the 45 m tertiary run
1150708,444403.3655784997,2566445.4851624416,E0006866,55.94,21.78,R00044,beyond the 45 m tertiary run
1150728,443882.6057306668,2566142.308565948,E0006407,54.84,17.9,R00034,beyond the 45 m tertiary run
1150936,444851.5008227154,2566293.4028912256,E0010632,9.32,6.09,R00074,beyond the 45 m tertiary run
1150937,444703.30629502144,2566237.4064144497,E0012132,15.08,1.38,R00088,beyond the 45 m tertiary run
1151213,447443.0749305057,2566693.856592785,E0012841,21.65,2.41,R00091,beyond the 45 m tertiary run
1151370,448048.7976536137,2567182.730980712,E0015016,38.65,0.11,R00118,beyond the 45 m tertiary run
1151465,445280.4349503173,2566738.2069415133,E0009012,9.78,6.51,R00058,beyond the 45 m tertiary run
1151496,445330.5164504593,2565248.467579634,E0014778,27.71,22.41,R00112,beyond the 45 m tertiary run
1151515,448585.4206332483,2566041.422482175,E0015880,17.89,13.95,R00137,beyond the 45 m tertiary run
1151985,446754.8847748051,2564144.6102587017,E0008391,22.64,20.56,R00050,beyond the 45 m tertiary run
1152040,443674.5019998082,2565394.4721001345,E0015120,33.56,24.9,R00123,beyond the 45 m tertiary run
1152499,446901.74000715965,2565696.1773049664,E0011378,33.81,16.55,R00079,beyond the 45 m tertiary run
1152562,448367.16688105336,2567397.02831529,E0015473,50.61,27.56,R00131,beyond the 45 m tertiary run
1152678,447325.36251389916,2563941.792431173,E0010515,7.67,3.28,R00072,beyond the 45 m tertiary run
1152760,446032.42181673466,2562441.5402571685,E0008918,39.28,32.1,R00056,beyond the 45 m tertiary run
1152959,446774.85084251175,2564568.688550363,E0009946,27.88,24.96,R00066,beyond the 45 m tertiary run
1153052,443761.4572352332,2567912.9224709915,E0003998,71.89,17.02,R00018,beyond the 45 m tertiary run
1153114,447585.6571505211,2564464.863651605,E0012911,6.78,0.24,R00094,beyond the 45 m tertiary run
1153139,448203.57565229794,2565875.2497413144,E0015894,25.43,23.55,R00138,beyond the 45 m tertiary run
1153140,448227.4187021647,2565867.7316134693,E0015894,50.43,30.26,R00139,beyond the 45 m tertiary run
1153173,445253.5066922636,2566236.3768208614,E0011093,31.72,2.98,R00076,beyond the 45 m tertiary run
1153215,446896.8194422446,2565687.471975103,E0011378,23.81,6.47,R00079,beyond the 45 m tertiary run
1153271,443674.5019998082,2565426.4731001332,E0015120,1.56,0.07,R00122,beyond the 45 m tertiary run
1153336,444425.5306366997,2566458.591066823,E0006866,30.19,27.91,R00043,beyond the 45 m tertiary run
1153481,445223.22056325444,2565468.145067477,E0015068,9.07,3.89,R00119,beyond the 45 m tertiary run
1153559,446073.5051704466,2566536.1030160803,E0009505,40.73,8.62,R00061,beyond the 45 m tertiary run
1153678,448701.104042291,2566500.0529965814,E0015984,38.1,14.38,R00140,beyond the 45 m tertiary run
1153754,445985.2347156664,2566178.5615279092,E0011494,34.5,29.85,R00081,beyond the 45 m tertiary run
1153767,444017.0340310973,2564246.6349247103,E0013111,44.14,41.26,R00097,beyond the 45 m tertiary run
1153949,443768.89580000006,2566074.55054547,E0006879,13.64,12.26,R00046,beyond the 45 m tertiary run
1153953,444223.84772891505,2564867.569625824,E0014813,12.08,12.02,R00114,beyond the 45 m tertiary run
1154063,439721.53126105596,2571425.8386275843,E0005898,38.51,29.07,R00031,beyond the 45 m tertiary run
1154064,439727.36300599074,2571417.7169886706,E0005898,48.5,21.86,R00031,beyond the 45 m tertiary run
1163827,462609.86170911056,2568535.6290514516,E0037449,10.25,8.48,R00549,beyond the 45 m tertiary run
1163996,462493.78245750157,2568329.656141071,E0037693,32.68,29.68,R00557,beyond the 45 m tertiary run
1164034,462029.7800597604,2568404.8505033846,E0037440,76.5,10.6,R00548,beyond the 45 m tertiary run
1164050,462440.3065984665,2568366.6085605165,E0037694,17.68,14.88,R00558,beyond the 45 m tertiary run
1164207,462573.05990357883,2568482.0499522216,E0037450,15.25,13.5,R00550,beyond the 45 m tertiary run
1164306,462192.39727424906,2568427.691283402,E0036766,23.03,20.68,R00528,beyond the 45 m tertiary run
1164362,468440.348446254,2564676.767918976,E0001544,43.44,19.46,R00006,beyond the 45 m tertiary run
1164417,465742.3877327296,2567203.902714981,E0010441,18.77,15.33,R00069,beyond the 45 m tertiary run
1164420,465788.80985821394,2567237.0166200493,E0010440,31.74,28.15,R00068,beyond the 45 m tertiary run
1164943,470634.52684446715,2564768.1894525876,E0004932,41.43,36.65,R00026,beyond the 45 m tertiary run
1165673,462164.30999857833,2568556.9126044195,E0036418,18.29,16.18,R00520,beyond the 45 m tertiary run
1165734,461996.77816493344,2568427.454540937,E0037440,36.5,35.16,R00546,beyond the 45 m tertiary run
1165896,462013.2791123482,2568416.15252216,E0037440,56.5,30.62,R00547,beyond the 45 m tertiary run
1166321,463017.79167426773,2567179.571630382,E0030890,20.53,19.24,R00408,beyond the 45 m tertiary run
1167540,454990.93463467085,2574918.564580508,E0002209,18.29,15.29,R00011,beyond the 45 m tertiary run
1167572,455167.32146818755,2574746.852180352,E0003468,54.0,20.84,R00016,beyond the 45 m tertiary run
1168083,445995.24548952415,2561811.53905809,E0011995,18.71,18.18,R00085,beyond the 45 m tertiary run
1168130,445636.07595948543,2561363.4699484203,E0012021,33.62,5.04,R00086,beyond the 45 m tertiary run
1201698,458524.2693571275,2578303.622867712,E0006532,53.61,26.35,R00037,beyond the 45 m tertiary run
1201753,459959.36953743367,2579393.0338160694,E0009802,64.38,23.38,R00064,beyond the 45 m tertiary run
1201771,460303.07633444504,2579620.8624014463,E0010885,14.74,9.26,R00075,beyond the 45 m tertiary run
1202288,458247.8202522724,2578307.666371796,E0006049,69.3,13.63,R00032,beyond the 45 m tertiary run
1202321,458784.84868277516,2577932.365965815,E0037800,5.73,5.04,R00559,beyond the 45 m tertiary run
1202334,457700.9321999338,2577903.688323017,E0004718,61.29,26.05,R00024,beyond the 45 m tertiary run
1202348,457770.65043546975,2577959.0594053622,E0004719,60.32,26.8,R00025,beyond the 45 m tertiary run
1202377,457696.5221969984,2577900.1823933125,E0004718,55.66,27.53,R00024,beyond the 45 m tertiary run
1202459,461460.16461484827,2581062.3008070053,E0016358,13.1,12.43,R00146,beyond the 45 m tertiary run
1202508,461931.08895583724,2581061.824951743,E0016820,18.75,17.49,R00148,beyond the 45 m tertiary run
1202510,461917.9902647205,2581046.711077377,E0016820,38.75,37.51,R00149,beyond the 45 m tertiary run
1202576,461270.9953972976,2580996.364920957,E0015838,22.69,21.03,R00136,beyond the 45 m tertiary run
1202790,462436.8165883925,2578738.537301562,E0043009,13.49,10.72,R00601,beyond the 45 m tertiary run
1202823,461345.5143667972,2579298.4075738257,E0042621,31.34,10.92,R00599,beyond the 45 m tertiary run
1202908,457120.84724085283,2576547.0666413377,E0037589,28.88,19.76,R00553,beyond the 45 m tertiary run
1202910,457086.13844574353,2576527.184888764,E0037589,68.88,0.68,R00554,beyond the 45 m tertiary run
1202959,456908.6949114656,2576296.1807043264,E0036993,67.36,21.6,R00531,beyond the 45 m tertiary run
1203116,456501.83318928315,2576816.635329262,E0036202,28.03,26.32,R00507,beyond the 45 m tertiary run
1203166,457072.2012006034,2576423.8628205615,E0037299,17.27,17.27,R00538,beyond the 45 m tertiary run
1203167,457056.7636324419,2576411.528314974,E0037299,37.03,27.25,R00539,beyond the 45 m tertiary run
1203365,455796.48203035066,2576114.980914917,E0037601,34.97,22.57,R00555,beyond the 45 m tertiary run
1203370,456018.1089215006,2576128.086371948,E0037310,52.89,23.33,R00541,beyond the 45 m tertiary run
1203419,456067.9363056419,2575996.456297441,E0038064,32.39,1.79,R00564,beyond the 45 m tertiary run
1203602,458572.60627453815,2578234.2727814717,E0006531,49.08,29.37,R00036,beyond the 45 m tertiary run
1203699,465840.0068570511,2576362.513062927,E0043764,40.74,13.91,R00602,beyond the 45 m tertiary run
1203702,465671.2008608673,2578486.383989697,E0045924,61.97,20.85,R00605,beyond the 45 m tertiary run
1204333,455945.62503918173,2576255.9784539165,E0037312,52.07,15.84,R00542,beyond the 45 m tertiary run
1204340,456146.13620156137,2576244.6345223044,E0037584,26.32,22.6,R00552,beyond the 45 m tertiary run
1204430,458142.8419187506,2578434.0988969305,E0006525,22.03,19.82,R00035,beyond the 45 m tertiary run
1204449,458198.03175145073,2578272.272247738,E0005610,46.94,29.91,R00030,beyond the 45 m tertiary run
1204610,461847.6106249897,2576536.4419862865,E0044978,14.72,2.2,R00604,beyond the 45 m tertiary run
1204763,464212.33626783366,2577349.086117982,E0042971,24.73,20.52,R00600,beyond the 45 m tertiary run
1205911,460382.76771129237,2577140.4451894686,E0040384,26.84,18.22,R00596,beyond the 45 m tertiary run
1206075,459016.24501359166,2578863.212700265,E0006543,48.24,17.74,R00038,beyond the 45 m tertiary run
1207015,458653.25784883864,2578414.2417961345,E0009274,51.87,32.02,R00060,beyond the 45 m tertiary run
1207120,458886.0711199394,2578509.3064488815,E0007852,47.84,44.06,R00048,beyond the 45 m tertiary run
1208020,461057.4901574105,2580577.219018392,E0016276,17.63,15.41,R00143,beyond the 45 m tertiary run
1208098,461554.7159787506,2580609.622982323,E0016406,16.33,15.9,R00147,beyond the 45 m tertiary run
1208302,459273.8954110529,2577869.268348442,E0039459,13.23,12.74,R00590,beyond the 45 m tertiary run
1208502,461568.4357042515,2580821.5610478506,E0016250,3.9,3.79,R00142,beyond the 45 m tertiary run
1208991,456027.97071802476,2576110.6860113563,E0037310,32.89,31.36,R00540,beyond the 45 m tertiary run
1209050,460022.19016952906,2579434.003793523,E0009803,49.38,38.36,R00065,beyond the 45 m tertiary run
1209479,459215.3753637514,2578065.9392431737,E0038042,6.44,1.94,R00563,beyond the 45 m tertiary run
1211752,473795.9085954258,2574243.4675568454,E0047902,17.82,13.16,R00616,beyond the 45 m tertiary run
1211772,473991.45351179363,2574402.080325928,E0047895,53.25,30.76,R00613,beyond the 45 m tertiary run
1211774,473851.7270620665,2574279.4848560165,E0047900,20.35,19.83,R00614,beyond the 45 m tertiary run
1211775,473843.72885027854,2574273.8659109934,E0047900,30.12,11.21,R00615,beyond the 45 m tertiary run
1211776,473795.9085954258,2574243.4675568454,E0047902,17.82,13.16,R00616,beyond the 45 m tertiary run
1212479,472528.21258001577,2573676.9876601296,E0047516,13.27,11.53,R00612,beyond the 45 m tertiary run
1212588,471958.6175918937,2573707.662255422,E0047406,46.83,29.93,R00607,beyond the 45 m tertiary run
1213078,469681.84350402385,2574974.970000295,E0046968,20.48,18.08,R00606,beyond the 45 m tertiary run
1213440,465781.2427006293,2576699.1827900717,E0043776,34.79,30.22,R00603,beyond the 45 m tertiary run
1214671,472919.25312622695,2573050.751955257,E0048173,24.31,18.47,R00617,beyond the 45 m tertiary run
1214959,472263.6474535714,2573570.239932437,E0047454,69.09,16.19,R00610,beyond the 45 m tertiary run
1214960,472277.2055617371,2573555.572552124,E0047454,49.12,35.14,R00609,beyond the 45 m tertiary run
1214961,472290.76367367344,2573540.905167732,E0047454,29.14,26.62,R00608,beyond the 45 m tertiary run
1215047,471980.67749665224,2573538.017416997,E0047467,59.02,17.2,R00611,beyond the 45 m tertiary run
-43,446308.3518945456,2568033.3338222927,E0027390,54.21,19.14,R00334,beyond the 45 m tertiary run
-234,445797.44083966885,2559843.1920407694,E0005242,35.4,34.5,R00028,beyond the 45 m tertiary run
-316,447148.52372601046,2558282.503254458,E0004700,28.83,21.52,R00023,beyond the 45 m tertiary run
-370,451219.78364971397,2566898.8737743665,E0039081,28.91,23.17,R00589,beyond the 45 m tertiary run
-424,447424.93180395244,2567027.51707914,E0008377,20.41,8.08,R00049,beyond the 45 m tertiary run
-427,448856.0428865703,2568520.437062206,E0019129,37.04,27.44,R00171,beyond the 45 m tertiary run
-511,443567.72151418176,2559840.129165675,E0015217,25.24,14.09,R00126,beyond the 45 m tertiary run
-632,446450.367921061,2559805.2999298014,E0011167,23.17,21.55,R00077,beyond the 45 m tertiary run
-701,449710.1670315767,2565853.492784305,E0040493,40.05,34.34,R00597,beyond the 45 m tertiary run
-721,445321.7451703433,2560664.300746332,E0012114,19.71,5.11,R00087,beyond the 45 m tertiary run
-834,451254.8055381293,2568482.2657534243,E0019612,6.56,2.61,R00180,beyond the 45 m tertiary run
-850,441856.1527788496,2565266.0753457434,E0014869,28.52,22.74,R00117,beyond the 45 m tertiary run
-854,445898.2941406504,2567608.3221352217,E0002138,55.21,15.28,R00010,beyond the 45 m tertiary run
-966,443313.4520987408,2559570.048368338,E0015209,47.63,44.66,R00125,beyond the 45 m tertiary run
-1153,445836.08786014654,2559773.817399524,E0005243,39.81,37.92,R00029,beyond the 45 m tertiary run
-1442,443232.76476821344,2559503.437098773,E0015207,37.06,29.54,R00124,beyond the 45 m tertiary run
-1638,451814.1056474573,2565254.5487516774,E0015430,33.32,26.66,R00130,beyond the 45 m tertiary run
-1646,448568.66919769556,2567864.727005778,E0020834,15.43,13.62,R00204,beyond the 45 m tertiary run
-1649,451043.45472448604,2569244.510741686,E0018888,19.66,11.01,R00166,beyond the 45 m tertiary run
-1802,443583.46325160505,2559830.065900422,E0015217,43.92,23.79,R00126,beyond the 45 m tertiary run
-1962,450068.5642651167,2566927.301267987,E0041585,26.24,13.08,R00598,beyond the 45 m tertiary run
-2054,448881.20630554185,2568513.418045196,E0019129,10.92,5.06,R00170,beyond the 45 m tertiary run
-2124,447043.7925525106,2558484.130888654,E0001937,23.13,17.89,R00008,beyond the 45 m tertiary run
-2152,447424.92375494575,2567026.8920651246,E0008377,19.78,19.21,R00049,beyond the 45 m tertiary run
-2200,444065.1570062614,2560109.1316586705,E0009057,23.9,14.69,R00059,beyond the 45 m tertiary run
-2339,445897.75743989146,2567601.6937738657,E0002138,48.56,21.88,R00010,beyond the 45 m tertiary run
-2378,450716.9030674317,2570063.2373909447,E0018334,6.51,2.34,R00160,beyond the 45 m tertiary run
-2426,449134.8383165027,2569062.7115628766,E0018209,33.77,15.41,R00159,beyond the 45 m tertiary run
-2487,444441.6904793468,2559579.4031743756,E0014848,7.74,7.6,R00116,beyond the 45 m tertiary run
-2540,447204.0631121808,2558284.96786702,E0004698,5.08,5.06,R00022,beyond the 45 m tertiary run
-2700,441720.1249295943,2565040.7056917013,E0016313,2.62,1.98,R00145,beyond the 45 m tertiary run
-2707,446538.22379331576,2568506.807992363,E0028547,37.36,29.54,R00358,beyond the 45 m tertiary run
-2761,442440.22499459743,2565286.1854566773,E0010175,36.19,28.45,R00067,beyond the 45 m tertiary run
1107728,457216.2260890723,2568369.5573017867,E0031706,0.0,0.0,,corridor through plot
1119369,460781.2075236697,2569669.3607944744,E0033168,0.0,0.0,,corridor through plot
1132900,449860.582617614,2570159.0880079656,E0017783,0.0,0.0,,corridor through plot
-2260,450967.44593666855,2570002.4530286137,E0018651,0.0,0.0,,corridor through plot
1136625,441706.4540915827,2570264.582056915,E0036868,0.0,0.0,,corridor through plot
1138307,447591.4783155029,2567865.6967860917,E0024113,32.52,1.0,,no right-of-way beside the carrier
-2452,444771.27562147594,2568055.074059152,E0027413,13.48,0.48,,no right-of-way beside the carrier
1140270,451350.5115513383,2568875.760725467,E0018580,27.12,0.0,,corridor through plot
1143223,451047.9187563772,2566385.313651078,E0039681,68.37,0.11,,no right-of-way beside the carrier
1148461,445437.1800260544,2563136.8142520394,E0004514,0.0,0.0,,corridor through plot
1153543,445329.08132112277,2563170.7179047693,E0004485,37.95,1.0,,no right-of-way beside the carrier
1148467,445219.0027887339,2562787.319743185,E0008008,0.0,0.0,,corridor through plot
1148469,445282.4540070064,2562777.279728286,E0008009,0.0,0.0,,corridor through plot
1149129,447323.0154959978,2564841.814733797,E0012895,38.19,1.0,,no right-of-way beside the carrier
1153346,444482.973388178,2565447.623382472,E0014475,0.0,0.0,,corridor through plot
1151524,445832.19619931286,2559523.14235366,E0005240,0.67,1.0,,no right-of-way beside the carrier
1152204,445383.34581490845,2563069.5186014394,E0004512,0.0,0.0,,corridor through plot
-970,446305.8710564402,2567556.3738379595,E0004476,23.73,0.44,,no right-of-way beside the carrier
1202310,458667.54835361947,2578059.2003433113,E0037279,0.0,0.0,,corridor through plot
1202958,456890.76970869687,2576282.35201252,E0036994,0.0,0.0,,corridor through plot
1203141,457085.69112788886,2576434.6411751397,E0037299,0.0,0.0,,corridor through plot
1208693,456962.0288077062,2576337.3260137243,E0036993,0.0,0.0,,corridor through plot
1208173,464689.9771317438,2577669.2654499174,E0042968,0.0,0.0,,corridor through plot
1212490,469974.0242028713,2574781.867630578,E0046963,0.0,0.0,,corridor through plot
-201,466609.9770139251,2565774.7622909863,E0008878,0.0,0.05,,no right-of-way beside the carrier
-480,447019.77983303886,2557853.9818115635,E0005196,11.98,0.31,,no right-of-way beside the carrier
-1283,460060.1313615628,2567665.463464958,E0023127,0.0,0.22,,no right-of-way beside the carrier
-1421,447452.41955874045,2558344.571503097,E0005223,0.0,0.0,,corridor through plot
-2035,448326.9391320034,2566767.905525454,E0015504,0.0,0.0,,corridor through plot
