OUTFALL,SUBNET,X,Y,GRD_M,Q_ADF_M3D,N_PROP,KM,PCT_LOAD,PF,PF_METH,QINF_LS,Q_PK_LS,M_PER_PROP
N005087,S001,451730.8,2572623.8,378.67,10024.9,13441.0,241.53,13.42,2.005,merrimack,2.0127,234.65,18.0
N003536,S002,449912.1,2568732.7,356.27,9111.8,12247.0,189.26,12.198,2.028,merrimack,1.5772,215.45,15.5
N003279,S003,449147.8,2567800.2,352.37,6019.6,7725.0,120.85,8.058,2.133,merrimack,1.0071,149.62,15.6
N007564,S006,459201.4,2568020.7,382.8,5790.0,7535.0,105.32,7.751,2.143,merrimack,0.8777,144.49,14.0
N002822,S005,448426.4,2567652.6,349.69,3398.6,4564.0,88.59,4.55,2.285,merrimack,0.7383,90.62,19.4
N005516,S010,453065.6,2566674.5,357.39,3197.5,4329.0,58.39,4.28,2.302,merrimack,0.4866,85.68,13.5
N001688,S007,446780.4,2565204.7,341.36,2926.6,3874.0,67.96,3.918,2.327,merrimack,0.5663,79.39,17.5
N007761,S013,459838.0,2567762.9,383.15,2895.2,3731.0,50.56,3.876,2.33,merrimack,0.4213,78.5,13.6
N001463,S011,446428.6,2564506.5,335.34,1987.9,2616.0,46.75,2.661,2.439,merrimack,0.3896,56.51,17.9
N000173,S009,442064.7,2569072.4,334.13,1890.4,2422.0,43.5,2.531,2.453,merrimack,0.3625,54.03,18.0
N001038,S004,445664.5,2563174.8,327.82,1868.8,2552.0,108.63,2.502,2.457,merrimack,0.9052,54.05,42.6
N001856,S016,447026.0,2565695.2,342.26,1831.7,2409.0,34.11,2.452,2.463,merrimack,0.2843,52.5,14.2
N007524,S014,459106.9,2568058.9,381.8,1769.3,2328.0,48.12,2.369,2.473,merrimack,0.401,51.04,20.7
N004648,S015,451015.7,2567194.2,352.94,1532.2,1920.0,33.74,2.051,2.517,merrimack,0.2812,44.92,17.6
N008125,S012,460845.1,2578417.2,425.64,1423.7,1812.0,47.6,1.906,2.539,merrimack,0.3967,42.23,26.3
N006167,S019,454173.9,2575321.8,396.94,1311.7,1755.0,28.76,1.756,2.564,merrimack,0.2397,39.17,16.4
N008025,S017,460638.5,2578385.6,425.27,1249.3,1712.0,28.67,1.672,2.58,merrimack,0.2389,37.54,16.7
N002173,S021,447505.1,2566505.5,345.05,1043.6,1386.0,19.06,1.397,2.636,merrimack,0.1589,32.0,13.8
N005842,S022,453637.1,2574113.0,388.5,751.4,989.0,20.73,1.006,2.743,merrimack,0.1728,24.03,21.0
N006617,S029,455118.7,2567616.2,365.08,666.1,899.0,15.2,0.892,2.784,merrimack,0.1267,21.59,16.9
N003611,S024,450004.2,2570283.9,363.68,649.9,863.0,15.84,0.87,2.792,merrimack,0.132,21.13,18.4
N007508,S018,459073.4,2578155.0,422.11,637.0,832.0,25.17,0.853,2.799,merrimack,0.2098,20.85,30.2
N003373,S031,449486.1,2568501.4,354.72,598.5,796.0,11.14,0.801,2.82,merrimack,0.0928,19.63,14.0
N009028,S028,464070.6,2577929.1,435.04,595.6,788.0,12.23,0.797,2.821,merrimack,0.1019,19.55,15.5
N006143,S026,454131.5,2575214.7,395.92,535.8,705.0,13.03,0.717,2.858,merrimack,0.1086,17.83,18.5
N009671,S023,474582.2,2574770.8,496.55,521.8,692.0,14.21,0.699,2.867,merrimack,0.1184,17.43,20.5
N002064,S030,447353.5,2566249.6,343.59,510.8,698.0,11.39,0.684,2.874,merrimack,0.0949,17.09,16.3
N009409,S008,469502.0,2564322.2,417.5,402.4,538.0,45.09,0.539,2.959,merrimack,0.3757,14.16,83.9
N009060,S027,464335.6,2577837.4,436.71,396.1,524.0,12.16,0.53,2.964,merrimack,0.1013,13.69,23.2
N006927,S037,456160.1,2568378.4,371.83,371.2,525.0,6.76,0.497,2.988,merrimack,0.0564,12.89,12.9
N002006,S040,447268.1,2566106.1,342.43,312.7,363.0,4.79,0.419,3.05,merrimack,0.0399,11.08,13.2
N002292,S033,447717.5,2566864.4,346.4,304.5,412.0,7.08,0.408,3.06,merrimack,0.059,10.84,17.2
N001900,S036,447093.4,2565812.6,342.0,276.1,378.0,5.97,0.37,3.097,merrimack,0.0498,9.95,15.8
N003537,S039,449912.5,2567635.9,352.15,275.8,363.0,6.16,0.369,3.097,merrimack,0.0513,9.94,16.9
N008726,S020,462531.9,2567268.1,389.79,248.3,328.0,16.89,0.332,3.137,merrimack,0.1407,9.16,51.5
N001636,S043,446695.8,2565029.8,341.74,220.9,284.0,4.68,0.296,3.181,merrimack,0.039,8.17,16.5
N008942,S044,463659.9,2578119.8,433.54,219.4,283.0,3.93,0.294,3.184,merrimack,0.0327,8.12,13.9
N008190,S038,460968.1,2578619.8,426.16,215.8,259.0,4.66,0.289,3.19,merrimack,0.0388,8.01,18.0
N002351,S046,447821.2,2567039.2,346.56,172.3,237.0,3.75,0.231,3.278,merrimack,0.0313,6.57,15.8
N009288,S032,467396.5,2576139.9,450.71,169.3,221.0,7.08,0.227,3.285,merrimack,0.059,6.5,32.1
N007077,S035,456942.2,2568634.7,375.24,161.4,218.0,6.51,0.216,3.304,merrimack,0.0542,6.23,29.9
N008223,S041,461037.5,2578675.3,425.8,159.6,210.0,4.12,0.214,3.309,merrimack,0.0343,6.15,19.6
N009249,S034,466185.1,2565693.5,402.95,146.0,196.0,7.65,0.195,3.345,merrimack,0.0638,5.72,39.1
N008757,S061,462626.0,2578822.0,428.38,136.4,176.0,2.63,0.183,3.372,merrimack,0.0219,5.35,14.9
N006392,S060,454600.8,2567220.3,366.22,130.3,176.0,2.28,0.174,3.391,merrimack,0.019,5.13,13.0
N002233,S057,447607.4,2566678.0,345.36,124.6,177.0,2.57,0.167,3.409,merrimack,0.0214,4.94,14.5
N009627,S064,473449.4,2574097.5,484.49,123.4,139.0,2.67,0.165,3.413,merrimack,0.0223,4.9,19.3
N009557,S085,472022.3,2573909.4,477.38,116.2,155.0,1.92,0.156,3.438,merrimack,0.016,4.64,12.3
N009229,S052,465856.9,2577072.5,444.22,112.7,147.0,3.24,0.151,3.451,merrimack,0.027,4.53,22.1
N002762,S045,448362.5,2567335.5,348.74,110.4,146.0,3.18,0.148,3.46,merrimack,0.0265,4.45,21.8
N009154,S065,465282.8,2577432.9,440.38,109.6,148.0,2.19,0.147,3.463,merrimack,0.0182,4.41,14.8
N006225,S048,454296.3,2566987.9,364.12,108.9,142.0,2.87,0.146,3.465,merrimack,0.0239,4.39,20.2
N009430,S049,469809.1,2574860.4,463.31,107.5,136.0,3.54,0.144,3.471,merrimack,0.0295,4.35,25.9
N001734,S066,446857.3,2565366.6,342.72,105.6,144.0,2.28,0.141,3.478,merrimack,0.019,4.27,15.9
N009639,S059,473651.1,2572122.2,493.46,104.5,128.0,1.39,0.14,3.483,merrimack,0.0116,4.22,10.9
N002453,S079,447982.0,2567331.2,349.59,102.3,120.0,1.39,0.137,3.492,merrimack,0.0116,4.15,11.5
N009578,S063,472465.1,2573790.6,480.04,98.8,124.0,1.81,0.132,3.507,merrimack,0.0151,4.03,14.7
N009606,S076,473162.3,2572882.6,483.87,91.0,124.0,2.82,0.122,3.542,merrimack,0.0235,3.75,22.7
N009585,S084,472668.5,2573776.0,482.31,90.2,114.0,1.12,0.121,3.545,merrimack,0.0093,3.71,9.8
N005708,S051,453442.7,2566674.1,358.22,87.7,116.0,3.18,0.117,3.557,merrimack,0.0265,3.64,27.5
N001568,S073,446582.1,2564793.7,338.7,87.6,125.0,1.27,0.117,3.558,merrimack,0.0106,3.62,10.2
N009666,S025,474455.1,2571775.6,493.7,80.2,104.0,10.89,0.107,3.596,merrimack,0.0907,3.43,104.7
N009581,S075,472502.8,2573424.1,478.89,77.4,101.0,1.46,0.104,3.612,merrimack,0.0122,3.25,14.5
N007866,S074,460160.2,2578174.6,425.31,76.5,93.0,1.76,0.102,3.621,held,0.0147,3.22,19.0
N008872,S056,463205.2,2578442.1,431.07,76.2,88.0,2.45,0.102,3.621,held,0.0204,3.21,27.8
N009316,S053,468046.7,2575731.0,453.55,75.5,96.0,2.08,0.101,3.621,held,0.0174,3.18,21.6
N009617,S083,473305.4,2574003.9,483.42,73.5,99.0,1.17,0.098,3.621,held,0.0098,3.09,11.9
N004614,S123,450969.5,2571875.2,372.87,73.4,99.0,1.11,0.098,3.621,held,0.0092,3.09,11.2
N009138,S070,465097.9,2577547.9,439.76,72.8,96.0,1.86,0.097,3.621,held,0.0155,3.07,19.4
N005549,S134,453136.4,2573612.8,386.09,72.6,113.0,0.72,0.097,3.64,merrimack,0.006,3.06,6.3
N008847,S095,463035.7,2578547.6,430.15,71.3,96.0,1.37,0.095,3.621,held,0.0114,3.0,14.2
N008837,S042,462966.6,2578590.4,429.88,69.9,94.0,3.51,0.094,3.621,held,0.0292,2.96,37.2
N009219,S068,465746.9,2565959.6,402.05,67.3,77.0,2.13,0.09,3.621,held,0.0177,2.84,27.7
N006003,S117,453886.7,2574467.5,391.28,67.2,96.0,1.38,0.09,3.621,held,0.0115,2.83,14.4
N009667,S082,474527.2,2574746.9,496.07,65.2,70.0,0.75,0.087,3.621,held,0.0062,2.74,10.7
N009131,S078,465017.0,2577592.3,440.03,64.4,88.0,1.43,0.086,3.621,held,0.0119,2.71,16.3
N009195,S067,465612.3,2566041.4,400.74,62.7,85.0,1.5,0.084,3.621,held,0.0125,2.64,17.6
N002628,S055,448219.7,2567240.2,348.23,61.8,80.0,2.05,0.083,3.621,held,0.0171,2.61,25.5
N002480,S105,448015.7,2567331.4,348.51,61.6,88.0,1.09,0.082,3.621,held,0.0091,2.59,12.4
N006054,S077,453971.6,2574741.4,392.82,61.0,74.0,1.3,0.082,3.621,held,0.0108,2.57,17.7
N009600,S080,473068.2,2573757.4,485.74,55.9,75.0,1.08,0.075,3.621,held,0.009,2.35,14.4
N008145,S104,460883.5,2578467.3,425.54,53.9,76.0,0.96,0.072,3.621,held,0.008,2.27,12.5
N007392,S081,458694.8,2578152.0,422.16,52.2,70.0,1.78,0.07,3.621,held,0.0148,2.2,25.3
N009250,S094,466186.4,2576865.1,445.21,50.0,71.0,0.72,0.067,3.621,held,0.006,2.1,10.2
N006035,S098,453935.2,2574626.6,392.15,49.4,68.0,0.65,0.066,3.621,held,0.0054,2.08,9.6
N009660,S054,474392.6,2571767.4,494.98,49.1,49.0,1.66,0.066,3.621,held,0.0138,2.07,34.1
N009592,S107,472966.9,2573017.4,482.4,46.9,42.0,2.51,0.063,3.621,held,0.0209,1.99,59.6
N009563,S113,472106.6,2573814.9,477.85,44.4,57.0,0.8,0.059,3.621,held,0.0066,1.87,13.9
N009570,S100,472280.1,2573638.9,478.46,42.1,57.0,0.83,0.056,3.621,held,0.0069,1.77,14.6
N004760,S130,451204.3,2567011.2,354.64,40.8,46.0,1.69,0.055,3.621,held,0.0141,1.72,36.7
N004696,S112,451107.4,2567108.0,353.62,39.8,56.0,0.42,0.053,3.621,held,0.0035,1.67,7.6
N007567,S125,459202.6,2578226.9,422.52,39.1,51.0,0.74,0.052,3.621,held,0.0062,1.64,14.7
N009367,S050,468792.1,2575383.4,457.01,38.0,46.0,2.3,0.051,3.621,held,0.0192,1.61,49.6
N008681,S058,462409.8,2567269.1,390.49,36.9,50.0,1.31,0.049,3.621,held,0.0109,1.56,26.3
N003882,S115,450251.4,2571286.2,368.72,36.2,54.0,1.19,0.048,3.621,held,0.0099,1.53,21.9
N006064,S150,453988.0,2574794.1,393.19,35.3,52.0,0.32,0.047,3.621,held,0.0026,1.48,6.1
N008982,S106,463865.4,2578002.7,434.77,34.7,31.0,0.61,0.046,3.621,held,0.0051,1.46,19.8
N009379,S062,469019.7,2575319.7,457.27,33.9,42.0,1.22,0.045,3.621,held,0.0102,1.43,29.3
N008728,S089,462543.0,2578860.1,428.14,33.2,39.0,0.72,0.044,3.621,held,0.006,1.4,18.2
N009256,S110,466306.0,2576790.4,445.96,33.2,45.0,1.29,0.044,3.621,held,0.0108,1.4,28.8
N007637,S072,459382.1,2578313.4,423.63,33.2,53.0,1.36,0.044,3.621,held,0.0113,1.4,25.6
N007733,S176,459704.0,2578221.7,423.96,30.1,36.0,0.53,0.04,3.621,held,0.0044,1.27,14.5
N007897,S175,460240.8,2578157.4,424.8,29.7,40.0,0.66,0.04,3.621,held,0.0055,1.25,16.6
N009534,S102,471594.0,2574192.1,473.28,29.3,44.0,0.88,0.039,3.621,held,0.0073,1.24,20.2
N003546,S091,449919.0,2570572.8,364.46,28.0,37.0,0.66,0.037,3.621,held,0.0055,1.18,18.0
N000963,S086,445486.5,2563200.1,328.29,27.0,36.0,0.98,0.036,3.621,held,0.0082,1.14,27.0
N009392,S069,469271.5,2575243.7,457.6,26.3,37.0,1.77,0.035,3.621,held,0.0148,1.12,48.4
N009281,S099,467212.7,2576247.9,450.3,26.3,36.0,0.84,0.035,3.621,held,0.007,1.11,22.9
N008908,S127,463414.0,2578303.1,432.77,24.8,33.0,0.72,0.033,3.621,held,0.006,1.05,21.5
N003332,S116,449358.4,2568369.6,354.01,24.2,33.0,0.51,0.032,3.621,held,0.0043,1.02,15.6
N002836,S092,448438.9,2567572.0,349.85,24.1,35.0,0.99,0.032,3.621,held,0.0082,1.02,28.5
N009412,S093,469530.1,2574970.1,461.8,22.3,30.0,0.73,0.03,3.621,held,0.0061,0.94,24.0
N002716,S158,448307.1,2567274.9,348.27,22.1,30.0,0.31,0.03,3.621,held,0.0026,0.93,10.3
N002772,S159,448372.4,2567352.3,348.8,21.6,29.0,0.38,0.029,3.621,held,0.0032,0.91,13.0
N009575,S114,472408.8,2573514.7,478.76,21.4,21.0,0.51,0.029,3.621,held,0.0043,0.9,24.3
N009419,S128,469657.2,2574910.4,461.94,21.0,30.0,0.48,0.028,3.621,held,0.004,0.88,16.1
N009292,S097,467531.4,2576052.2,451.2,20.3,22.0,0.67,0.027,3.621,held,0.0056,0.86,30.5
N008880,S178,463266.5,2578403.1,431.28,20.2,33.0,0.18,0.027,3.621,held,0.0015,0.85,5.4
N009239,S047,465995.5,2576985.3,444.96,20.2,27.0,2.24,0.027,3.621,held,0.0186,0.87,82.2
N009345,S087,468450.5,2575530.9,455.49,20.0,28.0,0.98,0.027,3.621,held,0.0082,0.85,35.3
N009461,S119,470401.5,2574687.4,466.72,20.0,29.0,0.51,0.027,3.621,held,0.0042,0.84,17.7
N009464,S189,470467.6,2574668.1,466.78,19.5,22.0,0.25,0.026,3.621,held,0.0021,0.82,11.7
N009454,S090,470184.2,2574755.6,467.8,19.5,27.0,0.54,0.026,3.621,held,0.0045,0.82,19.5
N009474,S122,470709.6,2574592.4,467.91,18.9,22.0,1.18,0.025,3.621,held,0.0098,0.8,53.1
N009650,S096,474201.0,2574588.0,493.0,18.4,25.0,0.83,0.025,3.621,held,0.0069,0.78,33.5
N006086,S144,454029.4,2574926.2,393.99,18.4,26.0,0.52,0.025,3.621,held,0.0043,0.78,19.6
N007664,S169,459472.5,2578273.7,423.4,17.3,23.0,0.41,0.023,3.621,held,0.0034,0.73,17.6
N009647,S120,474126.4,2574529.9,492.15,17.0,23.0,0.3,0.023,3.621,held,0.0025,0.71,13.2
N009394,S149,469313.1,2575161.2,459.56,16.4,20.0,0.27,0.022,3.621,held,0.0022,0.69,13.3
N009114,S126,464850.2,2577659.3,438.98,16.3,17.0,0.36,0.022,3.621,held,0.003,0.69,21.4
N003344,S138,449386.0,2568408.8,354.1,16.1,22.0,0.2,0.022,3.621,held,0.0016,0.68,9.0
N009176,S088,465520.8,2577282.4,441.5,15.2,20.0,0.96,0.02,3.621,held,0.008,0.65,46.7
N006004,S163,453888.7,2574480.1,391.38,15.0,23.0,0.11,0.02,3.621,held,0.0009,0.63,4.7
N009337,S111,468351.3,2575575.6,454.73,14.9,22.0,0.49,0.02,3.621,held,0.0041,0.63,22.1
N009157,S182,465357.1,2577386.7,440.9,14.0,19.0,0.22,0.019,3.621,held,0.0019,0.59,11.8
N009298,S124,467729.7,2575926.4,452.62,13.2,13.0,0.3,0.018,3.621,held,0.0025,0.56,23.6
N009359,S118,468616.4,2575458.5,456.4,13.0,18.0,0.41,0.017,3.621,held,0.0034,0.55,22.4
N008947,S179,463704.7,2578089.8,433.99,13.0,22.0,0.07,0.017,3.621,held,0.0006,0.55,3.2
N009148,S135,465184.7,2577493.9,440.12,13.0,17.0,0.24,0.017,3.621,held,0.002,0.55,13.8
N008186,S180,460963.1,2578554.5,425.4,12.6,17.0,0.28,0.017,3.621,held,0.0023,0.53,16.4
N009386,S071,469169.9,2575283.8,456.62,12.0,16.0,1.16,0.016,3.621,held,0.0097,0.51,71.9
N009402,S129,469456.4,2575007.8,461.97,11.5,13.0,0.15,0.015,3.621,held,0.0012,0.48,11.0
N007590,S143,459261.8,2578259.9,423.62,10.8,15.0,0.17,0.014,3.621,held,0.0014,0.45,11.4
N009093,S142,464720.1,2577704.3,438.31,10.3,15.0,0.24,0.014,3.621,held,0.002,0.43,16.2
N006132,S145,454114.1,2575178.1,395.93,10.3,16.0,0.11,0.014,3.621,held,0.001,0.43,7.2
N009303,S121,467880.1,2575830.7,453.35,10.2,14.0,0.36,0.014,3.621,held,0.003,0.43,26.4
N009446,S188,470082.0,2574787.7,466.75,8.7,9.0,0.11,0.012,3.621,held,0.0009,0.37,11.5
N009431,S187,469842.7,2574851.6,463.81,8.3,12.0,0.25,0.011,3.621,held,0.0021,0.35,21.1
N007811,S101,460013.3,2578190.0,425.21,7.6,10.0,0.37,0.01,3.621,held,0.0031,0.32,36.6
N009068,S108,464435.5,2577802.9,436.92,7.6,10.0,0.6,0.01,3.621,held,0.005,0.32,59.2
N008962,S109,463762.9,2578053.1,434.27,7.6,10.0,0.4,0.01,3.621,held,0.0034,0.32,39.6
N008935,S136,463577.4,2578181.3,433.09,7.6,10.0,0.23,0.01,3.621,held,0.0019,0.32,22.3
N007815,S131,460017.1,2578189.6,425.17,7.3,10.0,0.29,0.01,3.621,held,0.0024,0.31,29.1
N003549,S167,449923.2,2570779.6,366.8,7.2,10.0,0.45,0.01,3.621,held,0.0038,0.31,43.4
N003361,S146,449436.9,2568467.3,354.45,6.9,9.0,0.13,0.009,3.621,held,0.0011,0.29,13.9
N009279,S139,467173.8,2576270.7,450.19,6.5,9.0,0.15,0.009,3.621,held,0.0013,0.27,17.2
N002439,S157,447964.6,2567282.2,348.96,6.2,10.0,0.05,0.008,3.621,held,0.0004,0.26,5.0
N007669,S174,459487.6,2578270.7,423.48,6.1,9.0,0.22,0.008,3.621,held,0.0018,0.26,23.7
N004748,S140,451185.2,2567029.3,354.49,5.5,7.0,0.21,0.007,3.621,held,0.0017,0.23,28.3
N005669,S141,453364.4,2566674.2,358.64,5.1,7.0,0.1,0.007,3.621,held,0.0008,0.21,14.9
N007777,S133,459903.6,2578198.8,425.02,4.7,6.0,0.25,0.006,3.621,held,0.0021,0.2,39.3
N003298,S160,449243.2,2567743.8,352.16,4.4,6.0,0.47,0.006,3.621,held,0.0039,0.19,80.1
N008084,S132,460774.7,2578407.3,426.7,4.3,6.0,0.2,0.006,3.621,held,0.0017,0.18,35.1
N006554,S137,454972.2,2567504.0,365.93,4.3,6.0,0.38,0.006,3.621,held,0.0032,0.18,65.2
N008506,S103,461806.5,2578887.9,426.35,4.2,6.0,0.81,0.006,3.621,held,0.0067,0.18,136.6
N009655,S192,474329.6,2571783.4,494.29,3.6,6.0,0.06,0.005,3.621,held,0.0005,0.15,11.0
N004715,S151,451132.0,2567082.8,353.98,3.6,5.0,0.11,0.005,3.621,held,0.0009,0.15,22.8
N009302,S185,467810.4,2575874.7,453.12,3.3,4.0,0.42,0.004,3.621,held,0.0035,0.14,93.8
N009313,S186,468013.1,2575749.4,453.64,3.0,4.0,0.39,0.004,3.621,held,0.0032,0.13,96.7
N009597,S191,472995.4,2573738.8,485.58,2.2,3.0,0.08,0.003,3.621,held,0.0006,0.09,25.8
N009646,S193,474074.8,2574483.0,490.75,2.2,3.0,0.07,0.003,3.621,held,0.0006,0.09,24.0
N000999,S156,445580.4,2563186.7,327.91,2.2,3.0,0.09,0.003,3.621,held,0.0008,0.09,32.6
N001531,S155,446518.5,2564672.3,336.89,1.1,1.0,0.14,0.001,3.621,held,0.0011,0.05,94.1
N003310,S161,449293.5,2567735.7,352.19,1.1,1.0,0.46,0.001,3.621,held,0.0038,0.05,315.1
N003541,S166,449915.7,2570589.6,364.51,1.1,1.0,0.17,0.001,3.621,held,0.0014,0.05,117.8
N009348,S183,468486.7,2575515.1,455.67,0.7,1.0,0.31,0.001,3.621,held,0.0026,0.03,310.4
N009584,S190,472592.9,2573783.6,481.32,0.7,1.0,0.08,0.001,3.621,held,0.0006,0.03,76.0
N006025,S162,453921.1,2574582.4,392.07,0.0,0.0,0.05,0.0,1.0,held,0.0004,0.0,46.4
N003461,S164,449695.9,2567669.8,352.37,0.0,0.0,0.0,0.0,1.0,held,0.0,0.0,0.0
N003548,S153,449921.4,2570561.2,364.48,0.0,0.0,0.01,0.0,1.0,held,0.0001,0.0,12.4
N003544,S152,449917.7,2570573.1,364.46,0.0,0.0,0.0,0.0,1.0,held,0.0,0.0,1.3
N003540,S165,449915.4,2570743.8,365.99,0.0,0.0,0.04,0.0,1.0,held,0.0003,0.0,36.7
N002846,S147,448452.7,2567529.9,350.18,0.0,0.0,0.06,0.0,1.0,held,0.0005,0.0,62.3
N001763,S154,446902.6,2565460.9,343.29,0.0,0.0,0.0,0.0,1.0,held,0.0,0.0,0.0
N007618,S173,459334.3,2578300.3,424.0,0.0,0.0,0.0,0.0,1.0,held,0.0,0.0,0.0
N008291,S168,461183.1,2578732.6,425.27,0.0,0.0,0.16,0.0,1.0,held,0.0013,0.0,156.5
N008198,S181,460994.9,2578585.4,425.59,0.0,0.0,0.04,0.0,1.0,held,0.0004,0.0,43.7
N006139,S172,454126.8,2575211.9,396.05,0.0,0.0,0.0,0.0,1.0,held,0.0,0.0,4.1
N006332,S177,454490.6,2567136.1,365.59,0.0,0.0,0.14,0.0,1.0,held,0.0012,0.0,138.7
N007474,S170,458966.9,2568115.0,383.29,0.0,0.0,0.0,0.0,1.0,held,0.0,0.0,0.0
N006471,S171,454765.2,2567345.9,367.19,0.0,0.0,0.0,0.0,1.0,held,0.0,0.0,0.0
N009159,S184,465382.0,2577371.3,440.99,0.0,0.0,0.16,0.0,1.0,held,0.0014,0.0,164.8
N009636,S148,473591.2,2572187.4,494.6,0.0,0.0,0.05,0.0,1.0,held,0.0005,0.0,54.2
