tree,arcs,km,uphill_pct,uphill_km,climb_m,descent_m,climb_per_km,ratio,worst_rise_m,joins,path_med_m,path_p95_m,path_max_m,def_p95_m,def_max_m,n_over_budget,n_over_floor,n_nodes,uphill_pct_all,weight,LAMBDA_SLOPE,LAMBDA_DETOUR,SHIPPED,PARETO
branching,9550,1195.5779726593523,26.551754054947907,317.44692283564353,1944.8928527832031,6815.756805419922,1.6267386128377157,0.285352442627738,20.725128173828125,193,5102.192000000003,17255.1488,22448.07876037542,58.02134546093751,96.97712325195313,5383,637,9743,17.74994848846739,4981618.939863347,8.0,0.0,0,1
branching,9550,1188.0679814791913,27.03415804841038,321.1841758356435,1958.90771484375,6735.978851318359,1.6488178668066056,0.29081262843637856,20.725128173828125,193,5027.853000000001,16762.402199999997,22201.129999999997,55.54820491992189,96.97712325195313,5316,607,9743,17.958915857392604,5130077.896620117,8.0,0.25,0,1
branching,9550,1184.5169274217901,27.461370564256544,325.2845828356435,1978.1804504394531,6651.671600341797,1.6700313897118757,0.2973959884516554,20.725128173828125,193,4752.226,16265.89752773865,22115.730999999996,53.68779441503903,95.70426325195314,4878,608,9743,18.18818887217446,5264320.602741219,8.0,0.5,0,1
branching,9550,1173.9744911752512,27.471535903031757,322.50882383564345,1966.677978515625,6571.910003662109,1.6752305891645127,0.29925515982716133,20.725128173828125,193,5115.685,17851.0126,22432.34476037542,58.96839295019536,96.97712325195313,5430,640,9743,18.032983148879705,3557004.212737577,5.0,0.0,0,0
branching,9550,1167.713867479191,28.152800098651028,328.74415083564344,1989.3471984863281,6487.030609130859,1.7036255660651205,0.3066653016383506,20.725128173828125,193,4773.191,16641.147218262977,22115.730999999996,55.16607028613282,96.97712325195313,4903,608,9743,18.38162956847676,3698861.675262905,5.0,0.25,0,0
branching,9550,1179.9096549673004,28.5586463767743,336.966225927529,2032.4522094726562,6482.8428955078125,1.7225490112028814,0.3135124886152976,20.725128173828125,193,4285.989,14600.088850269369,22298.822999999997,55.27687547656248,95.67296825195314,4666,602,9743,18.841364405550106,5499514.411647088,8.0,1.0,0,1
branching,9550,1153.8404560368042,28.564472520284323,329.5884399925563,1995.6031188964844,6326.895812988281,1.7295312436443382,0.3154158339070125,20.725128173828125,193,5423.902999999999,17377.55862895802,22384.221999999998,59.24596440625001,96.97712325195313,5615,613,9743,18.428837740824783,2599204.541259875,3.0,0.0,0,0
branching,9550,1164.0637560595837,29.049845226481647,338.1587194728779,2038.2590637207031,6366.291748046875,1.75098576268736,0.32016425642855967,20.725128173828125,193,4400.105,14406.305765122113,22298.822999999997,55.64220489453123,96.94582825195313,4861,604,9743,18.908042320754635,3821564.2867642464,5.0,0.5,0,1
branching,9550,1144.665400577753,29.737229875304184,340.3917814728778,2064.9942932128906,6175.735504150391,1.8040156469922262,0.3343722042216859,20.725128173828125,193,4172.64,14696.207386099079,22298.822999999997,56.2624089150391,96.94582825195313,4774,611,9743,19.03290330575802,2731074.3963582003,3.0,0.25,0,0
branching,9550,1134.0670778075773,29.921715328987418,339.33232266134956,2059.6888427734375,6095.5999755859375,1.8161966633890019,0.3378976394486009,20.725128173828125,193,5067.454000000001,17569.203641357086,22384.221999999998,60.12388669921874,96.97712325195313,5360,611,9743,18.973663987379066,2113430.3080539173,2.0,0.0,0,0
branching,9550,1160.2401087823475,31.301449587337498,363.17197274257626,2166.665008544922,6147.709533691406,1.8674281229760281,0.35243451185696195,20.725128173828125,193,3197.8660000000004,12058.964499999996,21575.770999999997,54.2289918515625,95.48372325195314,3997,839,9743,20.306650797095116,4016440.4801112516,5.0,1.0,0,1
branching,9550,1129.1642823679417,31.429025212324124,354.88532699397916,2158.6832275390625,5954.7589111328125,1.9117530205721198,0.3625139589620098,20.725128173828125,193,3813.6589999999997,13813.543400000002,22298.822999999997,57.52460967187502,96.94582825195313,4588,605,9743,19.8433055113198,2235869.438707317,2.0,0.25,0,0
branching,9550,1142.4188960338051,31.49157047310696,359.76565174257627,2154.147979736328,6029.893035888672,1.885602546679677,0.357244807978398,20.725128173828125,193,3558.569000000001,13025.659596812737,22298.822999999997,54.23680462109377,95.48372325195314,4343,590,9743,20.116187390661377,2834934.8088293127,3.0,0.5,0,0
branching,9550,1171.107763041974,32.41339139151719,379.5957428512367,2230.4798889160156,6125.4249267578125,1.9045897903727518,0.3641347197273722,20.725128173828125,193,3012.034,10950.959799999995,19081.094647277514,45.12023652441406,95.48372325195314,3740,914,9743,21.22498092551815,5848393.992916923,8.0,2.0,0,1
branching,9550,1108.1887081761556,32.85540513903078,364.09988977626745,2229.4859619140625,5747.5069580078125,2.0118288026804794,0.387904873922387,20.725128173828125,193,4279.918,16775.163300000004,22662.678999999996,59.882496840820295,99.29472325195312,5180,612,9743,20.358534996829878,1615889.0613010123,1.0,0.0,0,0
branching,9550,1125.8965771857927,35.09809887157495,395.16829385234763,2347.4163208007812,5704.6131591796875,2.084930684013809,0.4114943915212535,20.725128173828125,193,3031.9170000000004,10091.199999999997,15172.564000000002,46.61856521679686,95.48372325195314,4006,1001,9743,22.095715395503422,2320911.8243656065,2.0,0.5,0,1
branching,9550,1146.5334866100786,35.92223526690673,411.8604564739411,2441.8771362304688,5730.371734619141,2.1297913796223207,0.4261289230990464,20.725128173828125,193,2724.134,8978.0484,15075.324,46.42483015722656,95.48372325195314,3606,1018,9743,23.029052609951094,2973557.0474788314,3.0,1.0,1,1
branching,9550,1161.4249129943187,36.65993409075944,425.77760761737744,2520.0242309570312,5699.425872802734,2.169769395130375,0.442154049758312,20.725128173828125,193,2558.2729999999997,8143.098359021116,14697.133999999996,44.51419612489981,96.18662825195314,3358,1096,9743,23.807225898561324,4245324.921615272,5.0,2.0,0,1
branching,9550,1102.5058524394403,37.04962124131269,408.47424249211844,2473.294891357422,5427.833160400391,2.243339466983263,0.45566892317209257,20.725128173828125,193,3085.4760000000006,10368.510299999998,18565.032,49.590846663694705,96.75658325195313,4247,1016,9743,22.83971348134534,1716854.263599044,1.0,0.25,0,0
branching,9550,1179.6430007547651,37.655209776048075,444.19704654267525,2614.52392578125,5700.843566894531,2.2163687862416106,0.458620534856297,20.725128173828125,193,2475.2939999999994,7800.389699999999,13792.949,42.839483965290306,90.98666747070313,3328,1112,9743,24.83714324408173,6199893.552457365,8.0,4.0,0,1
branching,9550,1139.060302070714,38.58473842250892,439.503438028625,2632.5200805664062,5443.544342041016,2.311133199691632,0.4836040482365875,20.725128173828125,193,2549.1299999999997,8522.666107732926,15008.459,44.78487630344525,97.74325325195312,3421,1098,9743,24.574701546410722,2417683.558173609,2.0,1.0,0,0
branching,9550,1163.7026250965935,39.80295101990138,463.1879858845037,2771.480712890625,5420.022247314453,2.381605620817928,0.5113412060741735,20.725128173828125,193,2414.193,7465.6735912691265,13976.562000000002,41.69328024804687,90.98666747070313,3302,1180,9743,25.89901586219997,3106016.837882939,3.0,2.0,0,1
branching,9550,1115.3995274494266,39.926296997522506,445.3377280384207,2698.4166564941406,5254.125640869141,2.4192377619744776,0.5135805347905169,20.725128173828125,193,2605.031000000001,8386.068484275178,15143.128999999997,43.95744157819997,96.45300325195313,3594,1128,9743,24.900924104234257,1771314.83220538,1.0,0.5,0,0
branching,9550,1179.6290492908954,39.993371613595436,471.7734293448307,2842.5072631835938,5452.0611572265625,2.4096619737300435,0.5213637890719413,20.725128173828125,193,2360.386,7406.564199999996,13693.003,39.83432284374999,90.98666747070313,3285,1183,9743,26.379068331476397,4444528.876867179,5.0,4.0,0,1
branching,9550,1163.9389935892543,41.30959880985537,480.8185286431892,2944.3909912109375,5236.8131103515625,2.529678108069289,0.5622486289210485,20.725128173828125,193,2356.055,7311.275899999996,13976.562000000002,40.23627800878905,90.98666747070313,3321,1187,9743,26.884822317638235,2504757.260279036,2.0,2.0,0,1
branching,9550,1188.225894211132,42.140395669251006,500.72309326506695,3047.521453857422,5246.945831298828,2.564766067382064,0.5808181658134326,20.725128173828125,193,2307.4239999999995,7199.2963,13661.927000000001,38.94497811914062,90.98666747070313,3800,1261,9743,27.99778001641745,3214545.1158357253,3.0,4.0,0,1
branching,9550,1140.7183435787958,42.46709206141562,484.4299091290626,3000.5789184570312,5082.229888916016,2.6304292688441056,0.5904059800602649,20.725128173828125,193,2372.1809999999996,7422.4809,14227.332000000002,41.5245611923828,90.98666747070313,3358,1194,9743,27.086751563081567,1828140.9594491937,1.0,1.0,0,0
branching,9550,1190.492979686642,43.46560588059196,517.4549865867115,3199.8493041992188,5106.549560546875,2.6878355091530852,0.6266167137437001,20.725128173828125,193,2283.1698175882957,7188.764213379786,13661.927000000001,38.94497811914062,90.98666747070313,3818,1277,9743,28.933338760918137,2573725.5137686743,2.0,4.0,0,1
branching,9550,1166.7940710952334,43.86384218967376,511.80071002368317,3215.9189453125,4997.220764160156,2.756200965517263,0.6435414997826245,20.725128173828125,193,2308.0899999999997,7224.232299999998,13876.615999999998,39.17411012389387,90.98666747070313,3422,1230,9743,28.61718160041775,1876995.609570542,1.0,2.0,0,0
branching,9550,1194.7830144296129,44.63871271088463,533.3357573296821,3344.44775390625,4995.112274169922,2.7992093237974953,0.6695440603408707,20.725128173828125,193,2278.5389999999998,7187.433120418084,13661.927000000001,38.72834782910156,90.98666747070313,3839,1273,9743,29.821307244363894,1914791.090727225,1.0,4.0,0,1
branching,9550,1149.835576706877,46.45901918246967,534.2023311491087,3568.6217041015625,4694.307525634766,3.1035930496446076,0.7602019434419164,20.725128173828125,193,2303.045,7246.465599999999,14165.094000000001,39.10711658329564,90.98666747070313,3478,1235,9743,29.869761456863035,1186513.1760099246,0.0,1.0,0,0
branching,9550,1117.0479320537863,46.5301678935538,519.7642782360975,3532.919219970703,4600.373748779297,3.162728400987355,0.7679635205526852,20.725128173828125,193,2416.84,7846.789299999999,14602.93,41.86958642382809,93.06371325195313,3916,1249,9743,29.062462103665652,1159310.528242033,0.0,0.5,0,0
A naive shortest-path tree (reference),9550,1270.9650372801152,46.62447648381989,592.5807949242401,3776.441864013672,4960.472320556641,2.971318449558074,0.7613069119171897,20.725128173828125,193,2265.7550000000006,7170.118899999999,13661.927000000001,38.64507982457602,90.98666747070313,3845,1254,9743,33.133975567330054,1270965.0372801153,0.0,0.0,0,1
branching,9550,1206.530860468268,46.73294441465855,563.8473963683371,3666.436981201172,4804.773681640625,3.0388256954970774,0.7630821395835735,20.725128173828125,193,2270.955,7187.314799999999,13661.927000000001,38.71050110702754,90.98666747070313,3855,1271,9743,31.52735629469675,1227157.4436771055,0.0,4.0,0,0
branching,9550,1180.3245836315123,46.77724705460765,552.1233465315815,3623.5227661132812,4744.442535400391,3.0699375547739294,0.7637404687856519,20.725128173828125,193,2280.3189999999995,7191.356213379785,13770.106,38.89303442240288,90.98666747070313,3883,1275,9743,30.871809601033007,1209335.828570101,0.0,2.0,0,0
branching,9550,1089.7295915206596,46.962981086520784,511.76950196006754,3518.1901245117188,4502.810272216797,3.228498291582843,0.7813320819266196,20.725128173828125,193,2578.0249999999996,8568.916046979006,17200.728999999996,45.08796475921643,97.93724825195312,4305,1408,9743,28.615436610998252,1130460.6231427402,0.0,0.25,0,0
branching,9550,1064.903036297286,47.63223990448445,507.2371689992624,3561.551483154297,4399.145111083984,3.344484297404171,0.8096008186183025,20.725128173828125,193,3751.0859999999993,12826.463929055555,18862.546000000002,55.02299172896627,117.01368825195311,5460,1223,9743,28.362012587012593,1064903.036297286,0.0,0.0,0,0
