LABEL,DIA_MM,SLOPE_PMIL,OUR_Q_LS,OUR_V_MS,OUR_DOD,SG_Q_LS,SG_V_MS,SG_DOD,DQ_PCT,DV_PCT
P-0001,200,5.0,3.51,0.539,0.284,,,,,
P-0002,200,5.0,1.35,0.405,0.177,,,,,
P-0003,200,9.135,1.56,0.524,0.164,,,,,
P-0004,200,22.31,1.88,0.758,0.144,,,,,
P-0005,200,5.0,1.99,0.456,0.214,,,,,
P-0006,200,-151.261,30.26,1.088,,,,,,
P-0007,315,2.7,30.29,0.748,0.568,,,,,
P-0008,315,2.7,27.36,0.731,0.533,,,,,
P-0009,200,5.0,1.81,0.443,0.204,,,,,
P-0010,200,41.616,0.04,0.253,0.021,,,,,
P-0011,200,5.0,0.18,0.214,0.069,,,,,
P-0012,200,16.448,1.52,0.639,0.141,,,,,
P-0013,200,5.0,1.74,0.438,0.2,,,,,
P-0014,200,5.0,2.09,0.463,0.219,,,,,
P-0015,200,5.0,2.62,0.495,0.245,,,,,
P-0016,200,5.0,0.5,0.297,0.11,,,,,
P-0017,200,5.0,9.31,0.706,0.479,,,,,
P-0018,200,8.679,9.39,0.868,0.412,,,,,
P-0019,200,5.0,1.6,0.427,0.192,,,,,
P-0020,200,5.0,1.81,0.444,0.204,,,,,
P-0021,200,5.0,1.99,0.456,0.214,,,,,
P-0022,200,5.0,2.1,0.463,0.219,,,,,
P-0023,200,5.0,0.04,0.125,0.034,,,,,
P-0024,200,5.0,0.14,0.198,0.062,,,,,
P-0025,200,5.0,0.11,0.182,0.055,,,,,
P-0026,200,5.0,0.29,0.249,0.086,,,,,
P-0027,200,5.0,0.32,0.259,0.09,,,,,
P-0028,200,5.0,0.43,0.284,0.103,,,,,
P-0029,200,5.0,0.5,0.298,0.111,,,,,
P-0030,500,1.55,59.7,0.716,0.441,,,,,
P-0031,500,1.55,54.08,0.698,0.417,,,,,
P-0032,500,1.55,54.08,0.698,0.417,,,,,
P-0033,500,1.55,54.12,0.698,0.417,,,,,
P-0034,500,1.55,54.17,0.698,0.417,,,,,
P-0035,200,5.0,0.04,0.124,0.034,,,,,
P-0036,200,6.035,1.63,0.459,0.185,,,,,
P-0037,200,5.0,1.96,0.454,0.212,,,,,
P-0038,200,5.0,3.23,0.526,0.272,,,,,
P-0039,200,5.0,3.23,0.526,0.272,,,,,
P-0040,200,5.0,2.3,0.477,0.23,,,,,
P-0041,200,5.0,2.94,0.512,0.26,,,,,
P-0042,200,5.0,3.12,0.521,0.268,,,,,
P-0043,200,5.0,3.16,0.523,0.269,,,,,
P-0044,200,12.853,3.19,0.734,0.213,,,,,
P-0045,200,5.0,3.19,0.525,0.271,,,,,
P-0046,200,5.0,0.0,0.026,0.006,,,,,
P-0047,200,5.0,0.04,0.125,0.034,,,,,
P-0048,200,5.0,0.5,0.297,0.11,,,,,
P-0049,200,5.0,0.5,0.297,0.11,,,,,
P-0050,200,5.0,0.5,0.298,0.111,,,,,
P-0051,200,5.0,0.82,0.348,0.139,,,,,
P-0052,200,5.0,0.89,0.357,0.145,,,,,
P-0053,200,5.0,0.89,0.357,0.145,,,,,
P-0054,200,5.0,0.57,0.31,0.117,,,,,
P-0055,200,5.0,0.35,0.267,0.094,,,,,
P-0056,200,5.0,0.57,0.31,0.117,,,,,
P-0057,200,5.0,0.57,0.31,0.117,,,,,
P-0058,600,1.25,86.73,0.723,0.441,,,,,
P-0059,600,1.25,86.79,0.723,0.441,,,,,
P-0060,600,1.25,86.79,0.723,0.441,,,,,
P-0061,600,1.265,86.65,0.726,0.439,,,,,
P-0062,600,1.25,86.34,0.722,0.439,,,,,
P-0063,600,1.25,86.34,0.722,0.439,,,,,
P-0064,200,5.0,6.82,0.65,0.403,,,,,
P-0065,200,5.538,7.36,0.689,0.408,,,,,
P-0066,200,7.232,0.11,0.205,0.05,,,,,
P-0067,200,5.0,9.14,0.703,0.475,,,,,
P-0068,200,5.0,0.14,0.199,0.062,,,,,
P-0069,200,15.85,0.25,0.355,0.061,,,,,
P-0070,200,5.0,0.43,0.283,0.103,,,,,
P-0071,250,3.75,18.52,0.751,0.553,,,,,
P-0072,250,3.75,18.24,0.748,0.548,,,,,
P-0073,200,14.423,0.5,0.429,0.086,,,,,
P-0074,200,11.882,0.25,0.321,0.066,,,,,
P-0075,200,19.537,0.14,0.316,0.045,,,,,
P-0076,200,5.0,0.14,0.199,0.062,,,,,
P-0077,200,5.0,0.32,0.258,0.09,,,,,
P-0078,200,5.0,0.21,0.227,0.075,,,,,
P-0079,200,5.0,1.56,0.424,0.19,,,,,
P-0080,200,5.0,1.57,0.424,0.19,,,,,
P-0081,200,5.0,0.07,0.157,0.046,,,,,
P-0082,200,23.013,0.71,0.565,0.091,,,,,
P-0083,200,53.887,0.04,0.276,0.02,,,,,
P-0084,200,7.228,0.0,0.008,0.002,,,,,
P-0085,200,29.421,0.0,0.045,0.004,,,,,
P-0086,200,5.0,0.14,0.198,0.062,,,,,
P-0087,200,5.0,0.04,0.124,0.034,,,,,
P-0088,200,5.0,0.0,0.025,0.006,,,,,
P-0089,200,5.0,0.0,0.021,0.005,,,,,
P-0090,200,5.0,0.07,0.158,0.046,,,,,
P-0091,200,5.0,0.0,0.028,0.007,,,,,
P-0092,200,5.0,0.0,0.037,0.009,,,,,
P-0093,200,5.0,0.15,0.2,0.063,,,,,
P-0094,200,5.0,0.39,0.275,0.099,,,,,
P-0095,200,5.0,1.28,0.399,0.173,,,,,
P-0096,200,5.0,0.04,0.124,0.034,,,,,
P-0097,200,5.0,0.25,0.238,0.08,,,,,
P-0098,200,5.0,0.14,0.199,0.062,,,,,
P-0099,200,7.637,0.79,0.398,0.124,,,,,
P-0100,200,8.005,10.46,0.867,0.448,,,,,
P-0101,200,-208.878,10.43,0.75,,,,,,
P-0102,200,5.0,0.0,0.024,0.006,,,,,
P-0103,200,5.0,0.0,0.031,0.007,,,,,
P-0104,200,5.0,0.0,0.043,0.01,,,,,
P-0105,250,3.75,17.02,0.736,0.525,,,,,
P-0106,250,3.75,17.19,0.738,0.528,,,,,
P-0107,250,3.75,17.62,0.742,0.536,,,,,
P-0108,250,3.75,18.56,0.751,0.554,,,,,
P-0109,250,3.75,18.69,0.752,0.556,,,,,
P-0110,250,3.75,18.76,0.753,0.557,,,,,
P-0111,200,5.0,0.11,0.182,0.055,,,,,
P-0112,200,5.0,0.0,0.025,0.006,,,,,
P-0113,200,5.0,0.0,0.038,0.009,,,,,
P-0114,200,10.704,0.0,0.033,0.005,,,,,
P-0115,200,28.308,7.34,1.242,0.265,,,,,
P-0116,200,5.0,7.42,0.665,0.422,,,,,
P-0117,200,5.0,3.64,0.545,0.29,,,,,
P-0118,200,5.0,0.04,0.125,0.034,,,,,
P-0119,200,5.0,2.67,0.498,0.247,,,,,
P-0120,200,5.0,1.99,0.456,0.214,,,,,
P-0121,200,5.0,0.07,0.157,0.046,,,,,
P-0122,200,5.0,0.14,0.198,0.062,,,,,
P-0123,200,5.0,0.04,0.125,0.034,,,,,
P-0124,200,5.0,0.11,0.181,0.055,,,,,
P-0125,200,5.0,0.71,0.333,0.131,,,,,
P-0126,200,5.0,0.11,0.181,0.055,,,,,
P-0127,200,5.0,0.14,0.199,0.062,,,,,
P-0128,200,5.0,0.0,0.025,0.006,,,,,
P-0129,200,8.341,0.04,0.149,0.03,,,,,
P-0130,200,5.0,0.5,0.297,0.11,,,,,
P-0131,200,5.0,0.11,0.181,0.055,,,,,
P-0132,200,7.64,0.0,0.022,0.004,,,,,
P-0133,200,5.0,6.65,0.646,0.397,,,,,
P-0134,200,5.0,7.33,0.663,0.419,,,,,
P-0135,200,5.0,7.42,0.665,0.422,,,,,
P-0136,200,5.0,7.59,0.669,0.427,,,,,
P-0137,200,5.0,7.64,0.67,0.429,,,,,
P-0138,200,5.0,0.57,0.31,0.118,,,,,
P-0139,200,5.0,1.31,0.402,0.175,,,,,
P-0140,200,6.293,1.35,0.44,0.167,,,,,
P-0141,200,5.0,0.82,0.347,0.139,,,,,
P-0142,200,5.0,0.0,0.033,0.008,,,,,
P-0143,200,10.073,0.14,0.252,0.053,,,,,
P-0144,200,5.0,0.36,0.267,0.094,,,,,
P-0145,200,13.224,0.89,0.5,0.115,,,,,
P-0146,200,6.338,1.2,0.426,0.158,,,,,
P-0147,200,19.35,1.38,0.656,0.129,,,,,
P-0148,200,5.0,0.92,0.361,0.148,,,,,
P-0149,200,5.0,0.85,0.352,0.142,,,,,
P-0150,200,12.357,0.92,0.495,0.119,,,,,
P-0151,200,5.0,0.04,0.125,0.034,,,,,
P-0152,200,5.0,1.78,0.441,0.203,,,,,
P-0153,200,5.0,1.5,0.419,0.186,,,,,
P-0154,200,5.0,0.07,0.158,0.046,,,,,
P-0155,200,5.0,0.07,0.158,0.046,,,,,
P-0156,600,1.25,87.98,0.725,0.444,,,,,
P-0157,600,1.25,87.98,0.725,0.444,,,,,
P-0158,400,7.049,87.98,1.402,0.5,,,,,
P-0159,200,5.0,0.18,0.213,0.069,,,,,
P-0160,200,5.0,0.18,0.213,0.069,,,,,
P-0161,200,6.6,0.53,0.335,0.107,,,,,
P-0162,200,5.0,0.0,0.019,0.005,,,,,
P-0163,200,5.0,3.45,0.537,0.282,,,,,
P-0164,200,5.0,3.45,0.537,0.282,,,,,
P-0165,200,5.0,4.26,0.57,0.314,,,,,
P-0166,200,5.0,0.36,0.268,0.095,,,,,
P-0167,200,5.0,2.7,0.499,0.249,,,,,
P-0168,200,5.0,2.77,0.503,0.252,,,,,
P-0169,200,10.372,0.64,0.415,0.104,,,,,
P-0170,200,7.221,0.68,0.372,0.117,,,,,
P-0171,200,5.0,0.96,0.365,0.15,,,,,
P-0172,200,5.0,4.02,0.561,0.304,,,,,
P-0173,200,5.0,4.08,0.563,0.307,,,,,
P-0174,200,5.0,4.08,0.563,0.307,,,,,
P-0175,200,8.895,2.56,0.604,0.21,,,,,
P-0176,200,14.768,2.57,0.722,0.185,,,,,
P-0177,200,16.5,2.6,0.754,0.182,,,,,
P-0178,200,5.0,1.42,0.412,0.182,,,,,
P-0179,200,5.0,1.38,0.409,0.179,,,,,
P-0180,200,5.0,10.01,0.719,0.5,,,,,
P-0181,200,5.0,3.52,0.54,0.284,,,,,
P-0182,200,5.0,3.68,0.547,0.291,,,,,
P-0183,200,5.0,3.83,0.553,0.297,,,,,
P-0184,200,5.0,6.93,0.653,0.406,,,,,
P-0185,200,5.0,6.93,0.653,0.406,,,,,
P-0186,200,5.0,0.0,0.022,0.005,,,,,
P-0187,200,5.0,0.39,0.275,0.099,,,,,
P-0188,200,5.0,1.06,0.377,0.158,,,,,
P-0189,200,5.0,0.15,0.2,0.063,,,,,
P-0190,200,5.0,0.15,0.2,0.063,,,,,
P-0191,200,5.0,0.15,0.2,0.063,,,,,
P-0192,200,5.0,0.07,0.159,0.046,,,,,
P-0193,200,5.0,0.11,0.182,0.055,,,,,
P-0194,200,10.585,2.17,0.61,0.186,,,,,
P-0195,200,7.902,0.72,0.391,0.117,,,,,
P-0196,200,8.336,0.72,0.398,0.116,,,,,
P-0197,200,8.453,0.0,0.042,0.007,,,,,
P-0198,200,5.0,6.87,0.652,0.404,,,,,
P-0199,200,5.0,6.87,0.652,0.404,,,,,
P-0200,200,12.407,1.35,0.558,0.142,,,,,
P-0201,200,10.931,0.68,0.43,0.106,,,,,
P-0202,200,5.0,0.92,0.361,0.148,,,,,
P-0203,200,5.0,3.3,0.53,0.275,,,,,
P-0204,200,6.561,0.71,0.366,0.123,,,,,
P-0205,200,10.464,0.71,0.431,0.11,,,,,
P-0206,200,7.006,0.71,0.375,0.121,,,,,
P-0207,200,5.0,0.0,0.02,0.005,,,,,
P-0208,200,5.0,0.28,0.249,0.085,,,,,
P-0209,315,2.7,23.99,0.708,0.493,,,,,
P-0210,250,3.75,22.11,0.781,0.62,,,,,
P-0211,250,3.75,22.31,0.783,0.623,,,,,
P-0212,250,3.75,22.89,0.787,0.634,,,,,
P-0213,200,14.289,0.36,0.384,0.074,,,,,
P-0214,200,5.0,0.07,0.158,0.046,,,,,
P-0215,250,3.75,18.8,0.754,0.558,,,,,
P-0216,250,3.75,16.29,0.728,0.511,,,,,
P-0217,250,3.75,16.42,0.73,0.514,,,,,
P-0218,200,5.0,0.28,0.249,0.085,,,,,
P-0219,200,5.527,0.04,0.129,0.033,,,,,
P-0220,200,5.0,0.89,0.356,0.145,,,,,
P-0221,200,5.0,10.72,0.731,0.521,,,,,
P-0222,200,5.0,10.88,0.734,0.526,,,,,
P-0223,200,11.112,0.14,0.261,0.052,,,,,
P-0224,200,5.0,0.21,0.227,0.075,,,,,
P-0225,200,13.481,2.66,0.707,0.193,,,,,
P-0226,200,13.101,2.66,0.7,0.194,,,,,
P-0227,200,21.255,2.66,0.829,0.173,,,,,
P-0228,200,7.448,0.85,0.405,0.129,,,,,
P-0229,200,5.0,1.49,0.418,0.186,,,,,
P-0230,200,5.0,1.6,0.427,0.192,,,,,
P-0231,200,5.0,1.67,0.433,0.196,,,,,
P-0232,200,42.602,0.0,0.056,0.004,,,,,
P-0233,200,5.0,0.04,0.126,0.034,,,,,
P-0234,200,5.0,0.43,0.283,0.103,,,,,
P-0235,200,5.0,0.85,0.352,0.142,,,,,
P-0236,200,5.0,1.03,0.373,0.155,,,,,
P-0237,200,5.0,1.1,0.381,0.161,,,,,
P-0238,200,19.279,1.7,0.699,0.143,,,,,
P-0239,200,16.169,1.92,0.682,0.158,,,,,
P-0240,200,5.0,1.92,0.451,0.21,,,,,
P-0241,200,8.308,1.92,0.54,0.185,,,,,
P-0242,200,5.0,0.0,0.024,0.006,,,,,
P-0243,200,5.0,0.0,0.031,0.007,,,,,
P-0244,200,5.0,0.0,0.037,0.009,,,,,
P-0245,200,5.0,0.0,0.041,0.01,,,,,
P-0246,200,5.0,0.0,0.047,0.011,,,,,
P-0247,200,5.0,0.0,0.047,0.011,,,,,
P-0248,200,5.0,0.0,0.038,0.009,,,,,
P-0249,200,5.0,0.04,0.126,0.034,,,,,
P-0250,200,5.0,0.0,0.024,0.006,,,,,
P-0251,200,5.0,0.0,0.017,0.004,,,,,
P-0252,200,5.0,1.31,0.402,0.175,,,,,
P-0253,200,5.0,1.31,0.402,0.175,,,,,
P-0254,200,5.0,0.21,0.227,0.075,,,,,
P-0255,200,5.0,0.39,0.275,0.099,,,,,
P-0256,200,5.0,0.85,0.352,0.142,,,,,
P-0257,200,5.0,0.32,0.258,0.09,,,,,
P-0258,200,22.352,0.0,0.042,0.005,,,,,
P-0259,200,15.28,0.0,0.038,0.005,,,,,
P-0260,200,5.0,0.32,0.258,0.09,,,,,
P-0261,200,5.0,0.43,0.283,0.103,,,,,
P-0262,200,5.0,0.85,0.352,0.142,,,,,
P-0263,200,-196.143,7.47,0.75,,,,,,
P-0264,200,7.026,0.0,0.028,0.006,,,,,
P-0265,200,5.0,1.53,0.421,0.188,,,,,
P-0266,200,5.0,0.0,0.052,0.012,,,,,
P-0267,200,5.0,0.0,0.018,0.005,,,,,
P-0268,200,5.0,0.0,0.056,0.013,,,,,
P-0269,200,5.0,3.27,0.528,0.274,,,,,
P-0270,200,5.0,4.26,0.57,0.314,,,,,
P-0271,200,8.916,0.0,0.03,0.005,,,,,
P-0272,200,5.0,0.04,0.125,0.034,,,,,
P-0273,200,5.0,0.04,0.125,0.034,,,,,
P-0274,200,5.0,4.74,0.588,0.332,,,,,
P-0275,200,5.0,4.74,0.588,0.332,,,,,
P-0276,200,7.53,0.71,0.383,0.118,,,,,
P-0277,200,5.0,4.89,0.593,0.337,,,,,
P-0278,200,5.0,5.48,0.612,0.358,,,,,
P-0279,200,10.418,0.04,0.159,0.028,,,,,
P-0280,200,5.0,5.89,0.625,0.372,,,,,
P-0281,200,5.552,0.0,0.032,0.007,,,,,
P-0282,200,24.724,0.0,0.041,0.004,,,,,
P-0283,200,5.0,0.0,0.037,0.009,,,,,
P-0284,200,5.0,0.04,0.126,0.034,,,,,
P-0285,200,30.182,0.0,0.066,0.006,,,,,
P-0286,200,8.345,0.0,0.033,0.006,,,,,
P-0287,200,14.441,0.0,0.042,0.006,,,,,
P-0288,200,5.0,0.53,0.304,0.114,,,,,
P-0289,200,5.0,0.53,0.304,0.114,,,,,
P-0290,200,5.0,0.18,0.214,0.069,,,,,
P-0291,200,5.0,0.0,0.023,0.006,,,,,
P-0292,200,5.0,0.18,0.213,0.069,,,,,
P-0293,200,5.0,0.04,0.127,0.034,,,,,
P-0294,200,5.0,0.04,0.128,0.035,,,,,
P-0295,200,5.0,0.07,0.16,0.046,,,,,
P-0296,200,5.0,0.11,0.182,0.055,,,,,
P-0297,200,10.476,0.0,0.034,0.006,,,,,
P-0298,200,8.405,0.0,0.036,0.006,,,,,
P-0299,200,5.0,0.18,0.214,0.069,,,,,
P-0300,200,5.0,0.07,0.158,0.046,,,,,
P-0301,200,5.0,0.43,0.283,0.103,,,,,
P-0302,200,14.581,0.78,0.497,0.106,,,,,
P-0303,200,5.0,0.82,0.347,0.139,,,,,
P-0304,200,5.0,0.89,0.357,0.145,,,,,
P-0305,200,5.0,1.31,0.402,0.175,,,,,
P-0306,200,5.0,0.0,0.017,0.004,,,,,
P-0307,200,5.0,1.31,0.402,0.175,,,,,
P-0308,250,8.393,33.04,1.171,0.618,,,,,
P-0309,250,7.722,32.05,1.125,0.623,,,,,
P-0310,315,2.7,33.32,0.764,0.604,,,,,
P-0311,315,2.7,33.11,0.763,0.602,,,,,
P-0312,315,2.7,31.96,0.757,0.588,,,,,
P-0313,200,11.851,0.0,0.03,0.005,,,,,
P-0314,200,15.085,0.0,0.034,0.005,,,,,
P-0315,200,38.905,0.21,0.456,0.047,,,,,
P-0316,315,2.7,31.94,0.757,0.588,,,,,
P-0317,200,5.0,0.39,0.276,0.099,,,,,
P-0318,200,5.0,0.46,0.291,0.107,,,,,
P-0319,315,2.7,31.49,0.755,0.582,,,,,
P-0320,200,5.0,0.32,0.259,0.09,,,,,
P-0321,315,2.7,31.49,0.755,0.582,,,,,
P-0322,200,5.0,6.62,0.645,0.396,,,,,
P-0323,200,10.442,0.0,0.028,0.005,,,,,
P-0324,200,5.0,0.96,0.365,0.15,,,,,
P-0325,200,5.0,0.11,0.18,0.055,,,,,
P-0326,200,5.0,0.81,0.347,0.139,,,,,
P-0327,200,5.0,0.0,0.024,0.006,,,,,
P-0328,200,5.0,0.0,0.032,0.008,,,,,
P-0329,315,2.7,31.49,0.755,0.582,,,,,
P-0330,200,5.0,1.74,0.438,0.2,,,,,
P-0331,200,5.0,1.78,0.441,0.202,,,,,
P-0332,200,5.0,8.98,0.699,0.47,,,,,
P-0333,200,5.0,0.32,0.259,0.09,,,,,
P-0334,200,5.0,0.18,0.214,0.069,,,,,
P-0335,200,43.049,0.0,0.036,0.003,,,,,
P-0336,200,5.0,0.0,0.024,0.006,,,,,
P-0337,200,5.0,0.0,0.032,0.008,,,,,
P-0338,200,5.0,0.0,0.037,0.009,,,,,
P-0339,200,5.0,0.0,0.01,0.003,,,,,
P-0340,200,5.0,0.0,0.03,0.007,,,,,
P-0341,200,5.0,0.28,0.249,0.085,,,,,
P-0342,200,5.0,0.0,0.022,0.006,,,,,
P-0343,200,5.0,0.14,0.199,0.062,,,,,
P-0344,200,5.0,4.57,0.582,0.325,,,,,
P-0345,200,5.0,0.0,0.025,0.006,,,,,
P-0346,200,5.0,0.64,0.322,0.124,,,,,
P-0347,200,5.0,0.39,0.276,0.099,,,,,
P-0348,200,5.0,0.11,0.181,0.055,,,,,
P-0349,200,5.0,4.6,0.583,0.326,,,,,
P-0350,200,5.0,3.52,0.54,0.284,,,,,
P-0351,200,5.0,0.21,0.227,0.075,,,,,
P-0352,200,5.0,0.18,0.213,0.069,,,,,
P-0353,200,5.0,0.0,0.018,0.005,,,,,
P-0354,200,5.0,0.43,0.283,0.103,,,,,
P-0355,200,5.0,0.85,0.352,0.142,,,,,
P-0356,200,7.73,0.11,0.209,0.049,,,,,
P-0357,200,5.0,0.14,0.199,0.062,,,,,
P-0358,200,5.0,0.0,0.02,0.005,,,,,
P-0359,200,5.0,0.0,0.026,0.006,,,,,
P-0360,200,5.0,0.0,0.021,0.005,,,,,
P-0361,200,5.0,0.89,0.356,0.145,,,,,
P-0362,200,44.524,0.0,0.046,0.004,,,,,
P-0363,200,5.0,0.11,0.181,0.055,,,,,
P-0364,200,7.765,0.0,0.021,0.004,,,,,
P-0365,200,12.647,0.0,0.033,0.005,,,,,
P-0366,200,5.0,0.53,0.304,0.114,,,,,
P-0367,315,2.7,30.64,0.75,0.572,,,,,
P-0368,200,5.0,0.25,0.239,0.08,,,,,
P-0369,200,5.0,0.32,0.259,0.09,,,,,
P-0370,200,5.0,8.16,0.682,0.445,,,,,
P-0371,200,5.0,8.19,0.683,0.446,,,,,
P-0372,200,5.0,0.96,0.365,0.151,,,,,
P-0373,200,5.0,0.96,0.365,0.151,,,,,
P-0374,200,22.901,0.0,0.023,0.003,,,,,
P-0375,200,5.0,9.03,0.7,0.471,,,,,
P-0376,200,7.151,0.0,0.008,0.002,,,,,
P-0377,200,5.0,10.09,0.72,0.503,,,,,
P-0378,200,21.809,0.04,0.205,0.024,,,,,
P-0379,200,10.357,0.07,0.202,0.039,,,,,
P-0380,200,5.0,9.25,0.705,0.478,,,,,
P-0381,315,2.7,26.53,0.725,0.523,,,,,
P-0382,200,66.786,0.04,0.296,0.019,,,,,
P-0383,200,5.0,0.0,0.023,0.006,,,,,
P-0384,200,12.082,0.0,0.019,0.003,,,,,
P-0385,200,19.098,0.07,0.249,0.034,,,,,
P-0386,200,5.0,0.36,0.267,0.094,,,,,
P-0387,200,5.275,0.39,0.281,0.097,,,,,
P-0388,200,5.0,0.07,0.158,0.046,,,,,
P-0389,200,5.0,0.14,0.199,0.062,,,,,
P-0390,200,11.838,0.14,0.267,0.051,,,,,
P-0391,200,5.343,0.18,0.219,0.068,,,,,
P-0392,200,5.0,0.57,0.31,0.117,,,,,
P-0393,200,5.0,0.71,0.332,0.13,,,,,
P-0394,200,5.0,0.74,0.338,0.133,,,,,
P-0395,200,5.0,0.0,0.018,0.005,,,,,
P-0396,200,5.0,0.07,0.157,0.046,,,,,
P-0397,200,5.0,0.32,0.258,0.09,,,,,
P-0398,200,5.0,0.14,0.198,0.062,,,,,
P-0399,200,5.0,0.0,0.017,0.004,,,,,
P-0400,200,5.0,0.0,0.016,0.004,,,,,
P-0401,200,5.0,1.89,0.449,0.209,,,,,
P-0402,200,5.0,0.28,0.249,0.085,,,,,
P-0403,200,5.0,0.21,0.227,0.075,,,,,
P-0404,200,5.0,1.53,0.422,0.188,,,,,
P-0405,200,6.516,0.32,0.283,0.084,,,,,
P-0406,200,15.881,0.14,0.294,0.048,,,,,
P-0407,200,5.0,0.21,0.227,0.075,,,,,
P-0408,200,12.864,1.53,0.588,0.15,,,,,
P-0409,200,12.495,0.07,0.215,0.037,,,,,
P-0410,200,5.0,4.01,0.56,0.304,,,,,
P-0411,200,5.0,4.01,0.561,0.304,,,,,
P-0412,250,3.75,18.12,0.747,0.545,,,,,
P-0413,250,3.75,18.04,0.746,0.544,,,,,
P-0414,200,5.0,2.8,0.505,0.254,,,,,
P-0415,200,5.0,3.12,0.521,0.268,,,,,
P-0416,200,5.0,4.99,0.596,0.341,,,,,
P-0417,200,5.0,4.63,0.584,0.328,,,,,
P-0418,200,5.0,14.28,0.781,0.625,,,,,
P-0419,200,13.297,0.04,0.173,0.027,,,,,
P-0420,200,14.598,0.0,0.025,0.004,,,,,
P-0421,200,5.0,0.07,0.157,0.046,,,,,
P-0422,200,5.0,0.36,0.268,0.095,,,,,
P-0423,200,5.0,0.04,0.125,0.034,,,,,
P-0424,200,5.0,0.25,0.239,0.08,,,,,
P-0425,200,5.0,0.25,0.238,0.08,,,,,
P-0426,200,5.0,0.96,0.366,0.151,,,,,
P-0427,200,5.0,1.0,0.37,0.153,,,,,
P-0428,200,5.0,1.03,0.374,0.156,,,,,
P-0429,200,38.882,0.11,0.361,0.034,,,,,
P-0430,200,10.188,0.0,0.024,0.004,,,,,
P-0431,200,5.0,0.61,0.317,0.121,,,,,
P-0432,200,5.0,0.21,0.226,0.075,,,,,
P-0433,200,5.0,0.18,0.213,0.069,,,,,
P-0434,200,5.0,0.0,0.018,0.005,,,,,
P-0435,200,5.0,14.22,0.78,0.623,,,,,
P-0436,200,5.0,0.5,0.297,0.11,,,,,
P-0437,200,5.0,0.57,0.31,0.117,,,,,
P-0438,200,5.0,0.57,0.31,0.117,,,,,
P-0439,200,5.0,0.11,0.18,0.055,,,,,
P-0440,200,5.0,0.18,0.214,0.069,,,,,
P-0441,200,5.0,0.0,0.024,0.006,,,,,
P-0442,200,12.215,0.11,0.245,0.044,,,,,
P-0443,200,40.48,0.0,0.03,0.003,,,,,
P-0444,200,5.0,0.0,0.029,0.007,,,,,
P-0445,200,5.0,0.07,0.158,0.046,,,,,
P-0446,200,5.0,0.0,0.025,0.006,,,,,
P-0447,200,5.0,0.29,0.249,0.086,,,,,
P-0448,200,17.819,0.21,0.35,0.056,,,,,
P-0449,200,39.833,0.14,0.402,0.039,,,,,
P-0450,200,5.0,0.18,0.213,0.069,,,,,
P-0451,200,5.0,0.11,0.18,0.055,,,,,
P-0452,200,5.0,1.98,0.456,0.214,,,,,
P-0453,200,9.884,0.0,0.015,0.003,,,,,
P-0454,200,5.0,0.0,0.029,0.007,,,,,
P-0455,200,5.0,0.07,0.158,0.046,,,,,
P-0456,200,5.0,0.0,0.021,0.005,,,,,
P-0457,200,5.0,0.39,0.275,0.099,,,,,
P-0458,200,5.0,1.66,0.432,0.196,,,,,
P-0459,200,5.137,0.18,0.215,0.068,,,,,
P-0460,200,5.0,0.82,0.347,0.139,,,,,
P-0461,200,5.0,0.18,0.213,0.069,,,,,
P-0462,200,5.0,0.07,0.158,0.046,,,,,
P-0463,200,5.0,0.0,0.021,0.005,,,,,
P-0464,200,5.0,0.18,0.213,0.069,,,,,
P-0465,200,5.0,0.18,0.214,0.069,,,,,
P-0466,200,5.0,0.28,0.249,0.085,,,,,
P-0467,200,5.0,0.39,0.275,0.099,,,,,
P-0468,200,5.0,0.14,0.198,0.062,,,,,
P-0469,200,5.0,0.25,0.238,0.08,,,,,
P-0470,200,5.0,3.27,0.528,0.274,,,,,
P-0471,200,5.0,0.07,0.157,0.045,,,,,
P-0472,200,5.0,0.0,0.019,0.005,,,,,
P-0473,200,5.0,0.0,0.011,0.003,,,,,
P-0474,200,5.0,2.38,0.481,0.234,,,,,
P-0475,200,5.0,1.99,0.456,0.214,,,,,
P-0476,200,5.0,13.91,0.777,0.614,,,,,
P-0477,200,5.0,13.91,0.777,0.614,,,,,
P-0478,200,5.0,13.91,0.777,0.614,,,,,
P-0479,200,5.0,0.36,0.267,0.094,,,,,
P-0480,200,5.0,0.32,0.258,0.09,,,,,
P-0481,200,5.0,1.99,0.456,0.214,,,,,
P-0482,200,5.0,1.82,0.444,0.205,,,,,
P-0483,200,5.0,1.64,0.43,0.195,,,,,
P-0484,200,9.174,1.35,0.502,0.153,,,,,
P-0485,200,5.0,0.21,0.226,0.075,,,,,
P-0486,200,20.146,0.25,0.384,0.058,,,,,
P-0487,200,5.0,0.04,0.124,0.034,,,,,
P-0488,200,41.194,0.04,0.253,0.021,,,,,
P-0489,200,5.0,1.25,0.396,0.17,,,,,
P-0490,200,5.0,13.52,0.772,0.602,,,,,
P-0491,200,5.0,13.52,0.772,0.602,,,,,
P-0492,200,5.0,0.07,0.157,0.046,,,,,
P-0493,200,46.685,0.0,0.031,0.003,,,,,
P-0494,200,5.0,0.68,0.328,0.127,,,,,
P-0495,200,5.0,13.0,0.765,0.587,,,,,
P-0496,200,5.0,0.14,0.198,0.062,,,,,
P-0497,200,5.0,0.43,0.283,0.103,,,,,
P-0498,200,5.0,0.61,0.316,0.121,,,,,
P-0499,200,5.0,0.0,0.017,0.004,,,,,
P-0500,200,5.0,0.0,0.021,0.005,,,,,
P-0501,200,7.779,0.14,0.231,0.056,,,,,
P-0502,200,5.0,0.78,0.343,0.137,,,,,
P-0503,200,5.0,0.85,0.352,0.142,,,,,
P-0504,200,5.0,0.07,0.158,0.046,,,,,
P-0505,200,5.0,0.14,0.199,0.062,,,,,
P-0506,200,5.0,0.04,0.125,0.034,,,,,
P-0507,200,5.0,12.37,0.757,0.569,,,,,
P-0508,200,5.0,12.95,0.765,0.586,,,,,
P-0509,200,5.0,1.1,0.381,0.161,,,,,
P-0510,200,6.131,0.25,0.256,0.077,,,,,
P-0511,200,5.0,0.43,0.283,0.103,,,,,
P-0512,200,5.0,0.5,0.297,0.11,,,,,
P-0513,200,5.0,0.53,0.304,0.114,,,,,
P-0514,200,5.0,0.14,0.199,0.062,,,,,
P-0515,200,5.0,0.64,0.322,0.124,,,,,
P-0516,200,5.0,0.68,0.327,0.127,,,,,
P-0517,200,5.0,1.0,0.369,0.153,,,,,
P-0518,200,5.0,1.0,0.369,0.153,,,,,
P-0519,200,5.0,1.63,0.429,0.194,,,,,
P-0520,200,5.0,0.25,0.238,0.08,,,,,
P-0521,200,5.0,0.0,0.028,0.007,,,,,
P-0522,200,5.0,0.78,0.343,0.137,,,,,
P-0523,200,5.0,0.0,0.028,0.007,,,,,
P-0524,200,5.0,0.5,0.297,0.11,,,,,
P-0525,200,5.0,0.0,0.026,0.006,,,,,
P-0526,200,5.205,0.0,0.033,0.008,,,,,
P-0527,200,5.0,0.04,0.125,0.034,,,,,
P-0528,200,12.488,0.14,0.271,0.05,,,,,
P-0529,200,5.0,0.92,0.361,0.147,,,,,
P-0530,200,5.0,1.07,0.377,0.158,,,,,
P-0531,200,5.753,1.03,0.392,0.15,,,,,
P-0532,200,5.0,0.0,0.023,0.006,,,,,
P-0533,200,5.0,1.17,0.389,0.166,,,,,
P-0534,200,8.28,1.1,0.455,0.142,,,,,
P-0535,200,5.0,1.28,0.399,0.173,,,,,
P-0536,200,5.0,1.17,0.389,0.165,,,,,
P-0537,200,5.0,1.46,0.415,0.184,,,,,
P-0538,200,5.0,12.35,0.756,0.568,,,,,
P-0539,200,5.0,0.5,0.297,0.11,,,,,
P-0540,200,5.0,1.2,0.392,0.168,,,,,
P-0541,200,5.0,0.25,0.238,0.08,,,,,
P-0542,200,5.0,1.28,0.399,0.172,,,,,
P-0543,200,5.0,10.81,0.733,0.524,,,,,
P-0544,200,5.0,1.81,0.443,0.204,,,,,
P-0545,200,6.862,10.81,0.826,0.477,,,,,
P-0546,200,5.0,0.0,0.029,0.007,,,,,
P-0547,200,5.0,0.0,0.032,0.008,,,,,
P-0548,200,5.0,0.39,0.276,0.099,,,,,
P-0549,200,5.0,0.46,0.291,0.107,,,,,
P-0550,200,5.0,0.36,0.267,0.095,,,,,
P-0551,200,5.0,0.39,0.276,0.099,,,,,
P-0552,200,5.0,0.25,0.238,0.08,,,,,
P-0553,200,5.0,0.0,0.023,0.006,,,,,
P-0554,200,5.0,1.99,0.456,0.214,,,,,
P-0555,200,6.164,0.39,0.296,0.094,,,,,
P-0556,200,5.0,0.07,0.158,0.046,,,,,
P-0557,200,5.0,2.31,0.477,0.23,,,,,
P-0558,200,5.0,0.07,0.158,0.046,,,,,
P-0559,200,5.0,0.14,0.199,0.062,,,,,
P-0560,200,5.0,0.0,0.013,0.004,,,,,
P-0561,200,5.0,0.11,0.181,0.055,,,,,
P-0562,200,5.0,0.0,0.014,0.004,,,,,
P-0563,200,5.0,0.0,0.016,0.004,,,,,
P-0564,200,5.0,0.0,0.016,0.004,,,,,
P-0565,200,5.0,0.07,0.158,0.046,,,,,
P-0566,200,5.0,0.0,0.017,0.005,,,,,
P-0567,200,18.949,0.39,0.436,0.072,,,,,
P-0568,200,5.0,0.0,0.017,0.005,,,,,
P-0569,200,5.0,0.07,0.158,0.046,,,,,
P-0570,200,43.63,0.07,0.327,0.028,,,,,
P-0571,200,5.0,0.21,0.227,0.075,,,,,
P-0572,200,5.0,0.11,0.18,0.055,,,,,
P-0573,200,5.0,0.0,0.011,0.003,,,,,
P-0574,200,5.0,0.0,0.015,0.004,,,,,
P-0575,200,5.0,0.0,0.027,0.006,,,,,
P-0576,200,5.0,0.15,0.2,0.063,,,,,
P-0577,200,5.0,0.18,0.215,0.069,,,,,
P-0578,200,5.0,0.57,0.311,0.118,,,,,
P-0579,200,5.0,0.07,0.157,0.045,,,,,
P-0580,200,5.0,0.0,0.015,0.004,,,,,
P-0581,200,5.0,0.36,0.267,0.094,,,,,
P-0582,200,5.0,0.18,0.213,0.069,,,,,
P-0583,200,5.0,0.0,0.015,0.004,,,,,
P-0584,200,5.0,0.72,0.333,0.131,,,,,
P-0585,200,19.063,0.0,0.03,0.004,,,,,
P-0586,200,5.0,0.68,0.328,0.128,,,,,
P-0587,200,7.323,0.0,0.027,0.005,,,,,
P-0588,200,6.382,0.0,0.033,0.007,,,,,
P-0589,200,15.639,0.0,0.047,0.006,,,,,
P-0590,200,5.0,2.55,0.491,0.242,,,,,
P-0591,200,5.0,0.0,0.023,0.006,,,,,
P-0592,200,5.0,0.0,0.032,0.007,,,,,
P-0593,200,5.0,2.69,0.499,0.248,,,,,
P-0594,200,5.0,2.03,0.459,0.216,,,,,
P-0595,200,5.0,2.13,0.466,0.221,,,,,
P-0596,200,5.0,2.76,0.503,0.252,,,,,
P-0597,200,5.0,0.15,0.2,0.063,,,,,
P-0598,200,5.0,1.1,0.381,0.161,,,,,
P-0599,200,5.0,6.39,0.639,0.389,,,,,
P-0600,200,7.033,0.04,0.144,0.032,,,,,
P-0601,200,23.481,0.0,0.085,0.009,,,,,
P-0602,200,5.0,1.46,0.415,0.184,,,,,
P-0603,200,5.0,0.75,0.338,0.133,,,,,
P-0604,200,5.0,0.92,0.361,0.148,,,,,
P-0605,200,23.276,0.46,0.493,0.074,,,,,
P-0606,200,5.0,0.25,0.238,0.08,,,,,
P-0607,200,14.812,0.28,0.361,0.066,,,,,
P-0608,200,5.0,0.57,0.31,0.117,,,,,
P-0609,200,23.298,0.0,0.028,0.003,,,,,
P-0610,200,5.0,8.37,0.687,0.451,,,,,
P-0611,200,5.0,0.0,0.027,0.006,,,,,
P-0612,200,5.0,0.0,0.029,0.007,,,,,
P-0613,200,6.043,0.0,0.031,0.007,,,,,
P-0614,200,12.917,0.04,0.172,0.027,,,,,
P-0615,200,5.0,0.18,0.213,0.069,,,,,
P-0616,200,5.0,6.47,0.641,0.391,,,,,
P-0617,200,5.0,14.91,0.788,0.644,,,,,
P-0618,200,5.0,9.69,0.713,0.491,,,,,
P-0619,200,5.0,9.28,0.705,0.479,,,,,
P-0620,200,5.0,8.95,0.699,0.469,,,,,
P-0621,200,5.0,0.0,0.031,0.007,,,,,
P-0622,200,5.0,0.0,0.021,0.005,,,,,
P-0623,200,5.0,0.0,0.043,0.01,,,,,
P-0624,200,5.0,0.04,0.127,0.034,,,,,
P-0625,200,8.978,0.0,0.019,0.004,,,,,
P-0626,200,5.0,0.04,0.124,0.034,,,,,
P-0627,200,5.0,0.04,0.124,0.034,,,,,
P-0628,200,5.0,0.0,0.016,0.004,,,,,
P-0629,200,5.0,0.07,0.157,0.045,,,,,
P-0630,200,5.0,0.0,0.03,0.007,,,,,
P-0631,200,5.0,0.0,0.035,0.008,,,,,
P-0632,200,5.0,0.0,0.01,0.003,,,,,
P-0633,200,5.0,0.0,0.018,0.005,,,,,
P-0634,200,5.0,0.0,0.018,0.005,,,,,
P-0635,200,5.0,0.0,0.017,0.005,,,,,
P-0636,200,5.0,8.18,0.683,0.445,,,,,
P-0637,200,5.0,0.46,0.29,0.107,,,,,
P-0638,200,5.0,0.82,0.347,0.139,,,,,
P-0639,200,5.0,1.06,0.377,0.158,,,,,
P-0640,200,5.0,1.21,0.392,0.168,,,,,
P-0641,200,5.0,0.0,0.02,0.005,,,,,
P-0642,200,5.0,0.04,0.124,0.034,,,,,
P-0643,200,5.0,0.07,0.157,0.045,,,,,
P-0644,200,6.474,7.76,0.74,0.402,,,,,
P-0645,200,5.0,0.0,0.012,0.004,,,,,
P-0646,200,5.0,3.05,0.518,0.265,,,,,
P-0647,200,5.0,3.05,0.518,0.265,,,,,
P-0648,200,5.0,8.87,0.697,0.466,,,,,
P-0649,200,11.16,0.32,0.341,0.075,,,,,
P-0650,200,5.0,6.39,0.639,0.389,,,,,
P-0651,200,5.0,6.39,0.639,0.389,,,,,
P-0652,200,7.474,6.39,0.74,0.349,,,,,
P-0653,200,5.0,6.36,0.638,0.388,,,,,
P-0654,200,5.0,1.42,0.412,0.182,,,,,
P-0655,200,5.0,5.07,0.599,0.344,,,,,
P-0656,200,10.291,1.03,0.481,0.131,,,,,
P-0657,200,21.803,0.11,0.298,0.039,,,,,
P-0658,200,5.0,1.85,0.446,0.206,,,,,
P-0659,200,5.0,6.22,0.634,0.383,,,,,
P-0660,200,19.333,0.0,0.034,0.004,,,,,
P-0661,200,5.0,1.74,0.438,0.2,,,,,
P-0662,200,5.0,4.54,0.581,0.324,,,,,
P-0663,200,5.0,4.48,0.578,0.322,,,,,
P-0664,200,5.0,0.25,0.238,0.08,,,,,
P-0665,200,5.0,4.48,0.578,0.322,,,,,
P-0666,200,5.0,0.07,0.157,0.046,,,,,
P-0667,200,5.0,1.35,0.406,0.177,,,,,
P-0668,200,5.0,1.07,0.378,0.158,,,,,
P-0669,200,5.0,1.21,0.392,0.168,,,,,
P-0670,200,12.035,0.04,0.168,0.028,,,,,
P-0671,200,5.0,2.66,0.497,0.247,,,,,
P-0672,200,5.0,2.66,0.497,0.247,,,,,
P-0673,200,14.658,0.11,0.26,0.043,,,,,
P-0674,200,5.0,0.57,0.31,0.117,,,,,
P-0675,200,5.0,2.59,0.493,0.244,,,,,
P-0676,200,16.015,0.04,0.185,0.026,,,,,
P-0677,200,10.016,0.0,0.02,0.004,,,,,
P-0678,200,5.0,4.48,0.578,0.322,,,,,
P-0679,200,5.0,0.18,0.213,0.069,,,,,
P-0680,200,5.0,0.0,0.019,0.005,,,,,
P-0681,200,5.0,0.0,0.017,0.005,,,,,
P-0682,200,5.0,4.23,0.569,0.313,,,,,
P-0683,200,5.0,0.04,0.125,0.034,,,,,
P-0684,200,5.0,0.11,0.18,0.055,,,,,
P-0685,200,5.0,4.71,0.587,0.331,,,,,
P-0686,200,5.0,1.71,0.435,0.198,,,,,
P-0687,200,5.0,4.32,0.573,0.316,,,,,
P-0688,200,5.0,4.56,0.582,0.325,,,,,
P-0689,200,5.0,0.14,0.198,0.062,,,,,
P-0690,200,5.0,4.26,0.57,0.314,,,,,
P-0691,200,5.0,1.07,0.377,0.158,,,,,
P-0692,200,5.0,0.64,0.322,0.124,,,,,
P-0693,200,5.0,0.32,0.259,0.09,,,,,
P-0694,200,5.0,0.36,0.267,0.095,,,,,
P-0695,200,7.596,0.36,0.309,0.086,,,,,
P-0696,200,7.261,0.39,0.313,0.09,,,,,
P-0697,200,5.0,0.11,0.181,0.055,,,,,
P-0698,200,5.0,3.84,0.553,0.297,,,,,
P-0699,200,5.0,0.11,0.181,0.055,,,,,
P-0700,200,5.0,0.0,0.019,0.005,,,,,
P-0701,200,5.0,0.0,0.025,0.006,,,,,
P-0702,200,5.0,3.38,0.533,0.279,,,,,
P-0703,200,5.0,4.02,0.561,0.304,,,,,
P-0704,200,5.0,1.14,0.385,0.163,,,,,
P-0705,200,5.0,3.83,0.553,0.297,,,,,
P-0706,200,5.0,0.18,0.213,0.069,,,,,
P-0707,200,6.77,0.25,0.264,0.075,,,,,
P-0708,200,5.0,0.25,0.238,0.08,,,,,
P-0709,200,5.371,0.25,0.244,0.079,,,,,
P-0710,200,5.0,1.1,0.381,0.161,,,,,
P-0711,200,5.0,3.77,0.551,0.295,,,,,
P-0712,200,5.0,0.46,0.29,0.107,,,,,
P-0713,200,5.0,3.64,0.545,0.29,,,,,
P-0714,200,5.0,0.14,0.198,0.062,,,,,
P-0715,200,5.0,3.34,0.532,0.277,,,,,
P-0716,200,5.0,0.64,0.322,0.124,,,,,
P-0717,200,5.0,0.6,0.316,0.121,,,,,
P-0718,200,5.0,2.84,0.507,0.255,,,,,
P-0719,200,5.0,2.98,0.514,0.261,,,,,
P-0720,200,5.0,2.98,0.514,0.262,,,,,
P-0721,200,5.0,0.64,0.322,0.124,,,,,
P-0722,200,5.0,0.36,0.267,0.094,,,,,
P-0723,200,5.0,0.32,0.258,0.09,,,,,
P-0724,200,5.0,0.25,0.238,0.08,,,,,
P-0725,200,5.0,0.46,0.29,0.107,,,,,
P-0726,200,5.0,0.28,0.249,0.085,,,,,
P-0727,200,5.0,0.14,0.198,0.062,,,,,
P-0728,200,5.0,0.0,0.021,0.005,,,,,
P-0729,200,5.0,0.0,0.028,0.007,,,,,
P-0730,200,5.0,0.39,0.275,0.099,,,,,
P-0731,200,5.0,3.3,0.53,0.275,,,,,
P-0732,200,5.0,0.0,0.027,0.006,,,,,
P-0733,200,5.0,0.14,0.199,0.062,,,,,
P-0734,200,5.0,0.36,0.267,0.094,,,,,
P-0735,200,18.822,0.07,0.247,0.034,,,,,
P-0736,200,5.0,3.02,0.516,0.263,,,,,
P-0737,200,5.0,0.0,0.019,0.005,,,,,
P-0738,200,5.0,0.39,0.275,0.099,,,,,
P-0739,200,5.0,0.0,0.016,0.004,,,,,
P-0740,200,5.0,0.07,0.157,0.046,,,,,
P-0741,200,5.0,0.39,0.275,0.099,,,,,
P-0742,200,5.0,0.0,0.019,0.005,,,,,
P-0743,200,5.0,0.18,0.213,0.069,,,,,
P-0744,200,5.0,0.21,0.227,0.075,,,,,
P-0745,200,5.0,0.21,0.227,0.075,,,,,
P-0746,200,10.234,0.21,0.29,0.063,,,,,
P-0747,200,5.0,0.11,0.18,0.055,,,,,
P-0748,200,5.0,1.45,0.415,0.184,,,,,
P-0749,200,5.0,0.0,0.022,0.005,,,,,
P-0750,200,5.0,0.18,0.213,0.069,,,,,
P-0751,200,5.0,0.0,0.022,0.005,,,,,
P-0752,200,5.0,0.14,0.198,0.062,,,,,
P-0753,200,5.0,0.71,0.333,0.13,,,,,
P-0754,200,5.0,0.0,0.021,0.005,,,,,
P-0755,200,5.0,0.11,0.18,0.054,,,,,
P-0756,200,5.0,0.11,0.18,0.055,,,,,
P-0757,200,5.0,0.0,0.012,0.004,,,,,
P-0758,200,5.0,0.0,0.028,0.007,,,,,
P-0759,200,5.0,0.86,0.353,0.143,,,,,
P-0760,200,5.0,1.32,0.402,0.175,,,,,
P-0761,200,5.0,1.21,0.392,0.168,,,,,
P-0762,200,5.0,0.11,0.181,0.055,,,,,
P-0763,200,5.0,0.0,0.033,0.008,,,,,
P-0764,200,5.0,0.0,0.035,0.008,,,,,
P-0765,200,5.0,0.07,0.158,0.046,,,,,
P-0766,200,5.0,0.25,0.238,0.08,,,,,
P-0767,200,49.902,0.0,0.035,0.003,,,,,
P-0768,200,5.0,0.0,0.021,0.005,,,,,
P-0769,200,6.39,0.0,0.027,0.006,,,,,
P-0770,200,6.433,0.0,0.028,0.006,,,,,
P-0771,200,6.432,0.0,0.029,0.006,,,,,
P-0772,200,6.173,0.0,0.03,0.006,,,,,
P-0773,200,5.0,0.0,0.024,0.006,,,,,
P-0774,200,5.0,0.0,0.019,0.005,,,,,
P-0775,200,6.781,0.0,0.023,0.005,,,,,
P-0776,200,6.748,0.0,0.024,0.005,,,,,
P-0777,200,6.269,0.07,0.171,0.044,,,,,
P-0778,200,5.0,0.0,0.037,0.009,,,,,
P-0779,200,10.435,0.0,0.034,0.005,,,,,
P-0780,200,5.0,0.36,0.267,0.094,,,,,
P-0781,200,11.809,0.0,0.036,0.005,,,,,
P-0782,200,5.0,2.56,0.492,0.242,,,,,
P-0783,200,5.0,1.35,0.406,0.177,,,,,
P-0784,200,5.631,1.42,0.43,0.176,,,,,
P-0785,200,5.0,1.67,0.433,0.196,,,,,
P-0786,200,5.0,1.88,0.449,0.208,,,,,
P-0787,200,5.0,2.17,0.468,0.223,,,,,
P-0788,200,5.0,0.32,0.258,0.09,,,,,
P-0789,200,5.0,0.0,0.018,0.005,,,,,
P-0790,200,5.0,0.11,0.18,0.055,,,,,
P-0791,200,5.0,0.0,0.027,0.006,,,,,
P-0792,200,5.0,0.35,0.267,0.094,,,,,
P-0793,200,5.0,1.28,0.399,0.172,,,,,
P-0794,200,5.0,0.04,0.125,0.034,,,,,
P-0795,200,5.0,0.89,0.356,0.145,,,,,
P-0796,200,5.0,1.03,0.373,0.155,,,,,
P-0797,200,5.0,0.15,0.2,0.063,,,,,
P-0798,200,5.0,0.36,0.268,0.095,,,,,
P-0799,200,5.0,0.11,0.182,0.055,,,,,
P-0800,200,21.929,0.0,0.053,0.006,,,,,
P-0801,200,5.553,0.0,0.022,0.005,,,,,
P-0802,200,5.0,0.0,0.02,0.005,,,,,
P-0803,200,5.0,0.5,0.297,0.11,,,,,
P-0804,200,5.0,0.07,0.157,0.046,,,,,
P-0805,200,5.0,0.5,0.297,0.11,,,,,
P-0806,200,9.3,0.07,0.195,0.04,,,,,
P-0807,200,5.0,0.68,0.327,0.127,,,,,
P-0808,200,5.0,0.11,0.18,0.055,,,,,
P-0809,200,5.0,0.0,0.016,0.004,,,,,
P-0810,200,50.929,0.11,0.396,0.032,,,,,
P-0811,200,5.0,0.96,0.365,0.15,,,,,
P-0812,200,5.0,0.0,0.028,0.007,,,,,
P-0813,200,5.0,0.11,0.181,0.055,,,,,
P-0814,200,5.0,1.06,0.377,0.158,,,,,
P-0815,200,8.513,0.0,0.028,0.005,,,,,
P-0816,200,5.0,0.32,0.258,0.09,,,,,
P-0817,200,5.0,0.0,0.028,0.007,,,,,
P-0818,200,5.0,0.0,0.026,0.006,,,,,
P-0819,200,21.195,0.0,0.036,0.004,,,,,
P-0820,200,29.425,0.0,0.026,0.003,,,,,
P-0821,200,5.0,2.24,0.473,0.227,,,,,
P-0822,200,5.0,1.31,0.402,0.175,,,,,
P-0823,200,18.816,0.89,0.566,0.106,,,,,
P-0824,200,5.0,4.74,0.588,0.332,,,,,
P-0825,200,5.0,4.26,0.57,0.314,,,,,
P-0826,200,5.0,4.29,0.571,0.315,,,,,
P-0827,200,5.0,1.35,0.406,0.177,,,,,
P-0828,200,5.0,1.53,0.421,0.188,,,,,
P-0829,200,5.0,1.6,0.427,0.192,,,,,
P-0830,200,37.101,0.21,0.449,0.047,,,,,
P-0831,200,21.833,0.39,0.458,0.07,,,,,
P-0832,200,7.84,0.14,0.231,0.056,,,,,
P-0833,200,41.162,0.0,0.044,0.004,,,,,
P-0834,200,25.126,0.0,0.043,0.004,,,,,
P-0835,200,51.469,0.0,0.052,0.004,,,,,
P-0836,200,5.0,0.39,0.275,0.099,,,,,
P-0837,200,5.0,0.39,0.275,0.099,,,,,
P-0838,200,11.767,0.0,0.033,0.005,,,,,
P-0839,200,29.516,0.0,0.034,0.003,,,,,
P-0840,200,5.0,0.18,0.213,0.069,,,,,
P-0841,200,5.0,0.67,0.327,0.127,,,,,
P-0842,200,5.0,0.81,0.347,0.139,,,,,
P-0843,200,51.818,0.0,0.041,0.003,,,,,
P-0844,200,5.0,0.5,0.298,0.11,,,,,
P-0845,200,22.062,0.0,0.031,0.004,,,,,
P-0846,200,5.0,2.41,0.483,0.235,,,,,
P-0847,200,5.0,2.41,0.483,0.235,,,,,
P-0848,200,5.0,2.41,0.483,0.235,,,,,
P-0849,200,5.0,2.41,0.483,0.235,,,,,
P-0850,200,5.0,3.92,0.557,0.301,,,,,
P-0851,200,5.0,8.53,0.69,0.456,,,,,
P-0852,200,5.0,9.0,0.7,0.47,,,,,
P-0853,200,5.0,0.0,0.023,0.006,,,,,
P-0854,200,12.624,8.76,0.977,0.358,,,,,
P-0855,200,5.0,0.0,0.016,0.004,,,,,
P-0856,200,5.0,0.04,0.125,0.034,,,,,
P-0857,200,5.0,0.64,0.322,0.124,,,,,
P-0858,600,1.25,88.63,0.727,0.446,,,,,
P-0859,200,5.0,9.17,0.703,0.475,,,,,
P-0860,200,5.0,0.0,0.022,0.006,,,,,
P-0861,600,1.749,95.65,0.84,0.423,,,,,
P-0862,600,1.705,89.73,0.819,0.411,,,,,
P-0863,200,5.0,3.45,0.537,0.282,,,,,
P-0864,200,5.0,9.2,0.704,0.476,,,,,
P-0865,200,5.0,0.99,0.369,0.153,,,,,
P-0866,200,5.0,0.0,0.018,0.005,,,,,
P-0867,200,5.0,1.06,0.377,0.158,,,,,
P-0868,200,5.0,0.04,0.125,0.034,,,,,
P-0869,200,5.0,0.11,0.181,0.055,,,,,
P-0870,600,1.626,89.05,0.803,0.415,,,,,
P-0871,600,1.689,89.03,0.814,0.411,,,,,
P-0872,200,7.382,0.04,0.142,0.031,,,,,
P-0873,600,1.726,89.03,0.821,0.408,,,,,
P-0874,200,5.0,0.25,0.238,0.08,,,,,
P-0875,200,5.08,0.0,0.022,0.005,,,,,
P-0876,200,5.0,0.67,0.327,0.127,,,,,
P-0877,200,5.0,0.85,0.352,0.142,,,,,
P-0878,200,5.0,0.89,0.357,0.145,,,,,
P-0879,200,13.483,0.43,0.399,0.081,,,,,
P-0880,200,75.579,0.0,0.062,0.004,,,,,
P-0881,200,86.339,0.0,0.088,0.005,,,,,
P-0882,200,126.355,0.0,0.118,0.005,,,,,
P-0883,200,152.854,0.04,0.394,0.016,,,,,
P-0884,200,77.637,0.04,0.317,0.019,,,,,
P-0885,200,16.343,0.04,0.19,0.027,,,,,
P-0886,200,5.0,0.18,0.214,0.069,,,,,
P-0887,500,3.533,89.03,1.08,0.437,,,,,
P-0888,200,5.0,0.0,0.019,0.005,,,,,
P-0889,200,5.0,2.53,0.49,0.241,,,,,
P-0890,200,11.966,0.18,0.288,0.056,,,,,
P-0891,600,1.259,88.89,0.729,0.446,,,,,
P-0892,200,18.336,0.71,0.523,0.096,,,,,
P-0893,200,13.613,0.14,0.28,0.049,,,,,
P-0894,600,1.25,88.83,0.727,0.447,,,,,
P-0895,200,5.0,1.89,0.449,0.208,,,,,
P-0896,500,5.546,88.83,1.276,0.385,,,,,
P-0897,200,5.0,0.07,0.157,0.046,,,,,
P-0898,600,1.25,88.69,0.727,0.446,,,,,
P-0899,200,5.0,0.46,0.291,0.107,,,,,
P-0900,200,5.0,0.32,0.259,0.09,,,,,
P-0901,200,15.695,0.61,0.471,0.092,,,,,
P-0902,200,5.0,0.29,0.249,0.085,,,,,
P-0903,200,5.0,0.14,0.198,0.062,,,,,
P-0904,200,5.0,1.5,0.418,0.186,,,,,
P-0905,200,15.522,0.18,0.315,0.053,,,,,
P-0906,200,5.0,0.29,0.249,0.085,,,,,
P-0907,200,13.852,0.07,0.224,0.036,,,,,
P-0908,200,5.0,0.57,0.311,0.118,,,,,
P-0909,200,5.0,0.0,0.021,0.005,,,,,
P-0910,200,22.451,0.25,0.4,0.057,,,,,
P-0911,200,5.0,0.07,0.158,0.046,,,,,
P-0912,200,10.303,0.36,0.343,0.08,,,,,
P-0913,200,5.0,1.1,0.381,0.161,,,,,
P-0914,200,5.0,1.21,0.392,0.168,,,,,
P-0915,200,5.0,0.04,0.125,0.034,,,,,
P-0916,200,5.0,0.0,0.027,0.006,,,,,
P-0917,200,9.127,0.28,0.306,0.074,,,,,
P-0918,200,5.0,0.82,0.348,0.139,,,,,
P-0919,600,1.25,87.98,0.725,0.444,,,,,
P-0920,600,1.594,87.98,0.794,0.415,,,,,
P-0921,600,1.25,88.24,0.726,0.445,,,,,
P-0922,600,1.25,88.24,0.726,0.445,,,,,
P-0923,400,10.918,88.24,1.654,0.441,,,,,
P-0924,200,5.0,0.0,0.016,0.004,,,,,
P-0925,200,5.0,0.71,0.333,0.13,,,,,
P-0926,200,5.105,0.43,0.285,0.102,,,,,
P-0927,200,6.468,0.21,0.248,0.07,,,,,
P-0928,200,16.189,0.39,0.413,0.075,,,,,
P-0929,200,11.401,0.0,0.052,0.008,,,,,
P-0930,200,13.745,0.0,0.064,0.009,,,,,
P-0931,200,16.556,0.0,0.037,0.005,,,,,
P-0932,200,22.765,0.11,0.303,0.039,,,,,
P-0933,200,5.0,1.1,0.381,0.16,,,,,
P-0934,200,12.464,1.1,0.524,0.129,,,,,
P-0935,200,54.235,0.0,0.05,0.004,,,,,
P-0936,200,5.0,1.28,0.399,0.172,,,,,
P-0937,500,1.55,60.0,0.717,0.442,,,,,
P-0938,500,1.55,60.0,0.717,0.442,,,,,
P-0939,500,1.55,60.0,0.717,0.442,,,,,
P-0940,200,5.0,0.18,0.214,0.069,,,,,
P-0941,200,5.0,4.06,0.562,0.306,,,,,
P-0942,200,5.0,0.0,0.024,0.006,,,,,
P-0943,200,5.0,0.18,0.214,0.069,,,,,
P-0944,200,17.951,0.32,0.401,0.067,,,,,
P-0945,200,5.0,3.45,0.537,0.282,,,,,
P-0946,200,18.468,0.04,0.193,0.025,,,,,
P-0947,200,5.0,3.06,0.518,0.265,,,,,
P-0948,200,5.0,4.57,0.582,0.325,,,,,
P-0949,200,7.34,0.04,0.143,0.031,,,,,
P-0950,200,5.0,0.14,0.199,0.062,,,,,
P-0951,200,5.0,4.26,0.57,0.314,,,,,
P-0952,200,5.0,0.0,0.022,0.006,,,,,
P-0953,200,5.0,3.06,0.518,0.265,,,,,
P-0954,200,5.0,0.0,0.016,0.004,,,,,
P-0955,200,5.0,2.71,0.5,0.249,,,,,
P-0956,200,5.0,3.03,0.517,0.263,,,,,
P-0957,200,5.0,1.53,0.422,0.188,,,,,
P-0958,200,5.035,4.32,0.574,0.315,,,,,
P-0959,200,5.0,1.56,0.424,0.19,,,,,
P-0960,200,5.0,0.28,0.249,0.085,,,,,
P-0961,200,5.0,1.53,0.421,0.188,,,,,
P-0962,500,1.55,51.38,0.689,0.405,,,,,
P-0963,500,1.55,51.38,0.689,0.405,,,,,
P-0964,200,5.0,0.89,0.357,0.145,,,,,
P-0965,200,5.0,1.03,0.373,0.156,,,,,
P-0966,200,6.818,0.39,0.307,0.092,,,,,
P-0967,200,33.83,0.14,0.38,0.04,,,,,
P-0968,200,5.0,1.03,0.373,0.156,,,,,
P-0969,200,6.433,0.78,0.374,0.128,,,,,
P-0970,200,12.925,0.0,0.04,0.006,,,,,
P-0971,200,5.0,2.53,0.49,0.241,,,,,
P-0972,200,5.0,2.56,0.492,0.242,,,,,
P-0973,200,5.0,2.42,0.484,0.236,,,,,
P-0974,200,13.189,0.46,0.406,0.085,,,,,
P-0975,200,16.86,0.14,0.301,0.047,,,,,
P-0976,200,17.781,0.14,0.306,0.046,,,,,
P-0977,200,6.877,0.04,0.139,0.031,,,,,
P-0978,200,16.606,0.21,0.342,0.057,,,,,
P-0979,200,5.0,1.46,0.415,0.184,,,,,
P-0980,200,5.0,1.46,0.415,0.184,,,,,
P-0981,200,5.0,1.78,0.441,0.202,,,,,
P-0982,200,20.096,2.06,0.752,0.155,,,,,
P-0983,200,5.0,0.18,0.213,0.069,,,,,
P-0984,200,5.0,0.0,0.019,0.005,,,,,
P-0985,200,5.0,0.0,0.025,0.006,,,,,
P-0986,200,5.0,0.0,0.015,0.004,,,,,
P-0987,200,5.0,1.67,0.433,0.196,,,,,
P-0988,200,5.0,1.24,0.395,0.17,,,,,
P-0989,200,11.549,0.0,0.044,0.007,,,,,
P-0990,200,19.725,0.0,0.023,0.003,,,,,
P-0991,200,5.0,1.24,0.395,0.17,,,,,
P-0992,200,5.0,0.15,0.2,0.063,,,,,
P-0993,200,5.0,0.15,0.2,0.063,,,,,
P-0994,200,12.376,0.0,0.037,0.005,,,,,
P-0995,200,5.0,1.06,0.377,0.158,,,,,
P-0996,200,5.0,2.2,0.47,0.225,,,,,
P-0997,200,5.0,2.45,0.486,0.237,,,,,
P-0998,500,1.55,49.76,0.683,0.398,,,,,
P-0999,500,1.55,49.78,0.683,0.398,,,,,
P-1000,400,2.05,40.31,0.724,0.455,,,,,
P-1001,400,2.05,40.4,0.724,0.456,,,,,
P-1002,200,5.0,10.2,0.722,0.506,,,,,
P-1003,200,5.0,10.29,0.724,0.508,,,,,
P-1004,200,5.0,10.39,0.726,0.511,,,,,
P-1005,200,5.0,0.0,0.023,0.006,,,,,
P-1006,200,8.016,0.0,0.033,0.006,,,,,
P-1007,200,5.0,0.6,0.316,0.121,,,,,
P-1008,200,36.041,0.07,0.307,0.029,,,,,
P-1009,200,25.21,0.0,0.04,0.004,,,,,
P-1010,200,7.038,0.39,0.31,0.091,,,,,
P-1011,200,6.074,0.57,0.332,0.112,,,,,
P-1012,200,5.0,3.27,0.528,0.274,,,,,
P-1013,200,5.0,2.17,0.468,0.223,,,,,
P-1014,200,5.571,0.04,0.13,0.033,,,,,
P-1015,200,5.0,6.93,0.653,0.406,,,,,
P-1016,200,5.0,0.67,0.327,0.127,,,,,
P-1017,200,5.0,0.0,0.013,0.004,,,,,
P-1018,200,5.0,0.96,0.365,0.15,,,,,
P-1019,200,5.0,6.87,0.652,0.404,,,,,
P-1020,200,13.305,0.54,0.427,0.091,,,,,
P-1021,200,20.466,0.57,0.506,0.084,,,,,
P-1022,315,2.7,24.74,0.713,0.502,,,,,
P-1023,315,2.7,24.81,0.714,0.503,,,,,
P-1024,200,12.216,0.0,0.038,0.006,,,,,
P-1025,200,5.208,0.82,0.352,0.138,,,,,
P-1026,200,5.0,0.04,0.125,0.034,,,,,
P-1027,200,5.0,0.0,0.022,0.005,,,,,
P-1028,200,5.0,2.34,0.479,0.232,,,,,
P-1029,200,5.0,2.34,0.479,0.232,,,,,
P-1030,200,5.0,3.16,0.523,0.269,,,,,
P-1031,200,7.028,0.0,0.022,0.005,,,,,
P-1032,200,5.0,0.39,0.275,0.099,,,,,
P-1033,200,5.0,0.0,0.02,0.005,,,,,
P-1034,200,5.0,2.31,0.477,0.23,,,,,
P-1035,200,5.0,0.74,0.338,0.133,,,,,
P-1036,200,5.0,0.43,0.283,0.103,,,,,
P-1037,200,5.0,0.53,0.304,0.114,,,,,
P-1038,200,21.91,0.53,0.507,0.081,,,,,
P-1039,200,18.564,0.53,0.479,0.084,,,,,
P-1040,200,5.0,1.53,0.421,0.188,,,,,
P-1041,200,5.0,0.0,0.026,0.006,,,,,
P-1042,200,5.0,0.75,0.338,0.133,,,,,
P-1043,200,18.396,0.0,0.037,0.004,,,,,
P-1044,200,5.0,4.01,0.56,0.304,,,,,
P-1045,200,5.0,4.01,0.56,0.304,,,,,
P-1046,200,22.644,0.0,0.029,0.003,,,,,
P-1047,200,5.0,0.0,0.019,0.005,,,,,
P-1048,200,5.0,3.58,0.542,0.287,,,,,
P-1049,200,22.806,0.0,0.03,0.004,,,,,
P-1050,200,12.301,0.07,0.214,0.037,,,,,
P-1051,200,5.0,0.82,0.348,0.139,,,,,
P-1052,200,5.0,1.03,0.373,0.156,,,,,
P-1053,200,12.275,0.0,0.025,0.004,,,,,
P-1054,200,5.0,0.18,0.213,0.069,,,,,
P-1055,200,5.0,0.78,0.343,0.136,,,,,
P-1056,200,21.334,0.0,0.029,0.004,,,,,
P-1057,200,5.0,0.82,0.347,0.139,,,,,
P-1058,200,5.0,0.0,0.025,0.006,,,,,
P-1059,200,5.0,0.32,0.258,0.09,,,,,
P-1060,200,5.0,0.5,0.297,0.11,,,,,
P-1061,200,5.0,0.96,0.365,0.15,,,,,
P-1062,200,22.411,0.14,0.331,0.044,,,,,
P-1063,200,5.0,0.36,0.267,0.095,,,,,
P-1064,200,5.0,0.57,0.31,0.117,,,,,
P-1065,200,5.0,0.28,0.249,0.085,,,,,
P-1066,200,5.0,0.53,0.304,0.114,,,,,
P-1067,250,3.75,20.97,0.772,0.598,,,,,
P-1068,200,5.0,0.64,0.322,0.124,,,,,
P-1069,250,3.75,19.42,0.759,0.57,,,,,
P-1070,200,5.0,1.99,0.456,0.214,,,,,
P-1071,200,5.0,2.06,0.461,0.218,,,,,
P-1072,200,5.0,0.96,0.365,0.15,,,,,
P-1073,200,11.026,0.0,0.034,0.005,,,,,
P-1074,200,5.576,0.5,0.309,0.107,,,,,
P-1075,200,5.0,0.82,0.348,0.139,,,,,
P-1076,200,6.421,0.0,0.02,0.005,,,,,
P-1077,200,5.0,1.38,0.409,0.179,,,,,
P-1078,200,5.0,0.0,0.019,0.005,,,,,
P-1079,200,5.0,0.0,0.029,0.007,,,,,
P-1080,200,25.78,0.0,0.042,0.004,,,,,
P-1081,200,5.0,1.03,0.373,0.155,,,,,
P-1082,200,30.984,0.0,0.039,0.004,,,,,
P-1083,200,5.0,0.29,0.249,0.085,,,,,
P-1084,200,5.0,0.43,0.283,0.103,,,,,
P-1085,200,5.0,0.18,0.213,0.069,,,,,
P-1086,200,5.0,0.0,0.011,0.003,,,,,
P-1087,200,33.142,0.0,0.041,0.004,,,,,
P-1088,200,5.0,0.46,0.29,0.106,,,,,
P-1089,200,5.0,0.0,0.011,0.003,,,,,
P-1090,200,5.0,0.29,0.249,0.085,,,,,
P-1091,200,5.0,0.68,0.327,0.127,,,,,
P-1092,200,5.0,0.07,0.158,0.046,,,,,
P-1093,200,5.0,2.52,0.49,0.241,,,,,
P-1094,200,5.0,2.73,0.501,0.25,,,,,
P-1095,200,5.0,2.98,0.514,0.262,,,,,
P-1096,200,5.0,13.34,0.77,0.597,,,,,
P-1097,250,3.75,15.76,0.722,0.501,,,,,
P-1098,200,8.601,0.6,0.382,0.106,,,,,
P-1099,200,8.76,0.71,0.404,0.114,,,,,
P-1100,200,5.0,0.0,0.014,0.004,,,,,
P-1101,200,50.077,0.0,0.053,0.004,,,,,
P-1102,200,5.0,2.24,0.472,0.227,,,,,
P-1103,200,5.0,2.52,0.49,0.24,,,,,
P-1104,200,5.0,2.06,0.461,0.218,,,,,
P-1105,200,8.858,0.0,0.014,0.003,,,,,
P-1106,200,20.963,0.46,0.477,0.076,,,,,
P-1107,200,5.0,0.32,0.258,0.09,,,,,
P-1108,200,5.0,0.36,0.267,0.094,,,,,
P-1109,200,5.0,0.0,0.019,0.005,,,,,
P-1110,200,5.0,13.05,0.766,0.589,,,,,
P-1111,200,5.452,0.39,0.284,0.097,,,,,
P-1112,200,5.0,2.66,0.498,0.247,,,,,
P-1113,200,5.0,2.95,0.513,0.26,,,,,
P-1114,200,5.0,3.16,0.523,0.269,,,,,
P-1115,200,5.0,12.97,0.765,0.586,,,,,
P-1116,200,5.0,2.59,0.494,0.244,,,,,
P-1117,200,5.0,2.42,0.483,0.235,,,,,
P-1118,200,24.008,2.52,0.851,0.163,,,,,
P-1119,200,5.0,0.0,0.023,0.006,,,,,
P-1120,200,11.725,0.0,0.022,0.004,,,,,
P-1121,200,13.369,0.99,0.52,0.121,,,,,
P-1122,200,7.418,1.45,0.477,0.167,,,,,
P-1123,200,22.492,0.0,0.039,0.004,,,,,
P-1124,200,26.218,0.39,0.487,0.067,,,,,
P-1125,200,31.766,0.14,0.373,0.041,,,,,
P-1126,200,12.492,0.0,0.036,0.005,,,,,
P-1127,200,10.383,0.0,0.035,0.006,,,,,
P-1128,200,37.461,0.07,0.312,0.029,,,,,
P-1129,200,5.0,0.18,0.214,0.069,,,,,
P-1130,200,10.984,0.36,0.351,0.078,,,,,
P-1131,200,18.916,0.36,0.422,0.069,,,,,
P-1132,200,5.0,0.39,0.275,0.099,,,,,
P-1133,200,5.0,0.46,0.291,0.107,,,,,
P-1134,200,5.0,1.81,0.444,0.204,,,,,
P-1135,200,5.0,0.28,0.249,0.085,,,,,
P-1136,200,10.186,0.29,0.318,0.072,,,,,
P-1137,200,5.0,0.36,0.267,0.094,,,,,
P-1138,200,16.135,0.0,0.028,0.004,,,,,
P-1139,200,5.0,1.99,0.456,0.214,,,,,
P-1140,200,5.0,1.99,0.456,0.214,,,,,
P-1141,200,5.0,2.13,0.466,0.221,,,,,
P-1142,200,5.0,2.42,0.483,0.236,,,,,
P-1143,200,6.538,0.5,0.326,0.104,,,,,
P-1144,200,5.273,0.0,0.02,0.005,,,,,
P-1145,200,21.044,0.0,0.042,0.005,,,,,
P-1146,200,9.436,0.0,0.044,0.007,,,,,
P-1147,200,9.025,0.0,0.035,0.006,,,,,
P-1148,200,32.894,0.11,0.343,0.036,,,,,
P-1149,200,12.811,0.0,0.033,0.005,,,,,
P-1150,200,9.009,0.0,0.019,0.004,,,,,
P-1151,200,42.214,0.0,0.042,0.003,,,,,
P-1152,200,11.641,0.0,0.013,0.003,,,,,
P-1153,200,24.096,0.0,0.016,0.002,,,,,
P-1154,200,40.634,0.0,0.031,0.003,,,,,
P-1155,200,22.632,0.0,0.044,0.005,,,,,
P-1156,200,12.927,0.71,0.462,0.104,,,,,
P-1157,200,5.456,0.0,0.01,0.003,,,,,
P-1158,200,5.0,0.0,0.023,0.006,,,,,
P-1159,200,19.568,0.0,0.046,0.005,,,,,
P-1160,200,5.0,0.04,0.126,0.034,,,,,
P-1161,200,5.55,0.0,0.029,0.007,,,,,
P-1162,200,7.67,0.0,0.044,0.008,,,,,
P-1163,200,11.76,0.0,0.058,0.008,,,,,
P-1164,200,9.995,0.0,0.062,0.01,,,,,
P-1165,200,5.0,0.0,0.012,0.004,,,,,
P-1166,200,27.568,0.0,0.009,0.002,,,,,
P-1167,200,54.706,0.07,0.353,0.027,,,,,
P-1168,200,5.0,0.11,0.181,0.055,,,,,
P-1169,200,5.0,0.0,0.021,0.005,,,,,
P-1170,200,40.1,0.0,0.053,0.004,,,,,
P-1171,200,18.849,0.0,0.04,0.005,,,,,
P-1172,200,16.566,0.0,0.053,0.006,,,,,
P-1173,200,16.378,0.11,0.271,0.042,,,,,
P-1174,200,13.21,0.14,0.277,0.05,,,,,
P-1175,200,6.003,0.0,0.018,0.004,,,,,
P-1176,200,47.331,0.0,0.043,0.003,,,,,
P-1177,200,15.837,0.0,0.025,0.004,,,,,
P-1178,200,27.16,0.0,0.032,0.003,,,,,
P-1179,200,5.0,0.0,0.01,0.003,,,,,
P-1180,200,35.615,0.0,0.018,0.002,,,,,
P-1181,200,66.104,0.0,0.043,0.003,,,,,
P-1182,200,65.029,0.0,0.021,0.002,,,,,
P-1183,200,7.775,0.0,0.031,0.006,,,,,
P-1184,200,7.308,0.0,0.041,0.008,,,,,
P-1185,200,9.231,0.0,0.027,0.005,,,,,
P-1186,200,5.0,0.0,0.03,0.007,,,,,
P-1187,200,26.6,0.0,0.028,0.003,,,,,
P-1188,200,59.58,0.0,0.02,0.002,,,,,
P-1189,200,31.227,0.0,0.031,0.003,,,,,
P-1190,200,45.84,0.0,0.031,0.003,,,,,
P-1191,200,31.978,0.0,0.017,0.002,,,,,
P-1192,200,49.674,0.0,0.018,0.002,,,,,
P-1193,200,39.212,0.0,0.018,0.002,,,,,
P-1194,200,16.112,0.0,0.014,0.002,,,,,
P-1195,200,78.166,0.0,0.055,0.003,,,,,
P-1196,200,8.0,0.0,0.008,0.002,,,,,
P-1197,200,54.425,0.0,0.04,0.003,,,,,
P-1198,200,20.876,0.0,0.015,0.002,,,,,
P-1199,200,50.893,0.0,0.052,0.004,,,,,
P-1200,200,5.0,0.18,0.213,0.069,,,,,
P-1201,200,7.978,0.0,0.022,0.004,,,,,
P-1202,200,7.078,0.0,0.011,0.003,,,,,
P-1203,200,13.463,0.0,0.013,0.003,,,,,
P-1204,200,13.559,0.0,0.013,0.003,,,,,
P-1205,200,9.046,0.0,0.026,0.005,,,,,
P-1206,200,6.243,0.0,0.027,0.006,,,,,
P-1207,200,14.621,0.0,0.049,0.006,,,,,
P-1208,200,9.914,0.0,0.034,0.006,,,,,
P-1209,200,5.0,0.0,0.018,0.005,,,,,
P-1210,200,5.0,0.0,0.01,0.003,,,,,
P-1211,200,28.315,0.0,0.017,0.002,,,,,
P-1212,200,35.868,0.0,0.018,0.002,,,,,
P-1213,200,17.702,0.0,0.034,0.004,,,,,
P-1214,200,6.712,0.0,0.026,0.005,,,,,
P-1215,200,5.0,0.21,0.226,0.075,,,,,
P-1216,200,5.0,0.43,0.283,0.103,,,,,
P-1217,200,5.0,0.0,0.023,0.006,,,,,
P-1218,200,8.593,0.0,0.028,0.005,,,,,
P-1219,200,11.292,0.07,0.208,0.038,,,,,
P-1220,200,34.506,0.0,0.039,0.004,,,,,
P-1221,200,58.121,0.0,0.037,0.003,,,,,
P-1222,200,15.081,0.0,0.036,0.005,,,,,
P-1223,200,11.225,0.0,0.013,0.003,,,,,
P-1224,200,21.108,0.0,0.03,0.004,,,,,
P-1225,200,17.95,0.0,0.012,0.002,,,,,
P-1226,200,16.088,0.0,0.03,0.004,,,,,
P-1227,200,13.871,0.0,0.027,0.004,,,,,
P-1228,200,11.248,0.0,0.026,0.004,,,,,
P-1229,200,38.768,0.0,0.035,0.003,,,,,
P-1230,200,16.417,0.0,0.029,0.004,,,,,
P-1231,200,5.0,0.0,0.016,0.004,,,,,
P-1232,200,19.137,0.0,0.022,0.003,,,,,
P-1233,200,16.416,0.04,0.186,0.026,,,,,
P-1234,200,18.957,0.0,0.042,0.005,,,,,
P-1235,200,17.619,0.0,0.024,0.003,,,,,
P-1236,200,12.56,0.0,0.016,0.003,,,,,
P-1237,200,29.049,0.0,0.028,0.003,,,,,
P-1238,200,5.0,0.0,0.024,0.006,,,,,
P-1239,200,8.459,0.0,0.037,0.007,,,,,
P-1240,200,6.824,0.0,0.021,0.005,,,,,
P-1241,200,12.089,0.0,0.025,0.004,,,,,
P-1242,200,8.0,0.0,0.008,0.002,,,,,
P-1243,200,10.436,0.0,0.023,0.004,,,,,
P-1244,200,23.622,0.0,0.047,0.005,,,,,
P-1245,200,11.641,0.04,0.167,0.028,,,,,
P-1246,200,8.479,0.0,0.023,0.004,,,,,
P-1247,200,28.301,0.11,0.325,0.037,,,,,
P-1248,200,5.0,0.35,0.267,0.094,,,,,
P-1249,200,8.766,0.0,0.019,0.004,,,,,
P-1250,200,15.045,0.0,0.032,0.004,,,,,
P-1251,200,9.236,0.0,0.034,0.006,,,,,
P-1252,200,13.055,0.0,0.013,0.003,,,,,
P-1253,200,5.0,0.0,0.03,0.007,,,,,
P-1254,200,6.787,0.0,0.018,0.004,,,,,
P-1255,200,11.39,0.0,0.03,0.005,,,,,
P-1256,200,5.0,0.07,0.158,0.046,,,,,
P-1257,200,7.364,0.0,0.024,0.005,,,,,
P-1258,200,15.464,0.0,0.033,0.004,,,,,
P-1259,200,12.37,0.0,0.032,0.005,,,,,
P-1260,200,18.716,0.14,0.311,0.046,,,,,
P-1261,200,27.979,0.0,0.035,0.004,,,,,
P-1262,200,12.948,0.0,0.026,0.004,,,,,
P-1263,200,8.0,0.0,0.008,0.002,,,,,
P-1264,200,5.0,0.0,0.027,0.006,,,,,
P-1265,200,57.26,0.32,0.595,0.051,,,,,
P-1266,200,37.179,0.0,0.039,0.003,,,,,
P-1267,200,5.435,0.0,0.028,0.006,,,,,
P-1268,200,17.666,0.0,0.021,0.003,,,,,
P-1269,200,17.39,0.14,0.303,0.047,,,,,
P-1270,200,18.657,0.0,0.039,0.005,,,,,
P-1271,200,16.684,0.0,0.035,0.004,,,,,
P-1272,200,11.092,0.0,0.011,0.002,,,,,
P-1273,200,47.406,0.11,0.386,0.033,,,,,
P-1274,200,5.0,0.0,0.028,0.007,,,,,
P-1275,200,5.0,0.21,0.227,0.075,,,,,
P-1276,200,39.211,0.36,0.542,0.058,,,,,
P-1277,200,14.845,0.43,0.412,0.08,,,,,
P-1278,200,27.638,0.6,0.571,0.081,,,,,
P-1279,200,8.915,0.71,0.407,0.114,,,,,
P-1280,200,50.02,0.75,0.749,0.078,,,,,
P-1281,200,5.0,0.78,0.343,0.136,,,,,
P-1282,200,23.535,0.0,0.042,0.004,,,,,
P-1283,200,21.158,0.0,0.038,0.004,,,,,
P-1284,200,5.0,0.14,0.198,0.062,,,,,
P-1285,200,39.854,0.0,0.047,0.004,,,,,
P-1286,200,13.961,0.0,0.017,0.003,,,,,
P-1287,200,14.727,0.0,0.039,0.005,,,,,
P-1288,200,45.093,0.0,0.038,0.003,,,,,
P-1289,200,14.344,0.0,0.024,0.004,,,,,
P-1290,200,34.417,0.0,0.046,0.004,,,,,
P-1291,200,12.536,0.0,0.026,0.004,,,,,
P-1292,200,19.511,0.0,0.015,0.002,,,,,
P-1293,200,42.675,0.0,0.031,0.003,,,,,
P-1294,200,53.666,0.0,0.02,0.002,,,,,
P-1295,200,81.454,0.0,0.037,0.002,,,,,
P-1296,200,54.032,0.0,0.049,0.003,,,,,
P-1297,200,16.656,0.0,0.035,0.005,,,,,
P-1298,200,35.863,0.04,0.242,0.022,,,,,
P-1299,200,5.0,0.25,0.238,0.08,,,,,
P-1300,200,5.0,0.28,0.249,0.085,,,,,
P-1301,200,5.0,0.28,0.249,0.085,,,,,
P-1302,200,16.159,0.0,0.021,0.003,,,,,
P-1303,200,54.698,0.0,0.034,0.003,,,,,
P-1304,200,9.402,0.0,0.022,0.004,,,,,
P-1305,200,5.0,0.0,0.023,0.006,,,,,
P-1306,200,5.0,0.0,0.013,0.004,,,,,
P-1307,200,5.0,0.0,0.021,0.005,,,,,
P-1308,200,6.544,0.0,0.012,0.003,,,,,
P-1309,200,17.273,0.0,0.03,0.004,,,,,
P-1310,200,11.458,0.14,0.263,0.051,,,,,
P-1311,200,43.801,0.0,0.043,0.003,,,,,
P-1312,200,42.834,0.0,0.019,0.002,,,,,
P-1313,200,36.211,0.0,0.046,0.004,,,,,
P-1314,200,24.847,0.0,0.031,0.003,,,,,
P-1315,200,5.0,0.21,0.226,0.075,,,,,
P-1316,200,40.741,0.0,0.047,0.004,,,,,
P-1317,200,49.925,0.0,0.037,0.003,,,,,
P-1318,200,21.442,0.0,0.028,0.003,,,,,
P-1319,200,32.364,0.0,0.038,0.004,,,,,
P-1320,200,28.36,0.0,0.021,0.003,,,,,
P-1321,200,5.0,0.0,0.018,0.005,,,,,
P-1322,200,29.554,0.0,0.027,0.003,,,,,
P-1323,200,58.66,0.0,0.042,0.003,,,,,
P-1324,200,15.609,0.0,0.022,0.003,,,,,
P-1325,200,33.533,0.0,0.033,0.003,,,,,
P-1326,200,18.159,0.0,0.027,0.004,,,,,
P-1327,200,10.471,0.07,0.202,0.038,,,,,
P-1328,200,9.028,0.0,0.01,0.003,,,,,
P-1329,200,19.978,0.0,0.034,0.004,,,,,
P-1330,200,25.054,0.0,0.037,0.004,,,,,
P-1331,200,5.0,0.0,0.019,0.005,,,,,
P-1332,200,17.359,0.0,0.015,0.003,,,,,
P-1333,200,25.996,0.0,0.016,0.002,,,,,
P-1334,200,24.368,0.0,0.016,0.002,,,,,
P-1335,200,32.833,0.0,0.036,0.003,,,,,
P-1336,200,33.804,0.0,0.036,0.003,,,,,
P-1337,200,30.734,0.0,0.043,0.004,,,,,
P-1338,200,24.011,0.0,0.031,0.004,,,,,
P-1339,200,19.696,0.0,0.027,0.003,,,,,
P-1340,200,15.643,0.0,0.015,0.003,,,,,
P-1341,200,5.0,0.0,0.024,0.006,,,,,
P-1342,200,6.081,0.0,0.02,0.005,,,,,
P-1343,200,12.326,0.0,0.031,0.005,,,,,
P-1344,200,21.669,0.0,0.025,0.003,,,,,
P-1345,200,24.905,0.0,0.016,0.002,,,,,
P-1346,200,43.002,0.0,0.017,0.002,,,,,
P-1347,200,44.529,0.04,0.259,0.021,,,,,
P-1348,200,5.0,0.0,0.019,0.005,,,,,
P-1349,200,39.335,0.0,0.041,0.003,,,,,
P-1350,200,26.836,0.0,0.043,0.004,,,,,
P-1351,200,23.325,0.0,0.03,0.003,,,,,
P-1352,200,12.787,0.0,0.016,0.003,,,,,
P-1353,200,20.292,0.0,0.023,0.003,,,,,
P-1354,200,39.701,0.0,0.018,0.002,,,,,
P-1355,200,39.013,0.0,0.018,0.002,,,,,
P-1356,200,36.82,0.0,0.04,0.004,,,,,
P-1357,200,21.181,0.0,0.037,0.004,,,,,
P-1358,200,36.247,0.0,0.04,0.004,,,,,
P-1359,200,18.525,0.0,0.024,0.003,,,,,
P-1360,200,7.808,0.0,0.033,0.006,,,,,
P-1361,200,17.769,0.0,0.015,0.002,,,,,
P-1362,200,5.0,0.0,0.011,0.003,,,,,
P-1363,200,10.621,0.0,0.036,0.006,,,,,
P-1364,200,51.577,0.0,0.058,0.004,,,,,
P-1365,200,7.074,0.0,0.033,0.006,,,,,
P-1366,200,62.338,0.0,0.049,0.003,,,,,
P-1367,200,5.0,0.04,0.125,0.034,,,,,
P-1368,200,11.79,0.0,0.03,0.005,,,,,
P-1369,200,31.731,0.18,0.401,0.045,,,,,
P-1370,200,26.366,0.0,0.027,0.003,,,,,
P-1371,200,50.922,0.0,0.039,0.003,,,,,
P-1372,200,36.752,0.0,0.028,0.003,,,,,
P-1373,200,39.707,0.0,0.032,0.003,,,,,
P-1374,200,41.309,0.0,0.019,0.002,,,,,
P-1375,200,45.811,0.0,0.06,0.004,,,,,
P-1376,200,35.699,0.0,0.018,0.002,,,,,
P-1377,200,10.321,0.0,0.021,0.004,,,,,
P-1378,200,30.217,0.07,0.29,0.03,,,,,
P-1379,200,28.549,0.0,0.026,0.003,,,,,
P-1380,200,29.253,0.0,0.017,0.002,,,,,
P-1381,200,57.115,0.0,0.02,0.002,,,,,
P-1382,200,8.0,0.0,0.008,0.002,,,,,
P-1383,200,23.721,0.0,0.031,0.004,,,,,
P-1384,200,32.907,0.0,0.025,0.003,,,,,
P-1385,200,60.022,0.0,0.041,0.003,,,,,
P-1386,200,14.592,0.0,0.027,0.004,,,,,
P-1387,200,11.013,0.0,0.024,0.004,,,,,
P-1388,200,5.0,0.0,0.012,0.004,,,,,
P-1389,200,15.575,0.0,0.028,0.004,,,,,
P-1390,200,11.996,0.0,0.033,0.005,,,,,
P-1391,200,8.821,0.0,0.012,0.003,,,,,
P-1392,200,17.439,0.0,0.027,0.004,,,,,
P-1393,200,8.702,0.0,0.012,0.003,,,,,
P-1394,200,5.0,0.0,0.015,0.004,,,,,
P-1395,200,13.475,0.0,0.025,0.004,,,,,
P-1396,200,59.324,0.0,0.02,0.002,,,,,
P-1397,200,86.648,0.0,0.022,0.002,,,,,
P-1398,200,68.512,0.0,0.021,0.002,,,,,
P-1399,200,35.391,0.0,0.018,0.002,,,,,
P-1400,200,12.996,0.0,0.013,0.003,,,,,
P-1401,200,19.919,0.0,0.015,0.002,,,,,
P-1402,200,13.634,0.0,0.014,0.003,,,,,
P-1403,200,5.0,0.0,0.028,0.007,,,,,
P-1404,200,11.904,0.0,0.013,0.003,,,,,
P-1405,200,5.395,0.0,0.028,0.006,,,,,
P-1406,200,15.495,0.0,0.033,0.004,,,,,
P-1407,200,12.34,0.0,0.031,0.005,,,,,
P-1408,200,18.004,0.0,0.015,0.002,,,,,
P-1409,200,25.305,0.0,0.016,0.002,,,,,
P-1410,200,21.354,0.0,0.015,0.002,,,,,
P-1411,200,7.259,0.0,0.011,0.003,,,,,
P-1412,200,22.628,0.0,0.029,0.003,,,,,
P-1413,200,56.366,0.0,0.02,0.002,,,,,
P-1414,200,44.943,0.0,0.05,0.004,,,,,
P-1415,200,5.0,0.14,0.198,0.062,,,,,
P-1416,200,5.0,0.14,0.198,0.062,,,,,
P-1417,200,14.236,0.0,0.021,0.003,,,,,
P-1418,200,31.292,0.0,0.039,0.004,,,,,
P-1419,200,28.83,0.0,0.038,0.004,,,,,
P-1420,200,56.332,0.0,0.02,0.002,,,,,
P-1421,200,35.908,0.0,0.018,0.002,,,,,
P-1422,200,10.338,0.0,0.026,0.004,,,,,
P-1423,200,18.635,0.0,0.034,0.004,,,,,
P-1424,200,5.0,0.07,0.158,0.046,,,,,
P-1425,200,5.0,0.0,0.02,0.005,,,,,
P-1426,200,17.714,0.0,0.015,0.002,,,,,
P-1427,200,5.0,0.0,0.01,0.003,,,,,
P-1428,200,31.61,0.0,0.017,0.002,,,,,
P-1429,200,5.0,0.0,0.01,0.003,,,,,
P-1430,200,19.477,0.0,0.032,0.004,,,,,
P-1431,200,33.33,0.0,0.03,0.003,,,,,
P-1432,200,5.0,0.0,0.01,0.003,,,,,
P-1433,200,7.759,0.0,0.011,0.003,,,,,
P-1434,200,16.792,0.0,0.014,0.002,,,,,
P-1435,200,13.365,0.0,0.013,0.003,,,,,
P-1436,200,5.0,0.0,0.014,0.004,,,,,
P-1437,200,5.0,0.0,0.02,0.005,,,,,
P-1438,200,5.121,0.0,0.01,0.003,,,,,
P-1439,200,21.464,0.0,0.031,0.004,,,,,
P-1440,200,5.0,0.0,0.011,0.003,,,,,
P-1441,200,5.387,0.0,0.025,0.006,,,,,
P-1442,200,20.581,0.0,0.034,0.004,,,,,
P-1443,200,5.0,0.0,0.023,0.006,,,,,
P-1444,200,5.0,0.0,0.02,0.005,,,,,
P-1445,200,14.006,0.0,0.024,0.004,,,,,
P-1446,200,34.524,0.0,0.036,0.003,,,,,
P-1447,200,30.826,0.11,0.335,0.036,,,,,
P-1448,200,16.915,0.0,0.025,0.003,,,,,
P-1449,200,15.711,0.0,0.022,0.003,,,,,
P-1450,200,7.867,0.0,0.011,0.003,,,,,
P-1451,200,5.0,0.0,0.01,0.003,,,,,
P-1452,200,10.522,0.0,0.034,0.006,,,,,
P-1453,200,5.0,0.04,0.125,0.034,,,,,
P-1454,200,6.386,0.07,0.172,0.043,,,,,
P-1455,200,8.604,0.0,0.032,0.006,,,,,
P-1456,200,5.0,0.74,0.337,0.133,,,,,
P-1457,200,7.178,0.0,0.008,0.002,,,,,
P-1458,200,19.825,0.0,0.038,0.004,,,,,
P-1459,200,11.839,0.0,0.026,0.004,,,,,
P-1460,200,5.0,0.0,0.01,0.003,,,,,
P-1461,200,5.0,0.0,0.01,0.003,,,,,
P-1462,200,11.844,0.0,0.026,0.004,,,,,
P-1463,200,7.652,0.0,0.018,0.004,,,,,
P-1464,200,5.0,0.0,0.019,0.005,,,,,
P-1465,200,21.869,0.0,0.028,0.003,,,,,
P-1466,200,36.986,0.0,0.034,0.003,,,,,
P-1467,200,33.357,0.0,0.033,0.003,,,,,
P-1468,200,5.98,0.0,0.012,0.003,,,,,
P-1469,200,13.619,0.0,0.027,0.004,,,,,
P-1470,200,5.166,0.0,0.027,0.006,,,,,
P-1471,200,5.0,0.0,0.021,0.005,,,,,
P-1472,200,5.0,0.0,0.022,0.006,,,,,
P-1473,200,10.48,0.0,0.012,0.003,,,,,
P-1474,200,12.666,0.0,0.021,0.003,,,,,
P-1475,200,5.0,0.0,0.019,0.005,,,,,
P-1476,200,17.487,0.0,0.015,0.002,,,,,
P-1477,200,25.158,0.0,0.016,0.002,,,,,
P-1478,200,17.275,0.0,0.014,0.002,,,,,
P-1479,200,11.113,0.0,0.033,0.005,,,,,
P-1480,200,5.0,0.0,0.03,0.007,,,,,
P-1481,200,9.638,0.0,0.026,0.005,,,,,
P-1482,200,7.357,0.0,0.027,0.005,,,,,
P-1483,200,6.065,0.0,0.027,0.006,,,,,
P-1484,200,28.424,0.0,0.037,0.004,,,,,
P-1485,200,34.015,0.0,0.039,0.004,,,,,
P-1486,200,44.858,0.0,0.019,0.002,,,,,
P-1487,200,10.432,0.0,0.008,0.002,,,,,
P-1488,200,8.224,0.0,0.03,0.006,,,,,
P-1489,200,5.0,0.14,0.198,0.062,,,,,
P-1490,200,5.0,0.32,0.258,0.09,,,,,
P-1491,200,16.01,0.0,0.027,0.004,,,,,
P-1492,200,25.319,0.0,0.036,0.004,,,,,
P-1493,200,5.0,0.11,0.18,0.055,,,,,
P-1494,200,8.574,0.0,0.012,0.003,,,,,
P-1495,200,8.385,0.0,0.012,0.003,,,,,
P-1496,200,8.894,0.0,0.023,0.004,,,,,
P-1497,200,7.293,0.0,0.011,0.003,,,,,
P-1498,200,5.487,0.0,0.02,0.005,,,,,
P-1499,200,5.0,0.74,0.338,0.133,,,,,
P-1500,200,16.341,0.0,0.028,0.004,,,,,
P-1501,200,18.144,0.14,0.308,0.046,,,,,
P-1502,200,5.0,0.0,0.022,0.005,,,,,
P-1503,200,19.927,0.0,0.038,0.004,,,,,
P-1504,200,23.522,0.07,0.266,0.032,,,,,
P-1505,200,5.0,0.0,0.016,0.004,,,,,
P-1506,200,20.986,0.0,0.032,0.004,,,,,
P-1507,200,5.0,0.0,0.02,0.005,,,,,
P-1508,200,10.557,0.11,0.233,0.046,,,,,
P-1509,200,5.0,0.11,0.18,0.055,,,,,
P-1510,200,5.0,0.0,0.011,0.003,,,,,
P-1511,200,9.978,0.0,0.02,0.004,,,,,
P-1512,200,13.658,0.0,0.029,0.004,,,,,
P-1513,200,26.092,0.0,0.042,0.004,,,,,
P-1514,200,5.0,0.14,0.198,0.062,,,,,
P-1515,200,5.0,0.0,0.024,0.006,,,,,
P-1516,200,5.0,0.14,0.198,0.062,,,,,
P-1517,200,5.0,0.0,0.024,0.006,,,,,
P-1518,200,5.0,0.04,0.125,0.034,,,,,
P-1519,200,5.0,0.0,0.01,0.003,,,,,
P-1520,200,12.305,0.0,0.03,0.005,,,,,
P-1521,200,15.479,0.0,0.033,0.004,,,,,
P-1522,200,9.35,0.0,0.039,0.007,,,,,
P-1523,200,5.0,0.0,0.016,0.004,,,,,
P-1524,200,21.936,0.0,0.042,0.005,,,,,
P-1525,200,21.98,0.0,0.024,0.003,,,,,
P-1526,200,8.675,0.0,0.018,0.004,,,,,
P-1527,200,5.583,0.0,0.01,0.003,,,,,
P-1528,200,21.613,0.0,0.04,0.004,,,,,
P-1529,200,6.372,0.0,0.011,0.003,,,,,
P-1530,200,25.763,0.0,0.039,0.004,,,,,
P-1531,200,12.472,0.0,0.031,0.005,,,,,
P-1532,200,5.0,0.18,0.213,0.069,,,,,
P-1533,200,23.449,0.0,0.033,0.004,,,,,
P-1534,200,5.0,0.0,0.024,0.006,,,,,
P-1535,200,5.0,0.32,0.258,0.09,,,,,
P-1536,200,16.408,0.0,0.027,0.004,,,,,
P-1537,200,5.0,0.0,0.019,0.005,,,,,
P-1538,200,14.812,0.0,0.027,0.004,,,,,
P-1539,200,8.647,0.0,0.021,0.004,,,,,
P-1540,200,18.089,0.0,0.031,0.004,,,,,
P-1541,200,36.863,0.07,0.309,0.029,,,,,
P-1542,200,7.914,0.0,0.029,0.006,,,,,
P-1543,200,28.34,0.18,0.386,0.046,,,,,
P-1544,200,5.0,0.64,0.322,0.124,,,,,
P-1545,200,14.376,0.0,0.026,0.004,,,,,
P-1546,200,14.345,0.0,0.025,0.004,,,,,
P-1547,200,5.665,0.11,0.188,0.053,,,,,
P-1548,200,18.883,0.0,0.032,0.004,,,,,
P-1549,200,21.15,0.0,0.037,0.004,,,,,
P-1550,200,18.821,0.0,0.036,0.004,,,,,
P-1551,200,11.165,0.04,0.164,0.028,,,,,
P-1552,200,12.455,0.0,0.038,0.006,,,,,
P-1553,200,23.979,0.0,0.029,0.003,,,,,
P-1554,200,7.739,0.0,0.032,0.006,,,,,
P-1555,200,5.0,0.0,0.023,0.006,,,,,
P-1556,200,8.754,0.0,0.036,0.006,,,,,
P-1557,200,11.291,0.32,0.342,0.074,,,,,
P-1558,200,8.423,0.0,0.013,0.003,,,,,
P-1559,200,10.418,0.0,0.032,0.005,,,,,
P-1560,200,12.977,0.07,0.218,0.037,,,,,
P-1561,200,19.033,0.0,0.046,0.005,,,,,
P-1562,200,6.675,0.0,0.028,0.006,,,,,
P-1563,200,5.0,0.04,0.126,0.034,,,,,
P-1564,200,5.0,0.0,0.017,0.004,,,,,
P-1565,200,15.17,0.0,0.014,0.003,,,,,
P-1566,200,18.441,0.0,0.042,0.005,,,,,
P-1567,200,9.802,0.0,0.02,0.004,,,,,
P-1568,200,5.0,0.0,0.017,0.005,,,,,
P-1569,200,16.86,0.0,0.012,0.002,,,,,
P-1570,200,15.625,0.0,0.014,0.003,,,,,
P-1571,200,16.856,0.0,0.01,0.002,,,,,
P-1572,200,18.355,0.0,0.015,0.002,,,,,
P-1573,200,5.0,0.04,0.126,0.034,,,,,
P-1574,200,13.333,0.21,0.318,0.06,,,,,
P-1575,200,28.395,0.11,0.325,0.037,,,,,
P-1576,200,13.333,0.18,0.299,0.055,,,,,
P-1577,200,5.0,1.21,0.392,0.168,,,,,
P-1578,200,13.333,1.21,0.553,0.133,,,,,
P-1579,200,5.0,0.0,0.029,0.007,,,,,
P-1580,200,8.889,0.04,0.152,0.03,,,,,
P-1581,200,5.0,1.39,0.409,0.179,,,,,
P-1582,200,13.333,1.63,0.607,0.153,,,,,
P-1583,200,5.0,0.5,0.297,0.11,,,,,
P-1584,200,13.333,0.5,0.418,0.088,,,,,
P-1585,200,20.168,0.0,0.078,0.009,,,,,
P-1586,200,16.549,0.0,0.074,0.009,,,,,
P-1587,200,15.623,0.11,0.266,0.042,,,,,
P-1588,200,13.333,0.18,0.299,0.055,,,,,
P-1589,200,15.82,0.53,0.453,0.087,,,,,
P-1590,200,12.312,0.67,0.448,0.103,,,,,
P-1591,200,38.604,0.07,0.315,0.029,,,,,
P-1592,200,45.589,0.11,0.382,0.033,,,,,
P-1593,200,15.386,0.0,0.027,0.004,,,,,
P-1594,200,34.185,0.07,0.301,0.029,,,,,
P-1595,200,5.0,0.14,0.199,0.062,,,,,
P-1596,200,8.889,0.14,0.242,0.055,,,,,
P-1597,200,5.0,10.43,0.726,0.513,,,,,
P-1598,200,13.333,10.43,1.046,0.388,,,,,
P-1599,200,11.169,0.0,0.017,0.003,,,,,
P-1600,200,13.333,0.04,0.173,0.027,,,,,
P-1601,200,5.973,7.34,0.708,0.399,,,,,
P-1602,200,28.247,7.34,1.241,0.265,,,,,
P-1603,200,5.0,3.37,0.533,0.278,,,,,
P-1604,200,13.333,3.61,0.771,0.225,,,,,
P-1605,200,5.0,0.11,0.18,0.055,,,,,
P-1606,200,13.333,0.11,0.252,0.044,,,,,
P-1607,200,5.0,2.27,0.475,0.229,,,,,
P-1608,200,8.889,2.31,0.585,0.2,,,,,
P-1609,200,18.725,0.0,0.04,0.005,,,,,
P-1610,200,8.889,0.07,0.192,0.04,,,,,
P-1611,200,5.0,1.03,0.373,0.155,,,,,
P-1612,200,13.333,1.14,0.542,0.129,,,,,
P-1613,200,5.0,0.0,0.018,0.005,,,,,
P-1614,200,13.333,0.18,0.298,0.055,,,,,
P-1615,200,5.0,4.23,0.569,0.313,,,,,
P-1616,200,8.889,4.23,0.7,0.27,,,,,
P-1617,200,5.0,1.67,0.433,0.196,,,,,
P-1618,200,8.889,1.74,0.537,0.174,,,,,
P-1619,200,5.0,1.42,0.412,0.181,,,,,
P-1620,200,13.333,1.42,0.581,0.143,,,,,
P-1621,200,5.0,0.0,0.013,0.004,,,,,
P-1622,200,13.333,0.0,0.019,0.003,,,,,
P-1623,200,5.0,0.07,0.158,0.046,,,,,
P-1624,200,8.889,0.07,0.192,0.04,,,,,
P-1625,200,13.6,0.0,0.016,0.003,,,,,
P-1626,200,13.333,0.0,0.018,0.003,,,,,
P-1627,200,5.0,1.49,0.418,0.186,,,,,
P-1628,200,8.889,1.53,0.515,0.163,,,,,
P-1629,200,15.701,0.0,0.049,0.006,,,,,
P-1630,200,12.21,0.07,0.214,0.037,,,,,
P-1631,200,5.0,0.0,0.031,0.007,,,,,
P-1632,200,8.889,0.0,0.038,0.007,,,,,
P-1633,200,5.0,0.57,0.31,0.117,,,,,
P-1634,200,13.333,1.03,0.526,0.123,,,,,
P-1635,200,62.401,0.0,0.034,0.003,,,,,
P-1636,200,8.889,0.21,0.276,0.065,,,,,
P-1637,200,5.0,0.64,0.322,0.124,,,,,
P-1638,200,13.333,0.85,0.495,0.112,,,,,
P-1639,200,119.806,0.0,0.043,0.002,,,,,
P-1640,200,13.333,0.11,0.252,0.043,,,,,
P-1641,200,5.0,0.18,0.214,0.069,,,,,
P-1642,200,13.333,0.39,0.386,0.078,,,,,
P-1643,200,13.347,0.0,0.023,0.004,,,,,
P-1644,200,37.562,0.0,0.034,0.003,,,,,
P-1645,200,5.0,3.26,0.528,0.274,,,,,
P-1646,200,13.333,3.26,0.749,0.214,,,,,
P-1647,200,5.0,0.0,0.016,0.004,,,,,
P-1648,200,13.333,0.0,0.023,0.004,,,,,
P-1649,200,5.0,0.0,0.025,0.006,,,,,
P-1650,200,8.889,0.11,0.219,0.048,,,,,
P-1651,200,5.0,0.18,0.213,0.069,,,,,
P-1652,200,8.889,0.18,0.26,0.06,,,,,
P-1653,200,27.986,0.0,0.037,0.004,,,,,
P-1654,200,8.889,0.14,0.241,0.054,,,,,
P-1655,200,8.842,0.0,0.036,0.006,,,,,
P-1656,200,13.333,0.11,0.252,0.044,,,,,
P-1657,200,5.0,0.61,0.316,0.121,,,,,
P-1658,200,8.889,0.64,0.393,0.108,,,,,
P-1659,200,11.203,0.04,0.164,0.028,,,,,
P-1660,200,13.333,0.14,0.277,0.049,,,,,
P-1661,200,5.0,0.28,0.249,0.085,,,,,
P-1662,200,13.333,0.28,0.349,0.068,,,,,
P-1663,200,5.0,0.0,0.015,0.004,,,,,
P-1664,200,13.333,0.07,0.219,0.036,,,,,
P-1665,200,5.0,0.0,0.019,0.005,,,,,
P-1666,200,8.889,0.07,0.191,0.04,,,,,
P-1667,200,5.0,1.28,0.399,0.173,,,,,
P-1668,200,13.333,1.28,0.562,0.136,,,,,
P-1669,200,7.069,0.0,0.021,0.005,,,,,
P-1670,200,8.889,0.14,0.241,0.054,,,,,
P-1671,200,30.202,0.11,0.333,0.036,,,,,
P-1672,200,13.046,0.18,0.297,0.055,,,,,
P-1673,200,55.951,0.0,0.032,0.003,,,,,
P-1674,200,8.889,0.0,0.02,0.004,,,,,
P-1675,200,5.0,0.0,0.025,0.006,,,,,
P-1676,200,8.889,0.11,0.219,0.048,,,,,
P-1677,200,5.0,0.25,0.239,0.08,,,,,
P-1678,200,8.889,0.25,0.291,0.07,,,,,
P-1679,200,15.9,0.0,0.016,0.003,,,,,
P-1680,200,13.333,0.07,0.219,0.036,,,,,
P-1681,200,35.573,0.18,0.417,0.044,,,,,
P-1682,200,13.333,0.21,0.317,0.059,,,,,
P-1683,200,5.351,0.11,0.185,0.054,,,,,
P-1684,200,13.333,0.11,0.252,0.044,,,,,
P-1685,200,5.0,0.5,0.297,0.11,,,,,
P-1686,200,8.889,0.5,0.363,0.096,,,,,
P-1687,200,5.0,0.0,0.015,0.004,,,,,
P-1688,200,13.333,0.07,0.219,0.036,,,,,
P-1689,200,5.0,0.25,0.238,0.08,,,,,
P-1690,200,8.889,0.25,0.29,0.07,,,,,
P-1691,200,51.394,0.0,0.048,0.004,,,,,
P-1692,200,23.795,0.07,0.267,0.032,,,,,
P-1693,200,5.0,0.18,0.213,0.069,,,,,
P-1694,200,8.889,0.21,0.276,0.065,,,,,
P-1695,200,15.746,0.0,0.028,0.004,,,,,
P-1696,200,13.333,0.07,0.22,0.036,,,,,
P-1697,200,28.328,0.0,0.032,0.003,,,,,
P-1698,200,13.333,0.0,0.026,0.004,,,,,
P-1699,200,5.0,0.32,0.258,0.09,,,,,
P-1700,200,13.333,0.32,0.362,0.071,,,,,
P-1701,200,5.0,0.78,0.343,0.136,,,,,
P-1702,200,8.889,0.82,0.425,0.121,,,,,
P-1703,200,43.235,0.0,0.025,0.002,,,,,
P-1704,200,54.719,0.0,0.03,0.002,,,,,
P-1705,200,5.0,14.22,0.78,0.623,,,,,
P-1706,200,13.333,14.22,1.136,0.461,,,,,
P-1707,200,5.0,0.14,0.199,0.062,,,,,
P-1708,200,13.333,0.21,0.317,0.059,,,,,
P-1709,200,5.0,0.18,0.214,0.069,,,,,
P-1710,200,8.889,0.18,0.26,0.06,,,,,
P-1711,200,5.0,0.0,0.02,0.005,,,,,
P-1712,200,8.889,0.0,0.025,0.005,,,,,
P-1713,200,5.0,0.21,0.227,0.075,,,,,
P-1714,200,13.333,0.25,0.334,0.064,,,,,
P-1715,200,5.0,0.0,0.016,0.004,,,,,
P-1716,200,13.333,0.21,0.317,0.059,,,,,
P-1717,200,9.923,0.0,0.019,0.004,,,,,
P-1718,200,13.333,0.0,0.022,0.003,,,,,
P-1719,200,11.98,0.0,0.03,0.005,,,,,
P-1720,200,27.526,0.11,0.322,0.037,,,,,
P-1721,200,5.0,0.0,0.021,0.005,,,,,
P-1722,200,8.889,0.07,0.191,0.04,,,,,
P-1723,200,42.463,0.78,0.718,0.082,,,,,
P-1724,200,8.889,0.89,0.436,0.126,,,,,
P-1725,200,48.087,0.25,0.516,0.048,,,,,
P-1726,200,8.889,0.36,0.326,0.082,,,,,
P-1727,200,5.0,0.43,0.283,0.103,,,,,
P-1728,200,13.333,0.53,0.427,0.09,,,,,
P-1729,200,53.547,0.0,0.059,0.004,,,,,
P-1730,200,13.333,0.18,0.299,0.055,,,,,
P-1731,200,5.0,0.0,0.021,0.005,,,,,
P-1732,200,13.333,0.07,0.22,0.036,,,,,
P-1733,200,8.493,0.25,0.286,0.071,,,,,
P-1734,200,13.333,0.36,0.375,0.075,,,,,
P-1735,200,5.0,0.89,0.357,0.145,,,,,
P-1736,200,6.667,0.89,0.395,0.135,,,,,
P-1737,200,5.0,0.68,0.328,0.128,,,,,
P-1738,200,13.333,0.71,0.468,0.103,,,,,
P-1739,200,32.169,0.11,0.339,0.036,,,,,
P-1740,200,20.17,0.14,0.319,0.045,,,,,
P-1741,200,5.0,0.0,0.027,0.006,,,,,
P-1742,200,13.333,0.0,0.037,0.005,,,,,
P-1743,200,5.0,0.0,0.021,0.005,,,,,
P-1744,200,13.333,0.21,0.317,0.059,,,,,
P-1745,200,5.0,0.04,0.125,0.034,,,,,
P-1746,200,8.889,0.14,0.242,0.054,,,,,
P-1747,200,5.0,0.39,0.276,0.099,,,,,
P-1748,200,13.333,0.46,0.408,0.085,,,,,
P-1749,200,12.842,0.0,0.024,0.004,,,,,
P-1750,200,13.333,0.11,0.252,0.043,,,,,
P-1751,200,30.814,0.0,0.033,0.003,,,,,
P-1752,200,13.333,0.14,0.277,0.049,,,,,
P-1753,200,5.623,0.0,0.02,0.005,,,,,
P-1754,200,13.333,0.0,0.027,0.004,,,,,
P-1755,200,45.654,0.0,0.031,0.003,,,,,
P-1756,200,31.831,0.04,0.231,0.022,,,,,
P-1757,200,5.0,0.39,0.276,0.099,,,,,
P-1758,200,13.333,0.53,0.427,0.09,,,,,
P-1759,200,22.558,0.0,0.032,0.004,,,,,
P-1760,200,8.889,0.07,0.191,0.04,,,,,
P-1761,200,5.0,0.0,0.012,0.004,,,,,
P-1762,200,8.889,0.0,0.017,0.003,,,,,
P-1763,200,47.84,0.0,0.023,0.002,,,,,
P-1764,200,8.889,0.04,0.151,0.029,,,,,
P-1765,200,49.625,0.0,0.039,0.003,,,,,
P-1766,200,8.889,0.0,0.024,0.005,,,,,
P-1767,200,5.0,0.11,0.18,0.055,,,,,
P-1768,200,8.889,0.14,0.242,0.054,,,,,
P-1769,200,46.248,0.0,0.038,0.003,,,,,
P-1770,200,8.889,0.11,0.219,0.048,,,,,
P-1771,200,5.0,8.82,0.696,0.465,,,,,
P-1772,200,13.333,9.39,1.016,0.367,,,,,
P-1773,200,13.816,0.0,0.026,0.004,,,,,
P-1774,200,8.889,0.04,0.151,0.029,,,,,
P-1775,200,5.0,5.04,0.598,0.342,,,,,
P-1776,200,13.333,5.04,0.851,0.266,,,,,
P-1777,200,5.0,0.04,0.125,0.034,,,,,
P-1778,200,13.333,0.21,0.317,0.059,,,,,
P-1779,200,5.0,0.04,0.125,0.034,,,,,
P-1780,200,13.333,0.04,0.174,0.027,,,,,
P-1781,200,5.0,8.26,0.684,0.448,,,,,
P-1782,200,13.333,8.35,0.983,0.344,,,,,
P-1783,200,17.011,0.46,0.443,0.08,,,,,
P-1784,200,13.333,0.53,0.427,0.09,,,,,
P-1785,200,20.098,0.32,0.418,0.065,,,,,
P-1786,200,8.889,0.43,0.346,0.09,,,,,
P-1787,200,22.618,0.0,0.057,0.006,,,,,
P-1788,200,13.333,0.04,0.175,0.027,,,,,
P-1789,200,7.515,0.0,0.046,0.009,,,,,
P-1790,200,13.333,0.0,0.056,0.008,,,,,
P-1791,200,5.0,0.07,0.159,0.046,,,,,
P-1792,200,8.889,0.5,0.363,0.096,,,,,
P-1793,200,6.72,0.04,0.138,0.032,,,,,
P-1794,200,13.333,0.28,0.348,0.068,,,,,
P-1795,200,5.0,0.07,0.158,0.046,,,,,
P-1796,200,13.333,0.21,0.317,0.059,,,,,
P-1797,200,-321.489,7.28,0.75,,,,,,
P-1798,200,13.333,7.34,0.948,0.322,,,,,
P-1799,200,5.0,0.0,0.023,0.006,,,,,
P-1800,200,13.333,0.11,0.252,0.044,,,,,
P-1801,200,5.0,1.32,0.403,0.175,,,,,
P-1802,200,13.333,1.35,0.572,0.14,,,,,
P-1803,200,21.502,0.0,0.028,0.003,,,,,
P-1804,200,49.523,0.07,0.341,0.027,,,,,
P-1805,200,9.685,0.0,0.028,0.005,,,,,
P-1806,200,13.333,0.04,0.173,0.027,,,,,
P-1807,200,5.0,1.21,0.392,0.168,,,,,
P-1808,200,8.889,1.24,0.484,0.148,,,,,
P-1809,200,9.903,0.0,0.022,0.004,,,,,
P-1810,200,13.333,0.0,0.025,0.004,,,,,
P-1811,200,5.0,0.0,0.027,0.006,,,,,
P-1812,200,8.889,0.11,0.22,0.048,,,,,
P-1813,200,5.0,0.0,0.016,0.004,,,,,
P-1814,200,13.333,0.07,0.219,0.036,,,,,
P-1815,200,20.605,1.24,0.648,0.121,,,,,
P-1816,200,8.889,1.45,0.508,0.159,,,,,
P-1817,200,41.27,0.0,0.033,0.003,,,,,
P-1818,200,8.889,0.11,0.219,0.048,,,,,
P-1819,200,13.324,0.21,0.318,0.06,,,,,
P-1820,200,13.333,0.25,0.334,0.064,,,,,
P-1821,200,5.0,0.21,0.226,0.075,,,,,
P-1822,200,8.889,0.32,0.315,0.079,,,,,
P-1823,200,5.0,0.6,0.316,0.121,,,,,
P-1824,200,13.333,0.74,0.475,0.106,,,,,
P-1825,200,5.0,0.39,0.275,0.099,,,,,
P-1826,200,13.333,0.53,0.427,0.09,,,,,
P-1827,200,5.0,0.11,0.181,0.055,,,,,
P-1828,200,8.889,0.11,0.221,0.048,,,,,
P-1829,200,5.0,0.0,0.028,0.007,,,,,
P-1830,200,8.889,0.0,0.035,0.006,,,,,
P-1831,200,5.0,0.0,0.023,0.006,,,,,
P-1832,200,627.001,0.14,1.001,0.021,,,,,
P-1833,200,5.0,2.2,0.47,0.225,,,,,
P-1834,200,13.333,2.2,0.665,0.176,,,,,
P-1835,200,10.657,0.0,0.027,0.005,,,,,
P-1836,200,13.333,0.0,0.03,0.004,,,,,
P-1837,200,5.0,0.0,0.016,0.004,,,,,
P-1838,200,13.333,0.04,0.173,0.027,,,,,
P-1839,200,5.0,0.11,0.18,0.055,,,,,
P-1840,200,13.333,0.14,0.278,0.05,,,,,
P-1841,200,19.281,0.0,0.021,0.003,,,,,
P-1842,200,22.556,0.07,0.262,0.032,,,,,
P-1843,200,5.0,0.0,0.013,0.004,,,,,
P-1844,200,8.889,0.0,0.017,0.004,,,,,
P-1845,200,5.0,0.0,0.016,0.004,,,,,
P-1846,200,13.333,0.14,0.277,0.049,,,,,
P-1847,200,5.0,0.07,0.158,0.046,,,,,
P-1848,200,13.333,0.21,0.317,0.059,,,,,
P-1849,200,10.316,0.0,0.033,0.005,,,,,
P-1850,200,8.889,0.11,0.22,0.048,,,,,
P-1851,200,20.159,0.0,0.03,0.004,,,,,
P-1852,200,292.779,0.04,0.478,0.014,,,,,
P-1853,200,5.0,0.36,0.267,0.095,,,,,
P-1854,200,8.889,0.39,0.336,0.086,,,,,
P-1855,200,5.0,0.0,0.024,0.006,,,,,
P-1856,200,13.333,0.42,0.397,0.081,,,,,
P-1857,200,5.0,1.42,0.412,0.182,,,,,
P-1858,200,13.333,1.49,0.59,0.146,,,,,
P-1859,200,5.0,0.0,0.023,0.006,,,,,
P-1860,200,13.333,1.95,0.64,0.166,,,,,
P-1861,600,1.25,88.59,0.727,0.446,,,,,
P-1862,400,8.889,88.63,1.533,0.469,,,,,
P-1863,200,5.0,0.0,0.02,0.005,,,,,
P-1864,200,13.333,0.11,0.252,0.043,,,,,
P-1865,200,14.762,0.18,0.311,0.054,,,,,
P-1866,200,8.889,0.25,0.291,0.07,,,,,
P-1867,200,14.238,0.0,0.033,0.005,,,,,
P-1868,200,11.134,0.18,0.281,0.057,,,,,
P-1869,200,7.897,0.25,0.28,0.072,,,,,
P-1870,200,24.249,0.25,0.411,0.056,,,,,
P-1871,200,6.503,0.0,0.022,0.005,,,,,
P-1872,200,13.333,0.0,0.028,0.004,,,,,
P-1873,200,5.0,0.29,0.249,0.085,,,,,
P-1874,200,13.333,0.29,0.349,0.068,,,,,
P-1875,200,17.144,0.21,0.346,0.056,,,,,
P-1876,200,13.333,0.28,0.349,0.068,,,,,
P-1877,200,5.0,0.0,0.022,0.006,,,,,
P-1878,200,13.333,0.0,0.031,0.005,,,,,
P-1879,200,5.0,0.0,0.014,0.004,,,,,
P-1880,200,8.889,0.04,0.151,0.029,,,,,
P-1881,200,5.0,0.85,0.352,0.142,,,,,
P-1882,200,8.889,0.89,0.435,0.126,,,,,
P-1883,200,5.0,0.14,0.199,0.062,,,,,
P-1884,200,13.333,0.21,0.318,0.06,,,,,
P-1885,200,5.0,0.0,0.016,0.004,,,,,
P-1886,200,13.333,0.04,0.173,0.027,,,,,
P-1887,200,5.0,1.39,0.409,0.179,,,,,
P-1888,200,13.333,1.49,0.59,0.147,,,,,
P-1889,200,5.0,1.5,0.419,0.186,,,,,
P-1890,200,13.333,1.53,0.595,0.148,,,,,
P-1891,200,23.189,0.67,0.557,0.089,,,,,
P-1892,200,13.333,0.78,0.482,0.108,,,,,
P-1893,200,9.545,0.0,0.035,0.006,,,,,
P-1894,200,8.889,0.32,0.315,0.078,,,,,
P-1895,200,5.0,2.77,0.503,0.252,,,,,
P-1896,200,13.333,2.98,0.729,0.205,,,,,
P-1897,250,3.75,18.76,0.753,0.557,,,,,
P-1898,200,13.333,18.91,1.219,0.545,,,,,
P-1899,200,5.0,0.0,0.018,0.005,,,,,
P-1900,200,8.889,0.07,0.191,0.04,,,,,
P-1901,200,5.0,3.73,0.549,0.293,,,,,
P-1902,200,195.523,3.82,2.006,0.121,,,,,
P-1903,200,5.0,0.75,0.338,0.133,,,,,
P-1904,200,13.333,0.82,0.489,0.11,,,,,
P-1905,200,5.0,1.24,0.395,0.17,,,,,
P-1906,200,13.333,1.38,0.576,0.141,,,,,
P-1907,200,5.0,0.0,0.015,0.004,,,,,
P-1908,200,13.333,0.04,0.173,0.027,,,,,
P-1909,200,5.0,1.81,0.444,0.204,,,,,
P-1910,200,8.889,1.92,0.553,0.182,,,,,
P-1911,200,5.0,0.21,0.226,0.075,,,,,
P-1912,200,8.889,0.32,0.315,0.078,,,,,
P-1913,200,12.111,0.0,0.036,0.005,,,,,
P-1914,200,13.333,0.25,0.333,0.064,,,,,
P-1915,200,12.286,0.0,0.03,0.005,,,,,
P-1916,200,8.889,0.07,0.192,0.04,,,,,
P-1917,200,5.0,0.0,0.021,0.005,,,,,
P-1918,200,8.889,0.0,0.026,0.005,,,,,
P-1919,200,40.629,0.07,0.32,0.028,,,,,
P-1920,200,33.238,0.14,0.378,0.04,,,,,
P-1921,200,5.0,1.28,0.399,0.173,,,,,
P-1922,200,8.889,1.28,0.488,0.15,,,,,
P-1923,200,8.574,0.43,0.341,0.09,,,,,
P-1924,200,13.333,0.71,0.467,0.103,,,,,
