CH_M,GROUND_M
0.0,351.09
10.0,351.11
20.0,351.01
30.0,350.53
40.0,350.73
50.0,350.72
60.0,350.74
70.0,350.62
80.0,350.65
90.0,350.63
100.0,350.55
110.0,350.42
120.0,350.43
130.0,350.36
140.0,350.21
150.0,350.17
160.0,350.17
170.0,350.13
180.0,350.17
190.0,350.21
200.0,350.18
210.0,350.29
220.0,350.37
230.0,350.41
240.0,350.46
250.0,350.53
260.0,350.54
270.0,350.75
280.0,351.04
290.0,351.24
300.0,351.37
310.0,351.55
320.0,351.76
330.0,351.84
340.0,351.98
350.0,352.1
360.0,352.2
370.0,352.19
380.0,352.25
390.0,352.25
400.0,352.19
410.0,352.05
420.0,351.97
430.0,351.78
440.0,351.52
450.0,351.34
460.0,351.19
470.0,351.12
480.0,350.99
490.0,350.94
500.0,350.85
510.0,350.78
520.0,350.72
530.0,350.64
540.0,350.58
550.0,350.55
560.0,350.59
570.0,350.6
580.0,350.58
590.0,350.56
600.0,350.55
610.0,350.54
620.0,350.54
630.0,350.53
640.0,350.5
650.0,350.48
660.0,350.47
670.0,350.48
680.0,350.51
690.0,350.53
700.0,350.57
710.0,350.62
720.0,350.68
730.0,350.75
740.0,350.84
750.0,350.94
760.0,351.02
770.0,351.07
780.0,351.26
790.0,351.45
800.0,351.54
810.0,351.64
820.0,351.66
830.0,351.7
840.0,351.81
850.0,351.82
860.0,351.82
870.0,351.84
880.0,351.87
890.0,351.93
900.0,351.96
910.0,351.95
920.0,351.92
930.0,351.87
940.0,351.83
950.0,351.81
960.0,351.81
970.0,351.79
980.0,351.81
990.0,351.83
1000.0,351.86
1010.0,351.84
1020.0,351.81
1030.0,351.8
1040.0,351.75
1050.0,351.69
1060.0,351.67
1070.0,351.68
1080.0,351.7
1090.0,351.71
1100.0,351.71
1110.0,351.69
1120.0,351.67
1130.0,351.66
1140.0,351.66
1150.0,351.64
1160.0,351.6
1170.0,351.56
1180.0,351.52
1190.0,351.49
1200.0,351.49
1210.0,351.49
1220.0,351.47
1230.0,351.45
1240.0,351.44
1250.0,351.42
1260.0,351.41
1270.0,351.4
1280.0,351.39
1290.0,351.39
1300.0,351.39
1310.0,351.37
1320.0,351.38
1330.0,351.35
1340.0,351.35
1350.0,351.29
1360.0,351.25
1370.0,351.24
1380.0,351.2
1390.0,351.16
1400.0,351.1
1410.0,351.06
1420.0,351.04
1430.0,351.05
1440.0,351.02
1450.0,350.96
1460.0,350.91
1470.0,350.84
1480.0,350.77
1490.0,350.72
1500.0,350.69
1510.0,350.64
1520.0,350.57
1530.0,350.51
1540.0,350.45
1550.0,350.38
1560.0,350.32
1570.0,350.25
1580.0,350.18
1590.0,350.11
1600.0,350.05
1610.0,350.0
1620.0,349.97
1630.0,349.94
1640.0,349.91
1650.0,349.88
1660.0,349.85
1670.0,349.83
1680.0,349.8
1690.0,349.77
1700.0,349.74
1710.0,349.72
1720.0,349.71
1730.0,349.73
1740.0,349.71
1750.0,349.67
1760.0,349.63
1770.0,349.6
1780.0,349.58
1790.0,349.56
1800.0,349.54
1810.0,349.47
1820.0,349.39
1830.0,349.34
1840.0,349.41
1850.0,349.48
1860.0,349.45
1870.0,349.46
1880.0,349.29
1890.0,349.23
1900.0,349.26
1910.0,349.25
1920.0,349.31
1930.0,349.36
1940.0,349.36
1950.0,349.34
1960.0,349.31
1970.0,349.29
1980.0,349.27
1990.0,349.28
2000.0,349.27
2010.0,349.24
2020.0,349.24
2030.0,349.22
2040.0,349.18
2050.0,349.14
2060.0,349.07
2070.0,348.95
2080.0,348.81
2090.0,348.71
2100.0,348.65
2110.0,348.65
2120.0,348.61
2130.0,348.56
2140.0,348.51
2150.0,348.42
2160.0,348.38
2170.0,348.31
2180.0,348.19
2190.0,348.17
2200.0,348.17
2210.0,348.23
2220.0,348.25
2230.0,348.25
2240.0,348.22
2250.0,348.17
2260.0,348.1
2270.0,348.04
2280.0,348.01
2290.0,348.03
2300.0,348.13
2310.0,348.26
2320.0,348.4
2330.0,348.54
2340.0,348.73
2350.0,348.96
2360.0,349.15
2370.0,349.3
2380.0,349.42
2390.0,349.58
2400.0,349.71
2410.0,349.76
2420.0,349.74
2430.0,349.64
2440.0,349.54
2450.0,349.47
2460.0,348.92
2470.0,348.89
2480.0,348.81
2490.0,348.68
2500.0,348.56
2510.0,348.32
2520.0,348.32
2530.0,348.22
2540.0,348.13
2550.0,348.12
2560.0,348.08
2570.0,347.99
2580.0,347.8
2590.0,347.68
2600.0,347.57
2610.0,347.47
2620.0,347.44
2630.0,347.36
2640.0,347.26
2650.0,347.13
2660.0,346.98
2670.0,346.91
2680.0,346.87
2690.0,346.88
2700.0,347.01
2710.0,347.04
2720.0,346.95
2730.0,346.91
2740.0,346.83
2750.0,346.68
2760.0,346.6
2770.0,346.58
2780.0,346.57
2790.0,346.57
2800.0,346.6
2810.0,346.56
2820.0,346.64
2830.0,346.74
2840.0,346.77
2850.0,346.81
2860.0,346.82
2870.0,346.86
2880.0,346.78
2890.0,346.68
2900.0,346.65
2910.0,346.53
2920.0,346.43
2930.0,346.32
2940.0,346.35
2950.0,346.32
2960.0,346.36
2970.0,346.36
2980.0,346.4
2990.0,346.37
3000.0,346.31
3010.0,346.13
3020.0,346.06
3030.0,346.0
3040.0,345.99
3050.0,345.91
3060.0,345.85
3070.0,345.79
3080.0,345.72
3090.0,345.64
3100.0,345.56
3110.0,345.51
3120.0,345.31
3130.0,345.2
3140.0,345.13
3150.0,345.08
3160.0,344.96
3170.0,345.03
3180.0,345.09
3190.0,345.22
3200.0,345.33
3210.0,345.35
3220.0,345.43
3230.0,345.43
3240.0,345.33
3250.0,344.94
3260.0,344.9
3270.0,345.17
3280.0,345.06
3290.0,344.87
3300.0,344.83
3310.0,344.89
3320.0,344.92
3330.0,344.96
3340.0,345.02
3350.0,345.07
3360.0,345.09
3370.0,345.13
3380.0,345.13
3390.0,345.12
3400.0,345.12
3410.0,345.12
3420.0,345.07
3430.0,345.0
3440.0,344.92
3450.0,344.84
3460.0,344.8
3470.0,344.74
3480.0,344.66
3490.0,344.56
3500.0,344.5
3510.0,344.41
3520.0,344.34
3530.0,344.29
3540.0,344.2
3550.0,344.17
3560.0,344.04
3570.0,343.93
3580.0,343.81
3590.0,343.81
3600.0,343.78
3610.0,343.72
3620.0,343.7
3630.0,343.73
3640.0,343.69
3650.0,343.56
3660.0,343.51
3670.0,343.46
3680.0,343.42
3690.0,343.48
3700.0,343.46
3710.0,343.49
3720.0,343.49
3730.0,343.42
3740.0,343.36
3750.0,343.31
3760.0,343.26
3770.0,343.27
3780.0,343.11
3790.0,343.01
3800.0,342.86
3810.0,342.74
3820.0,342.58
3830.0,342.56
3840.0,342.44
3850.0,342.28
3860.0,342.18
3870.0,342.1
3880.0,342.07
3890.0,341.9
3900.0,341.83
3910.0,341.75
3920.0,341.71
3930.0,341.73
3940.0,341.74
3950.0,341.71
3960.0,341.59
3970.0,341.48
3980.0,341.5
3990.0,341.28
4000.0,341.26
4010.0,341.27
4020.0,341.21
4030.0,341.28
4040.0,341.34
4050.0,341.53
4060.0,341.99
4070.0,342.1
4080.0,342.24
4090.0,342.39
4100.0,342.48
4110.0,342.53
4120.0,342.42
4130.0,342.39
4140.0,342.33
4150.0,342.32
4160.0,342.31
4170.0,342.38
4180.0,342.28
4190.0,342.09
4200.0,341.99
4210.0,341.95
4220.0,341.84
4230.0,341.75
4240.0,341.77
4250.0,341.81
4260.0,341.94
4270.0,342.02
4280.0,342.09
4290.0,342.11
4300.0,342.13
4310.0,341.99
4320.0,341.92
4330.0,341.94
4340.0,342.03
4350.0,342.24
4360.0,342.63
4370.0,343.01
4380.0,343.3
4390.0,343.47
4400.0,343.68
4410.0,343.69
4420.0,343.69
4430.0,343.7
4440.0,343.61
4450.0,343.5
4460.0,343.43
4470.0,343.35
4480.0,343.19
4490.0,343.08
4500.0,343.0
4510.0,342.91
4520.0,342.91
4530.0,342.91
4540.0,343.06
4550.0,343.22
4560.0,343.39
4570.0,343.51
4580.0,343.48
4590.0,343.47
4600.0,343.45
4610.0,343.39
4620.0,343.52
4630.0,343.33
4640.0,343.25
4650.0,343.15
4660.0,343.08
4670.0,342.93
4680.0,342.82
4690.0,342.77
4700.0,342.69
4710.0,342.72
4720.0,342.73
4730.0,342.78
4740.0,342.79
4750.0,342.78
4760.0,342.74
4770.0,342.57
4780.0,342.49
4790.0,342.32
4800.0,342.17
4810.0,342.09
4820.0,342.11
4830.0,341.93
4840.0,341.8
4850.0,341.73
4860.0,341.59
4870.0,341.54
4880.0,341.49
4890.0,341.31
4900.0,341.16
4910.0,341.04
4920.0,340.91
4930.0,340.79
4940.0,340.68
4950.0,340.61
4960.0,340.59
4970.0,340.65
4980.0,340.71
4990.0,340.76
5000.0,340.88
5010.0,340.97
5020.0,340.91
5030.0,340.95
5040.0,341.03
5050.0,341.11
5060.0,341.29
5070.0,341.48
5080.0,341.63
5090.0,341.73
5100.0,341.87
5110.0,341.86
5120.0,341.87
5130.0,341.78
5140.0,341.7
5150.0,341.66
5160.0,341.72
5170.0,341.63
5180.0,341.53
5190.0,341.52
5200.0,341.35
5210.0,341.18
5220.0,341.05
5230.0,340.92
5240.0,340.79
5250.0,340.59
5260.0,340.45
5270.0,340.26
5280.0,340.1
5290.0,339.88
5300.0,339.72
5310.0,339.53
5320.0,339.36
5330.0,339.21
5340.0,339.04
5350.0,338.93
5360.0,338.83
5370.0,338.69
5380.0,338.51
5390.0,338.35
5400.0,338.19
5410.0,338.03
5420.0,337.91
5430.0,337.83
5440.0,337.75
5450.0,337.64
5460.0,337.54
5470.0,337.42
5480.0,337.34
5490.0,337.21
5500.0,337.1
5510.0,337.03
5520.0,337.02
5530.0,336.95
5540.0,336.86
5550.0,336.65
5560.0,336.5
5570.0,336.43
5580.0,336.37
5590.0,336.17
5600.0,336.04
5610.0,335.97
5620.0,335.88
5630.0,335.74
5640.0,335.66
5650.0,335.59
5660.0,335.5
5670.0,335.43
5680.0,335.39
5690.0,335.39
5700.0,335.34
5710.0,335.33
5720.0,335.28
5730.0,335.18
5740.0,335.18
5750.0,335.0
5760.0,334.94
5770.0,334.93
5780.0,334.92
5790.0,334.8
5800.0,334.74
5810.0,334.71
5820.0,334.63
5830.0,334.57
5840.0,334.52
5850.0,334.44
5860.0,334.32
5870.0,334.16
5880.0,334.04
5890.0,333.91
5900.0,333.84
5910.0,333.77
5920.0,333.68
5930.0,333.54
5940.0,333.43
5950.0,333.38
5960.0,333.28
5970.0,333.24
5980.0,333.09
5990.0,332.98
6000.0,332.94
6010.0,332.86
6020.0,332.73
6030.0,332.64
6040.0,332.58
6050.0,332.49
6060.0,332.43
6070.0,332.44
6080.0,332.4
6090.0,332.35
6100.0,332.28
6110.0,332.14
6120.0,332.1
6130.0,332.03
6140.0,331.94
6150.0,331.95
6160.0,331.86
6170.0,331.8
6180.0,331.76
6190.0,331.72
6200.0,331.64
6210.0,331.51
6220.0,331.44
6230.0,331.45
6240.0,331.37
6250.0,331.37
6260.0,331.27
6270.0,331.27
6280.0,331.29
6290.0,331.26
6300.0,331.27
6310.0,331.25
6320.0,331.26
6330.0,331.31
6340.0,331.24
6350.0,331.23
6360.0,331.21
6370.0,331.25
6380.0,331.39
6390.0,331.41
6400.0,331.43
6410.0,331.36
6420.0,331.44
6430.0,331.47
6440.0,331.49
6450.0,331.49
6460.0,331.47
6470.0,331.43
6480.0,331.38
6490.0,331.32
6500.0,331.33
6510.0,331.31
6520.0,331.31
6530.0,331.22
6540.0,331.16
6550.0,331.05
6560.0,331.05
6570.0,331.0
6580.0,330.95
6590.0,330.89
6600.0,330.78
6610.0,330.72
6620.0,330.69
6630.0,330.65
6640.0,330.74
6650.0,330.72
6660.0,330.66
6670.0,330.57
6680.0,330.51
6690.0,330.4
6700.0,330.35
6710.0,330.29
6720.0,330.26
6730.0,330.26
6740.0,330.25
6750.0,330.2
6760.0,330.15
6770.0,330.07
6780.0,330.02
6790.0,329.95
6800.0,329.87
6810.0,329.79
6820.0,329.82
6830.0,329.73
6840.0,329.74
6850.0,329.72
6860.0,329.76
6870.0,329.8
6880.0,329.7
6890.0,329.64
6900.0,329.61
6910.0,329.59
6920.0,329.57
6930.0,329.56
6940.0,329.52
6950.0,329.5
6960.0,329.46
6970.0,329.4
6980.0,329.39
6990.0,329.27
7000.0,329.24
7010.0,329.19
7020.0,329.11
7030.0,329.04
7040.0,328.88
7050.0,328.68
7060.0,328.55
7070.0,328.51
7080.0,328.46
7090.0,328.46
7100.0,328.38
7110.0,328.33
7120.0,328.24
7130.0,328.14
7140.0,328.12
7150.0,328.05
7160.0,328.06
7170.0,328.05
7180.0,327.91
7190.0,328.05
7200.0,328.15
7210.0,328.21
7220.0,328.03
7230.0,327.84
7240.0,327.79
7250.0,327.89
7260.0,327.88
7270.0,327.93
7280.0,327.89
7290.0,327.84
7300.0,327.92
7310.0,327.88
7320.0,327.89
7330.0,327.92
7340.0,327.98
7350.0,327.87
7360.0,327.95
7370.0,327.89
7380.0,327.97
7390.0,328.01
7400.0,328.09
7410.0,328.14
7420.0,328.28
7430.0,328.37
7440.0,328.43
7450.0,328.43
7460.0,328.48
7470.0,328.43
7480.0,328.42
7490.0,328.39
7500.0,328.39
7510.0,328.39
7520.0,328.38
7530.0,328.3
7540.0,328.19
7550.0,328.12
7560.0,327.96
7570.0,327.85
7580.0,327.86
7590.0,327.78
7600.0,327.83
7610.0,327.83
7620.0,327.82
7630.0,327.87
7640.0,327.91
7650.0,328.02
7660.0,328.07
7670.0,328.12
7680.0,328.26
7690.0,328.42
7700.0,328.64
7710.0,328.84
7720.0,329.08
7730.0,329.28
7740.0,329.47
7750.0,329.84
7760.0,330.35
7770.0,330.95
7780.0,331.6
7790.0,331.71
7800.0,332.07
7810.0,333.07
7820.0,333.82
7830.0,334.4
7840.0,334.39
7850.0,333.49
7860.0,332.16
7870.0,331.35
7880.0,330.71
7890.0,330.6
7900.0,330.15
7910.0,329.81
7920.0,329.44
7930.0,329.12
7940.0,328.93
7950.0,328.76
7960.0,328.55
7970.0,328.43
7980.0,328.35
7990.0,328.36
8000.0,328.25
8010.0,328.24
8020.0,328.32
8030.0,328.36
8040.0,328.39
8050.0,328.29
8060.0,328.18
8070.0,328.25
8080.0,328.08
8090.0,328.28
8100.0,328.19
8110.0,328.1
8120.0,328.09
8130.0,328.18
8140.0,328.11
8150.0,328.14
8160.0,328.21
8170.0,328.31
8180.0,328.56
8190.0,328.65
8200.0,328.96
8210.0,329.11
8220.0,329.2
8230.0,329.42
8240.0,329.38
8250.0,329.3
8260.0,329.06
8270.0,329.06
8280.0,328.98
8290.0,329.07
8300.0,329.13
8310.0,328.99
8320.0,328.53
8330.0,327.9
8340.0,327.54
8350.0,327.44
8360.0,327.55
8370.0,327.68
8380.0,327.73
8390.0,327.71
8400.0,327.66
8410.0,327.47
8420.0,327.49
8430.0,327.3
8440.0,327.05
8450.0,326.84
8460.0,326.77
8470.0,326.63
8480.0,326.49
8490.0,326.37
8500.0,326.46
8510.0,326.49
8520.0,326.47
8530.0,326.39
8540.0,326.18
8550.0,326.1
8560.0,326.03
8570.0,325.88
8580.0,325.68
8590.0,325.59
8600.0,325.53
8610.0,325.52
8620.0,325.4
8630.0,325.43
8640.0,325.47
8650.0,325.51
8660.0,325.62
8670.0,325.7
8680.0,325.76
8690.0,325.65
8700.0,325.59
8710.0,325.81
8720.0,325.91
8730.0,326.02
8740.0,326.08
8750.0,326.13
8760.0,326.19
8770.0,326.16
8780.0,326.2
8790.0,326.17
8800.0,326.13
8810.0,326.29
8820.0,326.29
8830.0,326.37
8840.0,326.36
8850.0,326.42
8860.0,326.43
8870.0,326.48
8880.0,326.43
8890.0,326.44
8900.0,326.43
8910.0,326.4
8920.0,326.37
8930.0,326.39
8940.0,326.42
8950.0,326.39
8960.0,326.46
8970.0,326.13
8980.0,326.06
8990.0,325.93
9000.0,325.76
9010.0,325.63
9020.0,325.5
9030.0,325.45
9040.0,325.44
9050.0,325.62
9060.0,325.66
9070.0,326.09
9080.0,326.2
9090.0,326.46
9100.0,326.67
9110.0,326.75
9120.0,326.87
9130.0,326.96
9140.0,327.03
9150.0,327.08
9160.0,327.14
9170.0,327.16
9180.0,327.2
9190.0,327.33
9200.0,327.43
9210.0,327.57
9220.0,327.69
9230.0,327.76
9240.0,327.85
9250.0,327.72
9260.0,327.38
9270.0,326.93
9280.0,326.58
9290.0,326.58
9300.0,326.55
9310.0,326.45
9320.0,326.46
9330.0,326.56
9340.0,326.79
9350.0,326.81
9360.0,326.78
9370.0,326.81
9380.0,326.95
9390.0,326.88
9400.0,326.92
9410.0,327.15
9420.0,327.36
9430.0,327.58
9440.0,327.68
9450.0,327.61
9460.0,327.57
9470.0,327.51
9480.0,327.46
9490.0,327.46
9500.0,327.6
9510.0,327.58
9520.0,327.74
9530.0,327.86
9540.0,327.86
9550.0,327.91
9560.0,327.91
9570.0,327.84
9580.0,328.07
9590.0,328.33
9600.0,328.42
9610.0,328.25
9620.0,327.98
9630.0,327.94
9640.0,328.39
9650.0,328.61
9660.0,328.53
9670.0,328.27
9680.0,328.37
9690.0,328.46
9700.0,328.66
9710.0,329.0
9720.0,329.2
9730.0,329.3
9740.0,329.37
9750.0,329.37
9760.0,329.33
9770.0,329.27
9780.0,329.12
9790.0,329.1
9800.0,328.97
9810.0,328.89
9820.0,328.87
9830.0,328.74
9840.0,328.7
9850.0,328.59
9860.0,328.56
9870.0,328.59
9880.0,328.65
9890.0,328.61
9900.0,328.33
9910.0,328.34
9920.0,328.38
9930.0,328.27
9940.0,328.23
9950.0,328.42
9960.0,328.58
9970.0,328.72
9980.0,328.74
9990.0,328.73
9993.5,328.72
