ZONE2,plots,landuses,pkg,len_m,chambers,props_direct
5A-1-A,18,2,5A-1,468.5,14,20
5A-1-A1,16,1,5A-1,351.3,11,23
5A-1-A10,6,0,5A-1,29.8,2,33
5A-1-A12,8,1,5A-1,79.8,2,27
5A-1-A14,2,0,5A-1,22.0,1,0
5A-1-A15,4,1,5A-1,29.9,1,16
5A-1-A16,4,0,5A-1,93.9,3,0
5A-1-A17,4,0,5A-1,70.0,3,2
5A-1-A18,2,0,5A-1,24.7,1,1
5A-1-A19,4,1,5A-1,30.0,1,4
5A-1-A2,4,1,5A-1,90.6,4,45
5A-1-A20,25,3,5A-1,303.3,11,58
5A-1-A21,1,0,5A-1,60.0,2,0
5A-1-A22,2,1,5A-1,48.4,3,1
5A-1-A23,4,1,5A-1,164.3,5,1
5A-1-A24,3,1,5A-1,43.3,2,2
5A-1-A26,2,1,5A-1,80.1,3,2
5A-1-A27,1,0,5A-1,160.0,5,0
5A-1-A29,1,0,5A-1,47.5,1,0
5A-1-A3,2,0,5A-1,123.8,4,0
5A-1-A30,1,0,5A-1,77.1,2,3
5A-1-A31,6,1,5A-1,64.8,2,4
5A-1-A32,3,0,5A-1,93.5,4,9
5A-1-A33,6,1,5A-1,147.6,6,4
5A-1-A34,5,1,5A-1,45.2,2,6
5A-1-A35,1,0,5A-1,170.3,5,2
5A-1-A37,1,0,5A-1,104.6,3,1
5A-1-A38,4,0,5A-1,65.0,2,5
5A-1-A39,1,1,5A-1,79.6,2,1
5A-1-A4,5,0,5A-1,74.6,3,9
5A-1-A41,6,0,5A-1,66.6,3,3
5A-1-A42,11,1,5A-1,86.4,3,6
5A-1-A43,4,0,5A-1,50.8,2,2
5A-1-A44,5,0,5A-1,55.7,2,5
5A-1-A45,6,0,5A-1,74.1,3,4
5A-1-A46,2,0,5A-1,26.4,1,2
5A-1-A48,3,0,5A-1,78.0,3,3
5A-1-A49,4,0,5A-1,127.3,4,0
5A-1-A50,1,0,5A-1,37.9,1,1
5A-1-A51,3,0,5A-1,42.3,1,3
5A-1-A52,6,1,5A-1,101.4,4,4
5A-1-A53,1,0,5A-1,22.9,1,0
5A-1-A54,1,0,5A-1,8.1,1,0
5A-1-A55,1,0,5A-1,47.0,2,4
5A-1-A56,5,0,5A-1,48.0,2,4
5A-1-A58,2,0,5A-1,24.3,1,1
5A-1-A59,3,1,5A-1,33.6,1,2
5A-1-A6,1,1,5A-1,33.5,2,35
5A-1-A61,5,0,5A-1,20.7,1,4
5A-1-A62,2,0,5A-1,106.6,3,5
5A-1-A63,5,1,5A-1,59.9,3,2
5A-1-A64,4,1,5A-1,69.0,2,3
5A-1-A65,4,1,5A-1,23.0,1,2
5A-1-A66,44,2,5A-1,350.9,13,23
5A-1-A67,2,1,5A-1,101.5,3,0
5A-1-A68,5,0,5A-1,74.0,2,3
5A-1-A69,2,1,5A-1,96.9,3,0
5A-1-A70,6,0,5A-1,64.9,2,9
5A-1-A71,1,1,5A-1,78.2,3,0
5A-1-A72,5,0,5A-1,63.8,3,5
5A-1-A73,10,1,5A-1,80.0,2,5
5A-1-A74,9,1,5A-1,97.5,4,8
5A-1-A76,12,1,5A-1,189.5,6,12
5A-1-A77,9,1,5A-1,309.8,10,5
5A-1-A78,7,1,5A-1,137.3,4,2
5A-1-A79,11,1,5A-1,255.9,8,13
5A-1-A79.1,6,0,5A-1,100.0,3,7
5A-1-A79.B,6,0,5A-1,94.8,3,2
5A-1-A8,3,1,5A-1,15.5,1,10
5A-1-A80,4,0,5A-1,104.0,4,0
5A-1-A81,12,1,5A-1,212.6,6,8
5A-1-A89,10,0,5A-1,444.8,14,4
5A-1-A9,2,0,5A-1,58.9,2,0
5A-1-A90,80,3,5A-1,1018.0,33,25
5A-1-B100,4,1,5A-1,24.3,1,22
5A-1-B101,9,0,5A-1,144.6,6,40
5A-1-B103,6,1,5A-1,78.9,3,6
5A-1-B104,2,0,5A-1,32.0,1,0
5A-1-B105,1,0,5A-1,107.6,3,0
5A-1-B106,9,0,5A-1,124.4,4,9
5A-1-B106.A,10,0,5A-1,88.5,3,8
5A-1-B106A,1,0,5A-1,19.9,1,0
5A-1-B107,1,0,5A-1,93.7,3,0
5A-1-B108,9,2,5A-1,123.7,3,38
5A-1-B111,4,1,5A-1,105.0,3,12
5A-1-B112,1,0,5A-1,35.2,1,2
5A-1-B113,3,0,5A-1,30.0,1,2
5A-1-B114,2,1,5A-1,20.1,1,1
5A-1-B115,7,0,5A-1,54.6,2,5
5A-1-B116,2,0,5A-1,108.0,3,1
5A-1-B117,7,0,5A-1,84.0,3,7
5A-1-B119,7,0,5A-1,74.1,2,3
5A-1-B12,2,0,5A-1,33.2,1,0
5A-1-B120,3,0,5A-1,107.5,3,3
5A-1-B121,5,0,5A-1,99.5,3,4
5A-1-B122,5,0,5A-1,139.3,5,8
5A-1-B123,6,0,5A-1,57.5,2,5
5A-1-B124,6,0,5A-1,57.2,3,5
5A-1-B125,6,1,5A-1,63.0,2,4
5A-1-B126,11,1,5A-1,143.2,5,10
5A-1-B127,3,0,5A-1,74.6,2,7
5A-1-B128,6,1,5A-1,62.4,2,1
5A-1-B130,8,0,5A-1,181.3,6,37
5A-1-B131,12,0,5A-1,190.4,6,0
5A-1-B132,2,1,5A-1,65.6,2,2
5A-1-B134,6,1,5A-1,96.1,4,12
5A-1-B135,2,0,5A-1,40.0,1,9
5A-1-B136,1,0,5A-1,35.7,1,6
5A-1-B137,3,0,5A-1,22.6,1,2
5A-1-B138,8,0,5A-1,132.7,5,12
5A-1-B140,4,1,5A-1,86.3,3,1
5A-1-B143,3,1,5A-1,107.9,5,14
5A-1-B148,6,0,5A-1,41.3,2,5
5A-1-B150,6,2,5A-1,292.6,8,7
5A-1-B151,7,1,5A-1,137.6,5,7
5A-1-B152,5,1,5A-1,22.1,1,5
5A-1-B153,12,0,5A-1,434.4,15,36
5A-1-B154,1,0,5A-1,37.6,2,0
5A-1-B155,17,1,5A-1,180.3,6,18
5A-1-B156,3,0,5A-1,95.9,4,5
5A-1-B157,8,1,5A-1,158.1,6,8
5A-1-B158,11,2,5A-1,139.5,5,23
5A-1-B159,5,0,5A-1,116.3,4,5
5A-1-B160,1,0,5A-1,41.7,2,0
5A-1-B161,12,1,5A-1,167.2,8,18
5A-1-B162,1,0,5A-1,27.2,1,2
5A-1-B163,1,0,5A-1,42.7,2,5
5A-1-B164,3,0,5A-1,20.9,1,2
5A-1-B165,7,0,5A-1,74.3,3,13
5A-1-B166,9,1,5A-1,113.8,5,32
5A-1-B169,7,0,5A-1,178.0,6,4
5A-1-B170,6,2,5A-1,111.0,4,20
5A-1-B171,6,0,5A-1,81.2,3,3
5A-1-B172,3,1,5A-1,22.2,1,13
5A-1-B173,14,1,5A-1,157.4,6,39
5A-1-B175,3,0,5A-1,82.8,3,4
5A-1-B176,3,0,5A-1,82.5,3,5
5A-1-B177,6,1,5A-1,114.3,5,11
5A-1-B178,1,0,5A-1,47.3,2,0
5A-1-B179,3,2,5A-1,71.0,3,1
5A-1-B180,3,0,5A-1,39.5,1,7
5A-1-B181,1,0,5A-1,27.1,1,2
5A-1-B182,11,1,5A-1,193.9,8,33
5A-1-B183,4,1,5A-1,92.5,4,7
5A-1-B186,1,0,5A-1,118.3,4,4
5A-1-B187,17,2,5A-1,296.4,13,53
5A-1-B189,12,2,5A-1,113.4,5,27
5A-1-B190,1,0,5A-1,104.0,3,0
5A-1-B191,9,1,5A-1,189.8,7,5
5A-1-B192,5,0,5A-1,55.9,2,6
5A-1-B193,2,1,5A-1,79.5,3,0
5A-1-B194,5,0,5A-1,39.2,2,1
5A-1-B195,5,0,5A-1,88.2,4,12
5A-1-B197,1,0,5A-1,55.6,2,1
5A-1-B198,16,0,5A-1,264.2,11,15
5A-1-B20,4,1,5A-1,147.7,4,2
5A-1-B200,7,1,5A-1,144.0,6,54
5A-1-B201,7,0,5A-1,165.4,6,10
5A-1-B202,1,0,5A-1,34.3,1,1
5A-1-B203,8,1,5A-1,68.0,3,2
5A-1-B204,9,1,5A-1,85.9,3,10
5A-1-B205,3,2,5A-1,151.7,5,3
5A-1-B206,5,1,5A-1,152.1,5,11
5A-1-B207,9,0,5A-1,109.0,4,11
5A-1-B208,9,1,5A-1,51.8,2,6
5A-1-B209,35,2,5A-1,816.9,24,18
5A-1-B21,1,0,5A-1,44.1,1,4
5A-1-B210,3,1,5A-1,98.0,3,3
5A-1-B211,5,1,5A-1,71.1,2,6
5A-1-B212,2,0,5A-1,33.0,1,1
5A-1-B213,15,1,5A-1,191.5,8,16
5A-1-B215,6,0,5A-1,51.7,2,4
5A-1-B216,1,1,5A-1,23.7,1,6
5A-1-B218,7,0,5A-1,126.3,4,5
5A-1-B22,8,1,5A-1,176.2,5,7
5A-1-B220,10,1,5A-1,154.2,5,9
5A-1-B221,1,0,5A-1,72.0,2,0
5A-1-B222,6,0,5A-1,291.6,10,44
5A-1-B223,5,0,5A-1,60.8,2,11
5A-1-B225,8,1,5A-1,88.1,3,24
5A-1-B226,8,0,5A-1,98.3,4,4
5A-1-B227,3,0,5A-1,83.7,3,1
5A-1-B228,3,0,5A-1,55.8,2,25
5A-1-B229,1,0,5A-1,58.9,2,0
5A-1-B23,4,1,5A-1,37.6,1,2
5A-1-B230,8,0,5A-1,89.9,3,5
5A-1-B232,17,2,5A-1,213.6,7,67
5A-1-B233,4,0,5A-1,60.0,2,3
5A-1-B234,4,0,5A-1,71.4,3,2
5A-1-B235,14,0,5A-1,153.0,5,22
5A-1-B237,7,0,5A-1,71.0,2,4
5A-1-B238,4,0,5A-1,65.4,2,0
5A-1-B239,5,0,5A-1,42.5,2,4
5A-1-B24,1,0,5A-1,131.1,4,9
5A-1-B240,8,1,5A-1,91.4,4,88
5A-1-B241,2,2,5A-1,89.9,3,0
5A-1-B242,5,1,5A-1,132.5,4,6
5A-1-B243,8,0,5A-1,75.2,2,32
5A-1-B244,19,2,5A-1,342.6,12,6
5A-1-B245,3,0,5A-1,43.9,2,0
5A-1-B246,4,0,5A-1,30.8,1,25
5A-1-B247,5,0,5A-1,64.8,2,6
5A-1-B248,12,0,5A-1,284.8,8,62
5A-1-B25,2,0,5A-1,100.1,3,32
5A-1-B26,6,2,5A-1,267.6,8,0
5A-1-B28,7,0,5A-1,71.6,2,1
5A-1-B29,7,1,5A-1,106.9,3,3
5A-1-B30,3,0,5A-1,29.3,1,4
5A-1-B31,2,0,5A-1,35.7,1,6
5A-1-B32,2,0,5A-1,81.9,3,4
5A-1-B33,1,0,5A-1,67.5,2,4
5A-1-B34,4,1,5A-1,47.7,2,1
5A-1-B35,5,1,5A-1,64.1,2,3
5A-1-B36,3,0,5A-1,187.7,6,2
5A-1-B37,7,1,5A-1,96.0,3,9
5A-1-B38,2,1,5A-1,46.6,2,1
5A-1-B39,1,0,5A-1,37.2,1,1
5A-1-B40,3,0,5A-1,69.3,3,4
5A-1-B41,14,0,5A-1,324.5,11,9
5A-1-B42,2,0,5A-1,89.2,3,6
5A-1-B43,6,2,5A-1,236.3,8,43
5A-1-B44,4,0,5A-1,90.2,4,11
5A-1-B45,4,0,5A-1,101.8,4,8
5A-1-B46,13,3,5A-1,210.6,7,84
5A-1-B47,15,0,5A-1,158.3,7,16
5A-1-B48,5,0,5A-1,83.7,2,11
5A-1-B49,14,0,5A-1,140.8,6,9
5A-1-B50,4,0,5A-1,126.9,5,17
5A-1-B51,13,1,5A-1,153.4,6,43
5A-1-B52,1,0,5A-1,22.5,1,1
5A-1-B53,2,0,5A-1,25.4,1,1
5A-1-B55,1,1,5A-1,63.9,3,6
5A-1-B56,1,0,5A-1,31.9,1,0
5A-1-B58,4,0,5A-1,74.3,2,9
5A-1-B59,23,1,5A-1,290.2,12,35
5A-1-B60,1,0,5A-1,90.8,3,5
5A-1-B61,1,0,5A-1,23.4,1,0
5A-1-B61.A,7,1,5A-1,122.9,5,6
5A-1-B62,2,0,5A-1,53.3,2,1
5A-1-B63,15,1,5A-1,192.4,6,12
5A-1-B64,1,0,5A-1,31.3,1,3
5A-1-B65,3,2,5A-1,55.3,2,5
5A-1-B66,4,1,5A-1,72.0,3,4
5A-1-B67,7,0,5A-1,92.0,4,9
5A-1-B68,10,0,5A-1,118.4,5,7
5A-1-B69,6,0,5A-1,269.5,10,8
5A-1-B71,4,0,5A-1,19.7,1,3
5A-1-B72,5,0,5A-1,136.0,6,7
5A-1-B73,2,1,5A-1,169.6,5,10
5A-1-B74,15,0,5A-1,205.4,7,36
5A-1-B75,1,0,5A-1,22.7,1,0
5A-1-B76,3,0,5A-1,82.4,3,2
5A-1-B77,3,1,5A-1,149.8,4,3
5A-1-B78,1,0,5A-1,52.3,2,1
5A-1-B79,30,0,5A-1,224.3,7,13
5A-1-B80,3,0,5A-1,60.9,2,0
5A-1-B81,21,1,5A-1,123.0,4,14
5A-1-B82,3,0,5A-1,38.0,1,4
5A-1-B83,9,0,5A-1,342.5,10,7
5A-1-B84,1,0,5A-1,25.8,1,1
5A-1-B85,2,0,5A-1,25.0,1,2
5A-1-B86,11,0,5A-1,227.6,8,17
5A-1-B87,7,1,5A-1,169.7,6,6
5A-1-B88,7,1,5A-1,194.5,7,9
5A-1-B89,3,0,5A-1,71.4,3,14
5A-1-B90,5,1,5A-1,96.7,3,2
5A-1-B91,23,2,5A-1,297.0,10,99
5A-1-B92.A,1,0,5A-1,42.8,2,0
5A-1-B92.B,7,0,5A-1,75.1,3,37
5A-1-B93,3,0,5A-1,78.0,3,6
5A-1-B94,9,0,5A-1,144.9,4,9
5A-1-B95,6,0,5A-1,66.7,3,3
5A-1-B96,2,1,5A-1,54.9,2,0
5A-1-B97,10,0,5A-1,120.3,4,5
5A-1-B98,5,1,5A-1,117.3,6,7
5A-1-B99,4,1,5A-1,39.1,1,3
5A-2-19,6,1,5A-2,98.3,4,3
5A-2-20,13,2,5A-2,232.2,8,3
5A-2-21,12,3,5A-2,264.6,9,4
5A-2-22,7,1,5A-2,389.3,15,2
5A-2-23,12,0,5A-2,197.5,7,6
5A-2-24,13,1,5A-2,379.0,14,2
5A-2-25,7,1,5A-2,366.5,13,2
5A-2-30,20,1,5A-2,227.7,6,11
5A-2-31,5,1,5A-2,332.9,13,4
5A-2-32,23,1,5A-2,176.7,6,8
5A-2-33,6,1,5A-2,138.4,4,4
5A-2-35,7,0,5A-2,166.1,5,5
5A-2-36,9,1,5A-2,163.2,5,8
5A-2-37,9,1,5A-2,205.1,7,6
5A-2-38,12,1,5A-2,353.3,11,9
5A-2-40,19,2,5A-2,148.5,5,9
5A-2-41,11,1,5A-2,71.0,2,3
5A-2-43,20,1,5A-2,200.5,7,10
5A-2-44,7,0,5A-2,225.2,8,3
5A-2-46,5,0,5A-2,120.8,4,3
5A-2-47,10,0,5A-2,69.8,3,4
5A-2-48,9,0,5A-2,190.8,8,5
5A-2-49,17,0,5A-2,250.7,9,5
5A-2-50,23,0,5A-2,223.0,9,9
5A-2-51,6,2,5A-2,100.8,4,0
5A-2-52,12,0,5A-2,104.9,4,8
5A-2-53,25,0,5A-2,248.3,8,15
5A-2-54,16,1,5A-2,402.2,14,8
5A-2-55,2,0,5A-2,49.5,2,2
5A-2-56,10,0,5A-2,77.3,3,5
5A-2-57,6,1,5A-2,71.3,3,0
5A-2-58,12,0,5A-2,186.2,7,9
5A-2-59,29,2,5A-2,265.4,8,10
5A-2-60,20,1,5A-2,291.9,10,3
5A-2-61,18,0,5A-2,243.8,8,17
5A-2-62,10,0,5A-2,99.4,5,9
5A-2-63,28,2,5A-2,916.4,27,8
5A-2-64,36,2,5A-2,642.1,24,28
5A-2-65,16,0,5A-2,231.4,8,9
5A-2-66,1,0,5A-2,96.2,3,2
5A-2-67,2,0,5A-2,33.1,1,0
5A-2-70,43,3,5A-2,565.1,18,29
5A-2-71,6,0,5A-2,49.6,2,4
5A-2-72,27,3,5A-2,500.0,17,11
5A-2-73,29,2,5A-2,486.9,13,31
5A-2-74,6,1,5A-2,77.5,2,2
5A-2-75,6,1,5A-2,77.9,2,3
5A-2-76,22,2,5A-2,283.5,9,12
5A-2-78,10,0,5A-2,81.0,2,20
5A-2-79,29,0,5A-2,264.6,10,14
5A-2-80,21,0,5A-2,336.3,11,10
5A-2-81,12,0,5A-2,140.8,4,3
5A-2-82,13,1,5A-2,182.5,7,3
5A-2-83,38,1,5A-2,562.1,20,21
5A-2-84,35,3,5A-2,325.5,11,2
5A-2-86,17,1,5A-2,174.6,7,6
5A-2-87,1,0,5A-2,28.0,1,0
5A-2-88,5,1,5A-2,49.5,2,2
5A-2-89,10,0,5A-2,316.4,14,4
5A-2-90,13,0,5A-2,102.9,4,6
5A-2-91,27,0,5A-2,203.9,8,14
5A-3-1,11,0,5A-3,154.4,5,34
5A-3-10,10,0,5A-3,63.2,2,2
5A-3-11,3,0,5A-3,81.8,3,18
5A-3-12,13,1,5A-3,311.7,11,18
5A-3-13,9,0,5A-3,81.7,3,9
5A-3-14,4,1,5A-3,56.8,2,10
5A-3-15,4,0,5A-3,31.9,1,3
5A-3-16,13,2,5A-3,356.7,12,12
5A-3-17,14,1,5A-3,243.7,10,15
5A-3-18,5,1,5A-3,68.5,3,5
5A-3-2,5,0,5A-3,49.7,2,1
5A-3-26,3,0,5A-3,27.2,1,4
5A-3-3,4,1,5A-3,76.5,3,0
5A-3-4,4,0,5A-3,66.3,2,6
5A-3-5,6,0,5A-3,135.2,6,11
5A-3-6,17,1,5A-3,185.2,8,2
5A-3-7,9,1,5A-3,125.7,4,9
5A-3-8,1,0,5A-3,41.8,2,5
5A-3-9,18,2,5A-3,198.9,7,25
5A-4-100,10,2,5A-4,205.2,8,10
5A-4-101,7,1,5A-4,43.6,2,4
5A-4-102,2,0,5A-4,60.2,2,6
5A-4-103,26,1,5A-4,417.3,16,22
5A-4-104,16,1,5A-4,175.0,7,17
5A-4-105,7,0,5A-4,127.7,5,11
5A-4-106,10,1,5A-4,153.7,7,8
5A-4-107,20,1,5A-4,277.4,12,23
5A-4-108,12,2,5A-4,148.0,6,11
5A-4-110,6,1,5A-4,71.5,3,5
5A-4-111,6,1,5A-4,98.0,4,0
5A-4-112,8,0,5A-4,128.9,6,11
5A-4-113,9,1,5A-4,126.3,5,19
5A-4-92,43,2,5A-4,623.2,20,97
5A-4-93,5,0,5A-4,92.0,3,5
5A-4-94,13,0,5A-4,123.8,4,12
5A-4-95,5,0,5A-4,102.1,3,11
5A-4-96,3,0,5A-4,119.9,4,4
5A-4-97,16,0,5A-4,259.5,9,7
5A-4-98,12,0,5A-4,142.2,4,8
5A-4-99,20,0,5A-4,318.8,12,15
5A-5-10,20,1,5A-5,196.2,6,31
5A-5-100,8,1,5A-5,157.5,5,5
5A-5-101,36,0,5A-5,402.6,13,31
5A-5-102,2,0,5A-5,28.6,1,2
5A-5-103,28,1,5A-5,390.8,14,17
5A-5-104,3,0,5A-5,30.8,1,0
5A-5-105,19,0,5A-5,210.4,7,10
5A-5-106,4,1,5A-5,26.7,1,2
5A-5-107,15,0,5A-5,201.0,6,10
5A-5-108,15,1,5A-5,186.8,7,11
5A-5-109,1,0,5A-5,15.3,1,3
5A-5-11,15,0,5A-5,276.1,8,6
5A-5-110,2,0,5A-5,20.1,1,3
5A-5-111,21,0,5A-5,188.5,6,15
5A-5-112,21,0,5A-5,227.1,8,11
5A-5-113,12,2,5A-5,253.3,8,23
5A-5-114,2,1,5A-5,260.0,7,32
5A-5-115,3,1,5A-5,114.6,3,0
5A-5-116,2,0,5A-5,21.3,1,1
5A-5-118,33,2,5A-5,337.2,11,12
5A-5-119,21,1,5A-5,185.8,6,10
5A-5-12,8,0,5A-5,168.7,6,6
5A-5-125,35,3,5A-5,628.4,22,29
5A-5-126,5,1,5A-5,27.2,1,0
5A-5-127,7,1,5A-5,119.6,6,2
5A-5-128,29,2,5A-5,253.6,7,16
5A-5-129,5,0,5A-5,54.9,2,2
5A-5-13,16,1,5A-5,440.0,16,32
5A-5-130,1,1,5A-5,113.1,4,0
5A-5-131,20,3,5A-5,433.6,14,17
5A-5-132,15,1,5A-5,197.7,6,7
5A-5-133,33,0,5A-5,326.5,11,16
5A-5-134,3,0,5A-5,19.3,1,0
5A-5-135,31,0,5A-5,327.7,11,23
5A-5-136,3,1,5A-5,18.9,1,1
5A-5-137,3,0,5A-5,34.1,1,0
5A-5-138,22,0,5A-5,499.5,17,9
5A-5-139,14,1,5A-5,160.7,6,12
5A-5-14,10,0,5A-5,116.1,3,5
5A-5-140,2,0,5A-5,37.3,1,1
5A-5-141,14,0,5A-5,225.6,8,5
5A-5-142,3,1,5A-5,23.6,1,1
5A-5-143,1,0,5A-5,25.1,1,2
5A-5-144,14,1,5A-5,183.1,7,6
5A-5-145,1,0,5A-5,24.7,1,1
5A-5-146,3,0,5A-5,30.9,1,2
5A-5-147,4,0,5A-5,35.5,1,3
5A-5-148,9,1,5A-5,134.1,4,5
5A-5-149,2,0,5A-5,19.7,1,0
5A-5-15,24,2,5A-5,471.2,17,17
5A-5-150,30,0,5A-5,319.7,11,11
5A-5-151,2,0,5A-5,18.5,1,1
5A-5-152,15,0,5A-5,148.0,5,12
5A-5-153,3,0,5A-5,21.6,1,0
5A-5-154,75,1,5A-5,674.7,22,28
5A-5-155,2,0,5A-5,30.0,1,0
5A-5-156,18,0,5A-5,202.5,7,12
5A-5-157,3,0,5A-5,31.3,1,3
5A-5-158,5,1,5A-5,240.8,9,1
5A-5-159,9,3,5A-5,193.7,5,3
5A-5-16,8,0,5A-5,162.8,6,6
5A-5-160,4,1,5A-5,25.3,1,1
5A-5-161,36,0,5A-5,410.6,14,11
5A-5-162,10,1,5A-5,164.0,5,7
5A-5-163,4,0,5A-5,36.6,1,0
5A-5-164,9,0,5A-5,133.8,4,4
5A-5-165,3,0,5A-5,31.3,1,5
5A-5-166,5,1,5A-5,58.4,2,0
5A-5-167,1,0,5A-5,30.5,1,1
5A-5-168,20,3,5A-5,318.8,9,34
5A-5-169,6,0,5A-5,590.3,18,0
5A-5-17,3,0,5A-5,23.4,1,1
5A-5-171,3,1,5A-5,257.7,9,0
5A-5-18,3,0,5A-5,94.5,3,5
5A-5-180,14,1,5A-5,591.8,18,0
5A-5-181,11,0,5A-5,320.4,11,0
5A-5-182,4,0,5A-5,108.4,4,0
5A-5-19,7,0,5A-5,132.3,4,2
5A-5-20,1,0,5A-5,93.0,3,22
5A-5-21,11,0,5A-5,129.5,5,4
5A-5-22,17,2,5A-5,589.3,21,9
5A-5-24,8,1,5A-5,126.7,5,30
5A-5-25,9,0,5A-5,125.8,5,2
5A-5-26,9,1,5A-5,228.6,7,1
5A-5-27,8,1,5A-5,329.3,11,1
5A-5-28,20,1,5A-5,229.3,7,7
5A-5-29,10,2,5A-5,358.9,12,1
5A-5-30,13,1,5A-5,142.3,4,4
5A-5-31,2,1,5A-5,58.7,2,0
5A-5-32,25,2,5A-5,342.6,13,11
5A-5-33,1,0,5A-5,39.4,1,0
5A-5-34,3,1,5A-5,23.2,1,1
5A-5-35,19,3,5A-5,410.4,15,3
5A-5-36,23,0,5A-5,260.9,9,5
5A-5-37,1,0,5A-5,12.1,1,0
5A-5-38,12,2,5A-5,158.1,6,2
5A-5-39,25,1,5A-5,248.7,8,2
5A-5-40,10,1,5A-5,15.3,1,4
5A-5-41,37,1,5A-5,443.3,15,15
5A-5-42,16,0,5A-5,114.6,3,5
5A-5-43,7,1,5A-5,115.7,4,8
5A-5-44,1,0,5A-5,16.7,1,1
5A-5-45,23,3,5A-5,260.0,10,20
5A-5-46,12,0,5A-5,258.3,8,9
5A-5-47,14,1,5A-5,367.6,13,7
5A-5-48,1,0,5A-5,72.7,3,1
5A-5-49,3,0,5A-5,32.5,1,0
5A-5-50,6,1,5A-5,92.7,4,7
5A-5-51,14,1,5A-5,148.9,5,11
5A-5-52,8,0,5A-5,74.2,2,10
5A-5-57,29,2,5A-5,353.4,11,26
5A-5-58,4,1,5A-5,19.8,1,2
5A-5-59,2,1,5A-5,15.0,1,1
5A-5-6,23,0,5A-5,213.6,8,0
5A-5-60,26,4,5A-5,453.9,13,27
5A-5-61,2,0,5A-5,36.9,1,1
5A-5-62,4,1,5A-5,36.7,1,3
5A-5-63,20,2,5A-5,283.1,9,12
5A-5-64,3,1,5A-5,20.2,1,1
5A-5-65,29,2,5A-5,419.1,15,10
5A-5-66,12,1,5A-5,103.1,4,1
5A-5-68,16,1,5A-5,179.0,6,17
5A-5-69,2,0,5A-5,18.6,1,4
5A-5-7,34,0,5A-5,434.7,16,44
5A-5-70,4,1,5A-5,19.3,1,1
5A-5-71,2,0,5A-5,20.3,1,3
5A-5-72,5,1,5A-5,85.1,3,2
5A-5-73,11,1,5A-5,306.8,9,10
5A-5-74,5,2,5A-5,100.4,3,0
5A-5-75,3,0,5A-5,21.2,1,1
5A-5-76,21,2,5A-5,270.9,8,8
5A-5-77,2,1,5A-5,21.5,1,1
5A-5-78,3,0,5A-5,33.7,1,0
5A-5-79,29,2,5A-5,502.6,17,9
5A-5-8,5,1,5A-5,131.0,4,12
5A-5-80,2,0,5A-5,31.8,1,1
5A-5-81,2,1,5A-5,33.0,1,1
5A-5-82,3,1,5A-5,25.5,1,2
5A-5-83,21,1,5A-5,240.3,7,17
5A-5-84,2,0,5A-5,30.4,1,3
5A-5-85,4,0,5A-5,27.4,1,1
5A-5-86,2,0,5A-5,27.1,1,3
5A-5-87,9,0,5A-5,129.5,5,3
5A-5-89,2,0,5A-5,24.4,1,2
5A-5-9,3,0,5A-5,88.5,3,12
5A-5-90,18,1,5A-5,276.3,9,2
5A-5-91,3,1,5A-5,33.4,1,2
5A-5-92,2,0,5A-5,12.9,1,3
5A-5-93,3,1,5A-5,25.1,1,0
5A-5-94,2,0,5A-5,16.9,1,0
5A-5-95,8,1,5A-5,60.1,2,4
5A-5-96,42,1,5A-5,385.1,13,15
5A-5-97,5,1,5A-5,19.0,1,1
5A-5-98,38,2,5A-5,304.8,11,15
5A-5-99,68,1,5A-5,889.1,28,37
