zone,pkg,tier,pipes,chambers,len_m,median_pipe_m,props_direct,internal_junctions,head_chambers,outlets,simple_path,hull_ha,long_side_m,short_side_m,elongation,props_at_outlet,len_at_outlet_m,pipes_at_outlet,ds_zone,ds_tier,mh_lo,mh_hi,mh_span,has_levels,dia_max,mh_contiguous,chain_to_main
5A-1-A,5A-1,lateral,14,14,468.5,32.5,20,1,2,1,0,1.497,347.8,66.9,5.2,2704,32245.5,1123,5A-1-FL,force_line,1.0,9.0,9.0,0,,0,1
5A-1-A1,5A-1,lateral,11,11,351.3,30.8,23,0,1,1,1,0.406,331.4,21.8,15.2,1625,19333.9,668,5A-1-B248,lateral,1.0,11.0,11.0,0,,1,3
5A-1-A10,5A-1,lateral,2,2,29.8,14.9,33,0,1,1,1,0.011,21.6,10.2,2.11,33,29.8,2,5A-1-A9,lateral,,,,0,,0,8
5A-1-A12,5A-1,lateral,2,2,79.8,39.9,27,0,1,1,1,0.078,61.8,25.3,2.45,27,79.8,2,5A-1-A14,lateral,1.0,1.0,1.0,0,,0,12
5A-1-A13,5A-1,lateral,3,3,110.0,35.0,0,0,1,1,1,0.0,110.0,0.0,,341,7657.2,259,5A-1-A9,lateral,1.0,2.0,2.0,0,,0,8
5A-1-A14,5A-1,lateral,1,1,22.0,22.0,0,0,1,1,1,0.0,,,,27,101.8,3,5A-1-A16,lateral,,,,0,,0,11
5A-1-A15,5A-1,lateral,1,1,29.9,29.9,16,0,1,1,1,0.0,,,,16,29.9,1,5A-1-A17,lateral,,,,0,,0,12
5A-1-A16,5A-1,lateral,3,3,93.9,31.3,0,0,1,1,1,0.078,76.3,20.3,3.75,108,653.5,23,5A-1-A21,lateral,1.0,2.0,2.0,0,,0,10
5A-1-A17,5A-1,lateral,3,3,70.0,24.4,2,0,1,1,1,0.05,50.0,20.0,2.5,18,99.9,4,5A-1-A16,lateral,1.0,2.0,2.0,0,,0,11
5A-1-A18,5A-1,lateral,1,1,24.7,24.7,1,0,1,1,1,0.0,,,,63,358.0,13,5A-1-A16,lateral,,,,0,,0,11
5A-1-A19,5A-1,lateral,1,1,30.0,30.0,4,0,1,1,1,0.0,,,,4,30.0,1,5A-1-A18,lateral,,,,0,,0,12
5A-1-A2,5A-1,lateral,4,4,90.6,21.5,45,0,1,1,1,0.035,86.2,8.2,10.52,45,90.6,4,5A-1-A1,lateral,1.0,3.0,3.0,0,,0,4
5A-1-A20,5A-1,lateral,11,11,303.3,24.2,58,0,1,1,1,0.865,189.3,58.0,3.26,58,303.3,11,5A-1-A18,lateral,1.0,10.0,10.0,0,,0,12
5A-1-A21,5A-1,lateral,2,2,60.0,30.0,0,0,1,1,1,0.0,60.0,0.0,,341,7547.2,256,5A-1-A13,lateral,1.0,1.0,1.0,0,,0,9
5A-1-A22,5A-1,lateral,3,3,48.4,16.3,1,1,2,1,0,0.031,26.3,23.6,1.12,1,48.4,3,5A-1-A21,lateral,1.0,2.0,2.0,0,,0,10
5A-1-A23,5A-1,lateral,5,5,164.3,34.3,1,1,2,1,0,0.207,134.0,29.7,4.51,232,6785.2,228,5A-1-A21,lateral,1.0,3.0,3.0,0,,0,10
5A-1-A24,5A-1,lateral,2,2,43.3,21.7,2,0,1,1,1,0.006,42.9,2.8,15.46,2,43.3,2,5A-1-A23,lateral,2.0,3.0,2.0,0,,1,11
5A-1-A25,5A-1,lateral,2,2,59.8,29.9,0,0,1,1,1,0.0,59.8,0.0,,229,6577.6,221,5A-1-A23,lateral,1.0,1.0,1.0,0,,0,11
5A-1-A26,5A-1,lateral,3,3,80.1,25.1,2,0,1,1,1,0.046,77.0,9.5,8.07,2,80.1,3,5A-1-A25,lateral,1.0,2.0,2.0,0,,0,12
5A-1-A27,5A-1,lateral,5,5,160.0,30.1,0,0,1,1,1,0.071,159.1,7.7,20.61,227,6437.7,216,5A-1-A25,lateral,1.0,4.0,4.0,0,,0,12
5A-1-A28,5A-1,lateral,1,1,17.4,17.4,0,0,1,1,1,0.0,,,,26,493.0,18,5A-1-A27,lateral,,,,0,,0,13
5A-1-A29,5A-1,lateral,1,1,47.5,47.5,0,0,1,1,1,0.0,,,,0,47.5,1,5A-1-A28,lateral,,,,0,,0,14
5A-1-A3,5A-1,lateral,4,4,123.8,30.0,0,0,1,1,1,0.008,123.8,1.1,115.83,429,8108.3,276,5A-1-A1,lateral,1.0,3.0,3.0,0,,0,4
5A-1-A30,5A-1,lateral,2,2,77.1,38.6,3,0,1,1,1,0.017,76.6,4.4,17.59,26,428.2,16,5A-1-A28,lateral,1.0,1.0,1.0,0,,0,14
5A-1-A31,5A-1,lateral,2,2,64.8,32.4,4,0,1,1,1,0.0,64.8,0.0,,4,64.8,2,5A-1-A30,lateral,1.0,1.0,1.0,0,,0,15
5A-1-A32,5A-1,lateral,4,4,93.5,23.1,9,0,1,1,1,0.065,88.7,14.7,6.02,19,286.3,12,5A-1-A30,lateral,1.0,3.0,3.0,0,,0,15
5A-1-A33,5A-1,lateral,6,6,147.6,27.2,4,0,1,1,1,0.221,119.6,26.1,4.58,4,147.6,6,5A-1-A32,lateral,1.0,4.0,4.0,0,,0,16
5A-1-A34,5A-1,lateral,2,2,45.2,22.6,6,0,1,1,1,0.01,41.9,4.7,8.84,6,45.2,2,5A-1-A32,lateral,1.0,1.0,1.0,0,,0,16
5A-1-A35,5A-1,lateral,5,5,170.3,35.0,2,0,1,1,1,0.036,170.1,4.1,41.35,201,5784.7,193,5A-1-A27,lateral,1.0,4.0,4.0,0,,0,13
5A-1-A36,5A-1,lateral,1,1,21.4,21.4,0,0,1,1,1,0.0,,,,91,1939.5,70,5A-1-A35,lateral,,,,0,,0,14
5A-1-A37,5A-1,lateral,3,3,104.6,35.0,1,0,1,1,1,0.001,104.6,0.1,,91,1918.1,69,5A-1-A36,lateral,1.0,2.0,2.0,0,,0,15
5A-1-A38,5A-1,lateral,2,2,65.0,32.5,5,0,1,1,1,0.0,65.0,0.0,,5,65.0,2,5A-1-A37,lateral,1.0,1.0,1.0,0,,0,16
5A-1-A39,5A-1,lateral,2,2,79.6,39.8,1,0,1,1,1,0.078,58.5,26.6,2.2,85,1748.4,64,5A-1-A37,lateral,1.0,1.0,1.0,0,,0,16
5A-1-A4,5A-1,lateral,3,3,74.6,23.2,9,0,1,1,1,0.06,54.6,19.6,2.79,9,74.6,3,5A-1-A3,lateral,1.0,2.0,2.0,0,,0,5
5A-1-A40,5A-1,lateral,1,1,34.9,34.9,0,0,1,1,1,0.0,,,,49,1059.4,40,5A-1-A39,lateral,,,,0,,0,17
5A-1-A41,5A-1,lateral,3,3,66.6,23.9,3,0,1,1,1,0.044,53.8,16.4,3.29,22,360.0,14,5A-1-A40,lateral,1.0,2.0,2.0,0,,0,18
5A-1-A42,5A-1,lateral,3,3,86.4,30.0,6,0,2,2,0,0.148,76.8,38.3,2.01,3,54.6,2,5A-1-A44,lateral,1.0,2.0,2.0,0,,0,4
5A-1-A43,5A-1,lateral,2,2,50.8,25.4,2,0,2,2,0,0.069,58.0,23.7,2.45,16,238.8,9,5A-1-A46,lateral,1.0,1.0,1.0,0,,0,2
5A-1-A44,5A-1,lateral,2,2,55.7,27.9,5,0,1,1,1,0.0,55.7,0.0,,8,87.5,3,5A-1-A43,lateral,1.0,1.0,1.0,0,,0,3
5A-1-A45,5A-1,lateral,3,3,74.1,26.0,4,0,1,1,1,0.069,51.5,21.1,2.45,4,74.1,3,5A-1-A43,lateral,1.0,2.0,2.0,0,,0,3
5A-1-A46,5A-1,lateral,1,1,26.4,26.4,2,0,1,1,1,0.0,,,,16,215.9,8,5A-1-A43,lateral,,,,0,,0,1
5A-1-A47,5A-1,lateral,1,1,9.4,9.4,0,0,1,1,1,0.0,,,,27,664.5,25,5A-1-A40,lateral,,,,0,,0,18
5A-1-A48,5A-1,lateral,3,3,78.0,25.0,3,0,1,1,1,0.066,58.1,22.8,2.55,3,78.0,3,5A-1-A47,lateral,1.0,2.0,2.0,0,,0,19
5A-1-A49,5A-1,lateral,4,4,127.3,30.1,0,0,1,1,1,0.162,114.8,24.5,4.69,24,577.2,21,5A-1-A47,lateral,1.0,3.0,3.0,0,,0,19
5A-1-A5,5A-1,lateral,1,1,45.1,45.1,0,0,1,1,1,0.0,,,,420,7909.9,269,5A-1-A3,lateral,,,,0,,0,5
5A-1-A50,5A-1,lateral,1,1,37.9,37.9,1,0,1,1,1,0.0,,,,8,181.6,6,5A-1-A49,lateral,,,,0,,0,20
5A-1-A51,5A-1,lateral,1,1,42.3,42.3,3,0,1,1,1,0.0,,,,3,42.3,1,5A-1-A50,lateral,,,,0,,0,21
5A-1-A52,5A-1,lateral,4,4,101.4,27.1,4,0,1,1,1,0.102,80.8,22.9,3.52,4,101.4,4,5A-1-A50,lateral,1.0,3.0,3.0,0,,0,21
5A-1-A53,5A-1,lateral,1,1,22.9,22.9,0,0,1,1,1,0.0,,,,8,126.0,6,5A-1-A49,lateral,,,,0,,0,20
5A-1-A54,5A-1,lateral,1,1,8.1,8.1,0,0,1,1,1,0.0,,,,8,103.1,5,5A-1-A53,lateral,,,,0,,0,21
5A-1-A55,5A-1,lateral,2,2,47.0,23.5,4,0,1,1,1,0.028,24.0,23.0,1.04,4,47.0,2,5A-1-A54,lateral,1.0,1.0,1.0,0,,0,22
5A-1-A56,5A-1,lateral,2,2,48.0,24.0,4,0,1,1,1,0.0,48.0,0.0,,4,48.0,2,5A-1-A54,lateral,1.0,1.0,1.0,0,,0,22
5A-1-A57,5A-1,lateral,1,1,21.2,21.2,1,0,1,1,1,0.0,,,,8,99.8,4,5A-1-A60,lateral,,,,0,,0,21
5A-1-A58,5A-1,lateral,1,1,24.3,24.3,1,0,1,1,1,0.0,,,,5,45.0,2,5A-1-A57,lateral,,,,0,,0,22
5A-1-A59,5A-1,lateral,1,1,33.6,33.6,2,0,1,1,1,0.0,,,,2,33.6,1,5A-1-A57,lateral,,,,0,,0,22
5A-1-A6,5A-1,lateral,2,2,33.5,16.7,35,0,1,1,1,0.0,33.5,0.1,,35,33.5,2,5A-1-A5,lateral,1.0,2.0,2.0,0,,1,6
5A-1-A60,5A-1,lateral,1,1,42.5,42.5,0,0,1,1,1,0.0,,,,8,142.2,5,5A-1-A49,lateral,,,,0,,0,20
5A-1-A61,5A-1,lateral,1,1,20.7,20.7,4,0,1,1,1,0.0,,,,4,20.7,1,5A-1-A58,lateral,,,,0,,0,23
5A-1-A62,5A-1,lateral,3,3,106.6,38.6,5,0,1,1,1,0.068,102.4,12.9,7.95,35,609.4,22,5A-1-A39,lateral,1.0,2.0,2.0,0,,0,17
5A-1-A63,5A-1,lateral,3,3,59.9,21.9,2,0,1,1,1,0.035,47.0,15.0,3.14,2,59.9,3,5A-1-A62,lateral,1.0,2.0,2.0,0,,0,18
5A-1-A64,5A-1,lateral,2,2,69.0,34.5,3,0,1,1,1,0.0,69.0,0.0,,28,442.9,16,5A-1-A62,lateral,1.0,1.0,1.0,0,,0,18
5A-1-A65,5A-1,lateral,1,1,23.0,23.0,2,0,1,1,1,0.0,,,,2,23.0,1,5A-1-A64,lateral,,,,0,,0,19
5A-1-A66,5A-1,lateral,13,13,350.9,27.7,23,0,1,1,1,0.963,190.8,71.6,2.66,23,350.9,13,5A-1-A64,lateral,1.0,10.0,10.0,0,,0,19
5A-1-A67,5A-1,lateral,3,3,101.5,33.8,0,0,1,1,1,0.068,96.9,14.0,6.93,108,3674.8,118,5A-1-A35,lateral,1.0,2.0,2.0,0,,0,14
5A-1-A68,5A-1,lateral,2,2,74.0,37.0,3,0,1,1,1,0.015,73.6,4.0,18.62,3,74.0,2,5A-1-A67,lateral,1.0,1.0,1.0,0,,0,15
5A-1-A69,5A-1,lateral,3,3,96.9,30.0,0,0,1,1,1,0.0,96.9,0.0,,105,3499.3,113,5A-1-A67,lateral,1.0,2.0,2.0,0,,0,15
5A-1-A7,5A-1,lateral,2,2,69.8,34.9,1,0,1,1,1,0.006,69.7,1.8,38.98,385,7831.3,266,5A-1-A5,lateral,1.0,1.0,1.0,0,,0,6
5A-1-A70,5A-1,lateral,2,2,64.9,32.5,9,0,1,1,1,0.012,64.5,3.8,17.1,9,64.9,2,5A-1-A69,lateral,1.0,1.0,1.0,0,,0,16
5A-1-A71,5A-1,lateral,3,3,78.2,28.0,0,0,1,1,1,0.007,78.1,1.7,45.22,96,3337.5,108,5A-1-A69,lateral,1.0,2.0,2.0,0,,0,16
5A-1-A72,5A-1,lateral,3,3,63.8,17.8,5,0,1,1,1,0.041,49.9,16.3,3.07,18,241.3,9,5A-1-A71,lateral,1.0,2.0,2.0,0,,0,17
5A-1-A73,5A-1,lateral,2,2,80.0,40.0,5,0,1,1,1,0.0,80.0,0.0,,5,80.0,2,5A-1-A72,lateral,1.0,1.0,1.0,0,,0,18
5A-1-A74,5A-1,lateral,4,4,97.5,24.4,8,0,1,1,1,0.119,69.8,34.0,2.06,8,97.5,4,5A-1-A72,lateral,1.0,3.0,3.0,0,,0,18
5A-1-A75,5A-1,lateral,3,3,106.2,35.1,0,0,1,1,1,0.0,106.2,0.0,,78,3018.0,96,5A-1-A71,lateral,1.0,2.0,2.0,0,,0,17
5A-1-A76,5A-1,lateral,6,6,189.5,32.4,12,0,1,1,1,0.457,114.2,53.6,2.13,12,189.5,6,5A-1-A75,lateral,1.0,5.0,5.0,0,,0,18
5A-1-A77,5A-1,lateral,10,10,309.8,30.0,5,0,1,1,1,0.017,309.7,0.9,,37,1259.6,40,5A-1-A89,lateral,1.0,9.0,9.0,0,,0,20
5A-1-A78,5A-1,lateral,4,4,137.3,34.9,2,0,1,1,1,0.061,134.4,8.9,15.04,24,714.8,23,5A-1-A83,lateral,1.0,3.0,3.0,0,,0,22
5A-1-A79,5A-1,lateral,8,8,255.9,35.5,13,1,2,1,0,0.496,106.8,76.4,1.4,22,473.5,15,5A-1-A78,lateral,1.0,4.0,4.0,0,,0,23
5A-1-A79.1,5A-1,lateral,3,3,100.0,35.0,7,0,1,1,1,0.017,99.8,3.4,29.41,7,100.0,3,5A-1-A79,lateral,,,,0,,0,24
5A-1-A79.B,5A-1,lateral,3,3,94.8,31.0,2,0,1,1,1,0.07,87.1,16.0,5.46,2,94.8,3,5A-1-B79.A,lateral,1.0,2.0,2.0,0,,0,25
5A-1-A8,5A-1,lateral,1,1,15.5,15.5,10,0,1,1,1,0.0,,,,10,15.5,1,5A-1-A7,lateral,,,,0,,0,7
5A-1-A80,5A-1,lateral,4,4,104.0,26.5,0,0,1,1,1,0.074,99.5,14.9,6.67,0,104.0,4,5A-1-A78,lateral,1.0,3.0,3.0,0,,0,23
5A-1-A81,5A-1,lateral,6,6,212.6,35.8,8,0,1,1,1,0.1,203.0,9.4,21.52,8,212.6,6,5A-1-A83,lateral,1.0,5.0,5.0,0,,0,22
5A-1-A83,5A-1,lateral,1,1,22.5,22.5,0,0,1,1,1,0.0,,,,32,949.9,30,5A-1-A77,lateral,,,,0,,0,21
5A-1-A89,5A-1,lateral,14,14,444.8,30.0,4,0,1,1,1,1.401,419.7,66.7,6.29,41,1704.4,54,5A-1-A90,lateral,1.0,13.0,13.0,0,,0,19
5A-1-A9,5A-1,lateral,2,2,58.9,29.5,0,0,1,1,1,0.002,58.9,0.6,,374,7746.0,263,5A-1-A7,lateral,1.0,1.0,1.0,0,,0,7
5A-1-A90,5A-1,lateral,33,33,1018.0,30.0,25,2,3,1,0,1.757,564.6,35.4,15.95,66,2722.4,87,5A-1-A75,lateral,1.0,17.0,17.0,0,,0,18
5A-1-B100,5A-1,lateral,1,1,24.3,24.3,22,0,1,1,1,0.0,,,,22,24.3,1,5A-1-B98,lateral,,,,0,,0,24
5A-1-B101,5A-1,lateral,6,6,144.6,25.6,40,1,2,1,0,0.259,83.6,38.5,2.17,40,144.6,6,5A-1-B97,lateral,1.0,4.0,4.0,0,,0,23
5A-1-B102,5A-1,lateral,1,1,23.5,23.5,0,0,1,1,1,0.0,,,,266,1812.3,68,5A-1-B104,lateral,,,,0,,0,20
5A-1-B103,5A-1,lateral,3,3,78.9,23.8,6,0,1,1,1,0.003,78.8,0.8,,6,78.9,3,5A-1-B102,lateral,1.0,2.0,2.0,0,,0,21
5A-1-B104,5A-1,lateral,1,1,32.0,32.0,0,0,1,1,1,0.0,,,,560,5693.8,206,5A-1-B105,lateral,,,,0,,0,19
5A-1-B105,5A-1,lateral,3,3,107.6,34.8,0,0,1,1,1,0.016,107.4,3.1,34.99,575,5933.1,214,5A-1-B106,lateral,1.0,2.0,2.0,0,,0,18
5A-1-B106,5A-1,lateral,4,4,124.4,32.6,9,0,2,2,0,0.49,187.0,36.9,5.07,577,6034.2,217,5A-1-B107,lateral,1.0,1.0,1.0,0,,0,17
5A-1-B106.A,5A-1,lateral,3,3,88.5,31.6,8,0,1,1,1,0.083,72.0,18.4,3.93,15,131.6,5,5A-1-B105,lateral,1.0,2.0,2.0,0,,0,19
5A-1-B106A,5A-1,lateral,1,1,19.9,19.9,0,0,1,1,1,0.0,,,,7,43.1,2,5A-1-B106.A,lateral,,,,0,,0,20
5A-1-B107,5A-1,lateral,3,3,93.7,26.1,0,0,1,1,1,0.09,82.8,21.7,3.81,615,6251.6,223,5A-1-B109,lateral,1.0,2.0,2.0,0,,0,16
5A-1-B108,5A-1,lateral,3,3,123.7,38.0,38,0,1,1,1,0.002,123.7,0.2,,38,123.7,3,5A-1-B107,lateral,1.0,3.0,3.0,0,,1,17
5A-1-B109,5A-1,lateral,2,2,71.9,36.0,0,0,1,1,1,0.033,69.4,9.5,7.32,734,7887.7,277,5A-1-B221,lateral,1.0,1.0,1.0,0,,0,15
5A-1-B110,5A-1,lateral,1,1,22.5,22.5,0,0,1,1,1,0.0,,,,74,1246.0,42,5A-1-B127,lateral,,,,0,,0,17
5A-1-B111,5A-1,lateral,3,3,105.0,34.9,12,0,1,1,1,0.008,105.0,1.2,87.82,22,244.9,8,5A-1-B110,lateral,1.0,2.0,2.0,0,,0,18
5A-1-B112,5A-1,lateral,1,1,35.2,35.2,2,0,1,1,1,0.0,,,,5,85.3,3,5A-1-B111,lateral,,,,0,,0,19
5A-1-B113,5A-1,lateral,1,1,30.0,30.0,2,0,1,1,1,0.0,,,,2,30.0,1,5A-1-B112,lateral,,,,0,,0,20
5A-1-B114,5A-1,lateral,1,1,20.1,20.1,1,0,1,1,1,0.0,,,,1,20.1,1,5A-1-B112,lateral,,,,0,,0,20
5A-1-B115,5A-1,lateral,2,2,54.6,27.3,5,0,1,1,1,0.032,37.7,17.0,2.22,5,54.6,2,5A-1-B111,lateral,1.0,1.0,1.0,0,,0,19
5A-1-B116,5A-1,lateral,3,3,108.0,35.2,1,0,1,1,1,0.035,107.1,6.4,16.73,52,978.6,33,5A-1-B110,lateral,1.0,2.0,2.0,0,,0,18
5A-1-B117,5A-1,lateral,3,3,84.0,27.5,7,0,1,1,1,0.004,83.9,1.0,80.89,7,84.0,3,5A-1-B116,lateral,1.0,2.0,2.0,0,,0,19
5A-1-B118,5A-1,lateral,2,2,45.2,22.6,2,0,1,1,1,0.005,45.0,2.1,21.08,44,786.6,27,5A-1-B116,lateral,1.0,1.0,1.0,0,,0,19
5A-1-B119,5A-1,lateral,2,2,74.1,37.1,3,0,1,1,1,0.001,74.1,0.2,,3,74.1,2,5A-1-B118,lateral,1.0,1.0,1.0,0,,0,20
5A-1-B12,5A-1,lateral,1,1,33.2,33.2,0,0,1,1,1,0.0,,,,0,33.2,1,5A-1-B20,lateral,5.0,5.0,1.0,0,,1,22
5A-1-B120,5A-1,lateral,3,3,107.5,34.0,3,0,1,1,1,0.0,107.5,0.0,,39,667.3,23,5A-1-B118,lateral,1.0,2.0,2.0,0,,0,20
5A-1-B121,5A-1,lateral,3,3,99.5,34.7,4,0,1,1,1,0.101,71.0,28.4,2.5,4,99.5,3,5A-1-B120,lateral,1.0,2.0,2.0,0,,0,21
5A-1-B122,5A-1,lateral,5,5,139.3,26.3,8,1,2,1,0,0.216,83.4,39.2,2.13,32,460.3,17,5A-1-B120,lateral,1.0,3.0,3.0,0,,0,21
5A-1-B123,5A-1,lateral,2,2,57.5,28.8,5,0,1,1,1,0.0,57.5,0.2,,5,57.5,2,5A-1-B122,lateral,1.0,1.0,1.0,0,,0,22
5A-1-B124,5A-1,lateral,3,3,57.2,23.5,5,0,1,1,1,0.017,53.2,6.5,8.2,19,263.5,10,5A-1-B122,lateral,1.0,1.0,1.0,0,,0,22
5A-1-B125,5A-1,lateral,2,2,63.0,31.5,4,0,1,1,1,0.0,63.0,0.1,,4,63.0,2,5A-1-B124,lateral,1.0,1.0,1.0,0,,0,23
5A-1-B126,5A-1,lateral,5,5,143.2,27.0,10,0,1,1,1,0.257,101.4,50.2,2.02,10,143.2,5,5A-1-B124,lateral,1.0,4.0,4.0,0,,0,23
5A-1-B127,5A-1,lateral,2,2,74.6,37.3,7,0,1,1,1,0.0,74.6,0.0,,82,1383.0,46,5A-1-B109,lateral,1.0,1.0,1.0,0,,0,16
5A-1-B128,5A-1,lateral,2,2,62.4,31.2,1,0,1,1,1,0.0,62.4,0.2,,1,62.4,2,5A-1-B127,lateral,1.0,1.0,1.0,0,,0,17
5A-1-B130,5A-1,lateral,6,6,181.3,30.1,37,0,1,1,1,0.353,146.0,41.0,3.56,37,181.3,6,5A-1-B109,lateral,1.0,5.0,5.0,0,,0,16
5A-1-B131,5A-1,lateral,6,6,190.4,30.0,0,0,1,1,1,0.344,170.7,27.1,6.3,376,4418.2,148,5A-1-B142,lateral,1.0,5.0,5.0,0,,0,17
5A-1-B132,5A-1,lateral,2,2,65.6,32.8,2,0,1,1,1,0.0,65.6,0.1,,80,913.3,32,5A-1-B131,lateral,1.0,1.0,1.0,0,,0,18
5A-1-B134,5A-1,lateral,4,4,96.1,24.1,12,1,2,1,0,0.082,56.0,20.3,2.76,20,154.4,6,5A-1-B132,lateral,1.0,2.0,2.0,0,,0,19
5A-1-B135,5A-1,lateral,1,1,40.0,40.0,9,0,1,1,1,0.0,,,,9,40.0,1,5A-1-B153,lateral,,,,0,,0,20
5A-1-B136,5A-1,lateral,1,1,35.7,35.7,6,0,1,1,1,0.0,,,,6,35.7,1,5A-1-B134,lateral,,,,0,,0,20
5A-1-B137,5A-1,lateral,1,1,22.6,22.6,2,0,1,1,1,0.0,,,,2,22.6,1,5A-1-B134,lateral,,,,0,,0,20
5A-1-B138,5A-1,lateral,5,5,132.7,23.5,12,1,2,1,0,0.165,85.1,26.6,3.21,12,132.7,5,5A-1-B153,lateral,1.0,3.0,3.0,0,,0,20
5A-1-B140,5A-1,lateral,3,3,86.3,30.1,1,0,1,1,1,0.063,78.2,16.2,4.83,1,86.3,3,5A-1-B153,lateral,1.0,2.0,2.0,0,,0,20
5A-1-B142,5A-1,lateral,2,2,71.1,35.6,0,0,1,1,1,0.0,71.1,0.0,,390,4597.2,155,5A-1-B144,lateral,1.0,1.0,1.0,0,,0,16
5A-1-B143,5A-1,lateral,5,5,107.9,21.9,14,1,2,1,0,0.142,67.2,29.6,2.27,14,107.9,5,5A-1-B142,lateral,1.0,3.0,3.0,0,,0,17
5A-1-B144,5A-1,lateral,3,3,77.5,23.5,2,0,1,1,1,0.01,77.3,2.5,30.54,395,4716.4,160,5A-1-B146,lateral,1.0,2.0,2.0,0,,0,15
5A-1-B145,5A-1,lateral,2,2,41.6,20.8,3,0,1,1,1,0.0,41.6,0.1,,3,41.6,2,5A-1-B144,lateral,1.0,2.0,2.0,0,,1,16
5A-1-B146,5A-1,lateral,2,2,64.8,32.4,1,0,1,1,1,0.0,64.8,0.0,,403,4914.6,168,5A-1-B150,lateral,1.0,1.0,1.0,0,,0,14
5A-1-B147,5A-1,lateral,4,4,92.1,23.6,2,0,1,1,1,0.039,89.9,8.2,11.01,7,133.4,6,5A-1-B146,lateral,1.0,4.0,4.0,0,,1,15
5A-1-B148,5A-1,lateral,2,2,41.3,20.7,5,0,1,1,1,0.0,41.3,0.0,,5,41.3,2,5A-1-B147,lateral,1.0,1.0,1.0,0,,0,16
5A-1-B150,5A-1,lateral,8,8,292.6,36.2,7,0,1,1,1,0.003,292.6,0.2,,422,5366.9,182,5A-1-B167,lateral,1.0,7.0,7.0,0,,0,13
5A-1-B151,5A-1,lateral,5,5,137.6,27.1,7,0,1,1,1,0.185,111.0,31.4,3.53,12,159.7,6,5A-1-B150,lateral,1.0,2.0,2.0,0,,0,14
5A-1-B152,5A-1,lateral,1,1,22.1,22.1,5,0,1,1,1,0.0,,,,5,22.1,1,5A-1-B151,lateral,,,,0,,0,15
5A-1-B153,5A-1,lateral,15,15,434.4,30.2,36,1,2,1,0,1.677,260.9,86.5,3.01,58,693.3,24,5A-1-B132,lateral,1.0,12.0,12.0,0,,0,19
5A-1-B154,5A-1,lateral,2,2,37.6,18.8,0,0,1,1,1,0.0,37.6,0.0,,23,313.8,12,5A-1-B157,lateral,1.0,1.0,1.0,0,,0,15
5A-1-B155,5A-1,lateral,6,6,180.3,30.6,18,1,2,1,0,0.382,120.2,46.2,2.6,18,180.3,6,5A-1-B154,lateral,1.0,4.0,4.0,0,,0,16
5A-1-B156,5A-1,lateral,4,4,95.9,21.3,5,1,2,1,0,0.08,56.2,20.5,2.74,5,95.9,4,5A-1-B154,lateral,1.0,1.0,1.0,0,,0,16
5A-1-B157,5A-1,lateral,6,6,158.1,23.3,8,1,2,1,0,0.237,99.9,40.7,2.46,54,611.4,23,5A-1-B159,lateral,1.0,3.0,3.0,0,,0,14
5A-1-B158,5A-1,lateral,5,5,139.5,27.5,23,1,2,1,0,0.167,115.0,29.0,3.97,23,139.5,5,5A-1-B157,lateral,1.0,3.0,3.0,0,,0,15
5A-1-B159,5A-1,lateral,4,4,116.3,26.8,5,0,1,1,1,0.156,89.3,25.4,3.52,131,1215.6,49,5A-1-B167,lateral,1.0,2.0,2.0,0,,0,13
5A-1-B160,5A-1,lateral,2,2,41.7,20.8,0,0,1,1,1,0.021,22.9,18.7,1.22,72,487.8,22,5A-1-B159,lateral,1.0,1.0,1.0,0,,0,14
5A-1-B161,5A-1,lateral,8,8,167.2,21.1,18,1,2,1,0,0.306,116.1,35.8,3.24,23,209.9,10,5A-1-B160,lateral,1.0,5.0,5.0,0,,0,15
5A-1-B162,5A-1,lateral,1,1,27.2,27.2,2,0,1,1,1,0.0,,,,49,236.2,10,5A-1-B160,lateral,,,,0,,0,15
5A-1-B163,5A-1,lateral,2,2,42.7,21.3,5,0,2,2,0,0.043,22.1,20.7,1.07,4,22.1,1,5A-1-B161,lateral,1.0,1.0,1.0,0,,0,16
5A-1-B164,5A-1,lateral,1,1,20.9,20.9,2,0,1,1,1,0.0,,,,47,209.0,9,5A-1-B162,lateral,,,,0,,0,16
5A-1-B165,5A-1,lateral,3,3,74.3,26.1,13,0,1,1,1,0.063,53.1,18.5,2.88,13,74.3,3,5A-1-B164,lateral,1.0,2.0,2.0,0,,0,17
5A-1-B166,5A-1,lateral,5,5,113.8,20.6,32,0,1,1,1,0.158,51.5,39.9,1.29,32,113.8,5,5A-1-B164,lateral,1.0,4.0,4.0,0,,0,17
5A-1-B167,5A-1,lateral,2,2,47.6,23.8,0,0,1,1,1,0.0,47.6,0.0,,632,7179.9,253,5A-1-B168,lateral,1.0,1.0,1.0,0,,0,12
5A-1-B168,5A-1,lateral,3,3,106.3,35.8,0,0,1,1,1,0.0,106.3,0.0,,632,7286.2,256,5A-1-B174,lateral,1.0,2.0,2.0,0,,0,11
5A-1-B169,5A-1,lateral,6,6,178.0,29.9,4,0,1,1,1,0.295,137.6,37.6,3.66,79,549.8,20,5A-1-B167,lateral,1.0,5.0,5.0,0,,0,13
5A-1-B170,5A-1,lateral,4,4,111.0,27.1,20,0,1,1,1,0.153,78.5,38.9,2.02,20,111.0,4,5A-1-B169,lateral,1.0,3.0,3.0,0,,0,14
5A-1-B171,5A-1,lateral,3,3,81.2,30.7,3,0,1,1,1,0.06,62.4,16.7,3.74,55,260.8,10,5A-1-B169,lateral,1.0,2.0,2.0,0,,0,14
5A-1-B172,5A-1,lateral,1,1,22.2,22.2,13,0,1,1,1,0.0,,,,13,22.2,1,5A-1-B171,lateral,1.0,1.0,1.0,0,,1,15
5A-1-B173,5A-1,lateral,6,6,157.4,25.6,39,0,1,1,1,0.198,131.0,29.5,4.44,39,157.4,6,5A-1-B171,lateral,1.0,4.0,4.0,0,,0,15
5A-1-B174,5A-1,lateral,3,3,91.4,33.8,0,0,1,1,1,0.0,91.4,0.0,,702,8081.2,287,5A-1-B178,lateral,1.0,2.0,2.0,0,,0,10
5A-1-B175,5A-1,lateral,3,3,82.8,28.6,4,0,1,1,1,0.068,65.4,20.8,3.14,20,279.6,11,5A-1-B174,lateral,1.0,1.0,1.0,0,,0,11
5A-1-B176,5A-1,lateral,3,3,82.5,25.0,5,0,1,1,1,0.001,82.5,0.2,,5,82.5,3,5A-1-B175,lateral,1.0,1.0,1.0,0,,0,12
5A-1-B177,5A-1,lateral,5,5,114.3,24.2,11,1,2,1,0,0.147,80.0,36.9,2.17,11,114.3,5,5A-1-B175,lateral,1.0,2.0,2.0,0,,0,12
5A-1-B178,5A-1,lateral,2,2,47.3,23.6,0,0,1,1,1,0.0,47.3,0.0,,702,8128.5,289,5A-1-B184,lateral,1.0,1.0,1.0,0,,0,9
5A-1-B179,5A-1,lateral,3,3,71.0,23.5,1,1,2,1,0,0.056,47.5,23.5,2.02,50,424.1,17,5A-1-B174,lateral,1.0,1.0,1.0,0,,0,11
5A-1-B180,5A-1,lateral,1,1,39.5,39.5,7,0,1,1,1,0.0,,,,7,39.5,1,5A-1-B179,lateral,,,,0,,0,12
5A-1-B181,5A-1,lateral,1,1,27.1,27.1,2,0,1,1,1,0.0,,,,42,313.6,13,5A-1-B179,lateral,,,,0,,0,12
5A-1-B182,5A-1,lateral,8,8,193.9,23.4,33,1,2,1,0,0.345,125.9,44.4,2.84,33,193.9,8,5A-1-B181,lateral,1.0,5.0,5.0,0,,0,13
5A-1-B183,5A-1,lateral,4,4,92.5,22.5,7,1,2,1,0,0.079,47.9,22.7,2.11,7,92.5,4,5A-1-B181,lateral,1.0,2.0,2.0,0,,0,13
5A-1-B184,5A-1,lateral,3,3,79.1,29.0,0,0,1,1,1,0.019,78.2,4.8,16.43,702,8242.8,293,5A-1-B186,lateral,1.0,2.0,2.0,0,,0,8
5A-1-B185,5A-1,lateral,1,1,35.2,35.2,0,0,1,1,1,0.0,,,,0,35.2,1,5A-1-B184,lateral,,,,0,,0,9
5A-1-B186,5A-1,lateral,4,4,118.3,30.0,4,0,1,1,1,0.067,115.0,11.7,9.86,759,8657.4,310,5A-1-B188,lateral,1.0,3.0,3.0,0,,0,7
5A-1-B187,5A-1,lateral,13,13,296.4,21.1,53,4,5,1,0,0.599,219.0,42.4,5.16,53,296.4,13,5A-1-B186,lateral,1.0,7.0,7.0,0,,0,8
5A-1-B188,5A-1,lateral,3,3,85.7,31.0,1,0,1,1,1,0.018,85.0,4.3,19.8,787,8856.5,318,5A-1-B190,lateral,1.0,2.0,2.0,0,,0,6
5A-1-B189,5A-1,lateral,5,5,113.4,23.9,27,0,1,1,1,0.129,83.1,24.3,3.42,27,113.4,5,5A-1-B188,lateral,1.0,4.0,4.0,0,,0,7
5A-1-B190,5A-1,lateral,3,3,104.0,35.0,0,0,1,1,1,0.0,104.0,0.0,,891,10032.1,364,5A-1-B196,lateral,1.0,2.0,2.0,0,,0,5
5A-1-B191,5A-1,lateral,7,7,189.8,29.3,5,2,3,1,0,0.323,140.6,37.3,3.77,104,1071.6,43,5A-1-B190,lateral,1.0,4.0,4.0,0,,0,6
5A-1-B192,5A-1,lateral,2,2,55.9,28.0,6,0,1,1,1,0.039,31.0,24.9,1.24,6,55.9,2,5A-1-B191,lateral,1.0,1.0,1.0,0,,0,7
5A-1-B193,5A-1,lateral,3,3,79.5,33.6,0,0,1,1,1,0.041,68.6,12.0,5.74,13,206.9,9,5A-1-B191,lateral,1.0,2.0,2.0,0,,0,7
5A-1-B194,5A-1,lateral,2,2,39.2,19.6,1,0,1,1,1,0.019,30.1,12.6,2.39,1,39.2,2,5A-1-B193,lateral,1.0,1.0,1.0,0,,0,8
5A-1-B195,5A-1,lateral,4,4,88.2,22.5,12,0,1,1,1,0.092,63.9,19.6,3.25,12,88.2,4,5A-1-B193,lateral,1.0,3.0,3.0,0,,0,8
5A-1-B196,5A-1,lateral,3,3,105.6,33.0,0,0,1,1,1,0.001,105.6,0.1,,904,10336.3,374,5A-1-B205,lateral,1.0,2.0,2.0,0,,0,4
5A-1-B197,5A-1,lateral,2,2,55.6,27.8,1,0,1,1,1,0.0,55.6,0.2,,13,198.5,7,5A-1-B196,lateral,1.0,1.0,1.0,0,,0,5
5A-1-B198,5A-1,lateral,11,11,264.2,23.0,15,3,6,2,0,0.726,174.3,58.2,3.0,80,618.9,25,5A-1-B197,lateral,1.0,6.0,6.0,0,,0,6
5A-1-B20,5A-1,lateral,4,4,147.7,37.0,2,0,1,1,1,0.195,135.6,28.7,4.72,15,438.8,12,5A-1-B24,lateral,1.0,3.0,3.0,0,,0,21
5A-1-B200,5A-1,lateral,6,6,144.0,23.5,54,0,1,1,1,0.227,107.6,28.3,3.8,54,144.0,6,5A-1-B198,lateral,1.0,3.0,3.0,0,,0,7
5A-1-B201,5A-1,lateral,6,6,165.4,26.2,10,1,2,1,0,0.372,92.8,66.2,1.4,10,165.4,6,5A-1-B198,lateral,1.0,4.0,4.0,0,,0,7
5A-1-B202,5A-1,lateral,1,1,34.3,34.3,1,0,1,1,1,0.0,,,,11,120.2,4,5A-1-B197,lateral,,,,0,,0,6
5A-1-B203,5A-1,lateral,3,3,68.0,21.8,2,0,1,1,1,0.047,55.1,17.0,3.24,2,68.0,3,5A-1-B198,lateral,1.0,2.0,2.0,0,,0,7
5A-1-B204,5A-1,lateral,3,3,85.9,28.2,10,1,2,1,0,0.083,57.7,28.6,2.02,10,85.9,3,5A-1-B202,lateral,1.0,1.0,1.0,0,,0,7
5A-1-B205,5A-1,lateral,5,5,151.7,30.7,3,0,1,1,1,0.005,151.7,0.7,,935,10800.9,390,5A-1-B209,lateral,1.0,4.0,4.0,0,,0,3
5A-1-B206,5A-1,lateral,5,5,152.1,32.6,11,1,2,1,0,0.266,79.8,66.8,1.2,28,313.0,11,5A-1-B205,lateral,1.0,3.0,3.0,0,,0,4
5A-1-B207,5A-1,lateral,4,4,109.0,28.1,11,0,1,1,1,0.002,109.0,0.3,,11,109.0,4,5A-1-B206,lateral,1.0,3.0,3.0,0,,0,5
5A-1-B208,5A-1,lateral,2,2,51.8,25.9,6,0,1,1,1,0.033,40.3,16.2,2.49,6,51.8,2,5A-1-B206,lateral,1.0,1.0,1.0,0,,0,5
5A-1-B209,5A-1,lateral,24,24,816.9,35.0,18,0,1,1,1,0.724,814.9,16.2,50.21,997,12158.3,433,5A-1-A,lateral,1.0,23.0,23.0,0,,0,2
5A-1-B21,5A-1,lateral,1,1,44.1,44.1,4,0,1,1,1,0.0,,,,13,258.0,7,5A-1-B20,lateral,1.0,1.0,1.0,0,,1,22
5A-1-B210,5A-1,lateral,3,3,98.0,38.4,3,0,1,1,1,0.08,81.0,19.7,4.12,44,540.5,19,5A-1-B209,lateral,1.0,1.0,1.0,0,,0,3
5A-1-B211,5A-1,lateral,2,2,71.1,35.5,6,0,1,1,1,0.0,71.1,0.0,,6,71.1,2,5A-1-B210,lateral,1.0,1.0,1.0,0,,0,4
5A-1-B212,5A-1,lateral,1,1,33.0,33.0,1,0,1,1,1,0.0,,,,35,371.4,14,5A-1-B210,lateral,,,,0,,0,4
5A-1-B213,5A-1,lateral,8,8,191.5,26.1,16,1,2,1,0,0.238,103.7,36.4,2.85,16,191.5,8,5A-1-B212,lateral,1.0,5.0,5.0,0,,0,5
5A-1-B214,5A-1,lateral,2,2,71.5,35.8,8,0,1,1,1,0.007,71.4,1.9,37.94,18,147.0,5,5A-1-B212,lateral,1.0,1.0,1.0,0,,0,5
5A-1-B215,5A-1,lateral,2,2,51.7,25.9,4,0,1,1,1,0.033,29.5,22.3,1.32,4,51.7,2,5A-1-B214,lateral,2.0,3.0,2.0,0,,1,6
5A-1-B216,5A-1,lateral,1,1,23.7,23.7,6,0,1,1,1,0.0,,,,6,23.7,1,5A-1-B214,lateral,,,,0,,0,6
5A-1-B217,5A-1,lateral,1,1,24.5,24.5,1,0,1,1,1,0.0,,,,832,8875.7,311,5A-1-B227,lateral,,,,0,,0,12
5A-1-B218,5A-1,lateral,4,4,126.3,29.3,5,0,1,1,1,0.141,101.3,24.7,4.09,5,126.3,4,5A-1-B217,lateral,1.0,3.0,3.0,0,,0,13
5A-1-B219,5A-1,lateral,1,1,13.4,13.4,0,0,1,1,1,0.0,,,,826,8725.0,306,5A-1-B217,lateral,,,,0,,0,13
5A-1-B22,5A-1,lateral,5,5,176.2,35.0,7,0,1,1,1,0.179,167.5,19.4,8.63,7,176.2,5,5A-1-B21,lateral,1.0,1.0,1.0,0,,0,23
5A-1-B220,5A-1,lateral,5,5,154.2,31.9,9,1,2,1,0,0.219,85.9,37.6,2.29,9,154.2,5,5A-1-B219,lateral,1.0,3.0,3.0,0,,0,14
5A-1-B221,5A-1,lateral,2,2,72.0,36.0,0,0,1,1,1,0.001,72.0,0.2,,817,8557.4,300,5A-1-B219,lateral,1.0,1.0,1.0,0,,0,14
5A-1-B222,5A-1,lateral,10,10,291.6,33.6,44,1,2,1,0,0.59,251.5,43.4,5.8,83,597.7,21,5A-1-B221,lateral,1.0,7.0,7.0,0,,0,15
5A-1-B223,5A-1,lateral,2,2,60.8,30.4,11,0,1,1,1,0.002,60.8,0.5,,11,60.8,2,5A-1-B222,lateral,1.0,1.0,1.0,0,,0,16
5A-1-B224,5A-1,lateral,2,2,58.9,29.4,0,0,1,1,1,0.001,58.9,0.2,,28,245.3,9,5A-1-B222,lateral,1.0,1.0,1.0,0,,0,16
5A-1-B225,5A-1,lateral,3,3,88.1,29.2,24,0,1,1,1,0.004,88.1,0.9,,24,88.1,3,5A-1-B224,lateral,1.0,2.0,2.0,0,,0,17
5A-1-B226,5A-1,lateral,4,4,98.3,24.5,4,0,1,1,1,0.119,68.4,34.9,1.96,4,98.3,4,5A-1-B224,lateral,1.0,3.0,3.0,0,,0,17
5A-1-B227,5A-1,lateral,3,3,83.7,27.7,1,0,1,1,1,0.001,83.7,0.1,,858,9015.2,316,5A-1-B229,lateral,1.0,2.0,2.0,0,,0,11
5A-1-B228,5A-1,lateral,2,2,55.8,27.9,25,0,1,1,1,0.0,55.8,0.1,,25,55.8,2,5A-1-B227,lateral,1.0,1.0,1.0,0,,0,12
5A-1-B229,5A-1,lateral,2,2,58.9,29.5,0,0,1,1,1,0.0,58.9,0.0,,863,9164.0,321,5A-1-B231,lateral,1.0,1.0,1.0,0,,0,10
5A-1-B23,5A-1,lateral,1,1,37.6,37.6,2,0,1,1,1,0.0,,,,2,37.6,1,5A-1-B21,lateral,1.0,1.0,1.0,0,,1,23
5A-1-B230,5A-1,lateral,3,3,89.9,30.0,5,0,1,1,1,0.001,89.9,0.2,,5,89.9,3,5A-1-B229,lateral,3.0,5.0,3.0,0,,1,11
5A-1-B231,5A-1,lateral,2,2,64.6,32.3,0,0,1,1,1,0.0,64.6,0.0,,933,9502.3,332,5A-1-B234,lateral,1.0,1.0,1.0,0,,0,9
5A-1-B232,5A-1,lateral,7,7,213.6,33.3,67,0,1,1,1,0.448,159.3,42.5,3.75,67,213.6,7,5A-1-B231,lateral,1.0,6.0,6.0,0,,0,10
5A-1-B233,5A-1,lateral,2,2,60.0,30.0,3,0,1,1,1,0.0,60.0,0.0,,3,60.0,2,5A-1-B231,lateral,1.0,1.0,1.0,0,,0,10
5A-1-B234,5A-1,lateral,3,3,71.4,25.0,2,0,1,1,1,0.012,71.0,3.5,20.54,957,9726.7,340,5A-1-B236,lateral,1.0,2.0,2.0,0,,0,8
5A-1-B235,5A-1,lateral,5,5,153.0,32.4,22,0,1,1,1,0.149,132.1,21.3,6.22,22,153.0,5,5A-1-B234,lateral,1.0,4.0,4.0,0,,0,9
5A-1-B236,5A-1,lateral,1,1,7.1,7.1,0,0,1,1,1,0.0,,,,961,9804.8,343,5A-1-B241,lateral,,,,0,,0,7
5A-1-B237,5A-1,lateral,2,2,71.0,35.5,4,0,1,1,1,0.0,71.0,0.0,,4,71.0,2,5A-1-B236,lateral,1.0,1.0,1.0,0,,0,8
5A-1-B238,5A-1,lateral,2,2,65.4,32.7,0,0,1,1,1,0.018,64.5,5.5,11.65,92,199.3,8,5A-1-B241,lateral,1.0,1.0,1.0,0,,0,7
5A-1-B239,5A-1,lateral,2,2,42.5,21.2,4,0,1,1,1,0.0,42.5,0.1,,4,42.5,2,5A-1-B238,lateral,1.0,1.0,1.0,0,,0,8
5A-1-B24,5A-1,lateral,4,4,131.1,32.0,9,0,1,1,1,0.017,131.0,2.6,50.8,76,1835.9,58,5A-1-B25,lateral,1.0,3.0,3.0,0,,0,20
5A-1-B240,5A-1,lateral,4,4,91.4,23.4,88,0,1,1,1,0.08,74.1,21.3,3.47,88,91.4,4,5A-1-B238,lateral,1.0,3.0,3.0,0,,0,8
5A-1-B241,5A-1,lateral,3,3,89.9,28.5,0,0,1,1,1,0.0,89.9,0.0,,1053,10094.0,354,5A-1-B242,lateral,1.0,2.0,2.0,0,,0,6
5A-1-B242,5A-1,lateral,4,4,132.5,35.6,6,0,1,1,1,0.082,130.1,12.3,10.55,1091,10301.6,360,5A-1-B244,lateral,1.0,3.0,3.0,0,,0,5
5A-1-B243,5A-1,lateral,2,2,75.2,37.6,32,0,1,1,1,0.061,64.9,18.9,3.43,32,75.2,2,5A-1-B242,lateral,1.0,1.0,1.0,0,,0,6
5A-1-B244,5A-1,lateral,12,12,342.6,30.0,6,0,1,1,1,1.266,274.6,80.1,3.43,1128,10783.7,377,5A-1-A1,lateral,1.0,11.0,11.0,0,,0,4
5A-1-B245,5A-1,lateral,2,2,43.9,22.0,0,0,1,1,1,0.001,43.9,0.5,,31,139.5,5,5A-1-B244,lateral,1.0,1.0,1.0,0,,0,5
5A-1-B246,5A-1,lateral,1,1,30.8,30.8,25,0,1,1,1,0.0,,,,25,30.8,1,5A-1-B245,lateral,,,,0,,0,6
5A-1-B247,5A-1,lateral,2,2,64.8,32.4,6,0,1,1,1,0.052,35.4,29.4,1.2,6,64.8,2,5A-1-B245,lateral,1.0,1.0,1.0,0,,0,6
5A-1-B248,5A-1,lateral,8,8,284.8,35.0,62,0,1,1,1,0.007,284.8,0.4,,1687,19618.7,676,5A-1-A,lateral,1.0,7.0,7.0,0,,0,2
5A-1-B25,5A-1,lateral,3,3,100.1,33.1,32,0,1,1,1,0.0,100.1,0.0,,108,2203.6,69,5A-1-B42,lateral,1.0,2.0,2.0,0,,0,19
5A-1-B26,5A-1,lateral,8,8,267.6,31.7,0,0,1,1,1,0.777,207.2,75.0,2.76,0,267.6,8,5A-1-B25,lateral,1.0,7.0,7.0,0,,0,20
5A-1-B28,5A-1,lateral,2,2,71.6,35.8,1,0,1,1,1,0.008,71.4,2.4,30.07,52,1265.9,42,5A-1-B24,lateral,1.0,1.0,1.0,0,,0,21
5A-1-B29,5A-1,lateral,3,3,106.9,35.7,3,0,1,1,1,0.001,106.9,0.1,,13,171.8,5,5A-1-B28,lateral,1.0,2.0,2.0,0,,0,22
5A-1-B30,5A-1,lateral,1,1,29.3,29.3,4,0,1,1,1,0.0,,,,4,29.3,1,5A-1-B29,lateral,,,,0,,0,23
5A-1-B31,5A-1,lateral,1,1,35.7,35.7,6,0,1,1,1,0.0,,,,6,35.7,1,5A-1-B29,lateral,,,,0,,0,23
5A-1-B32,5A-1,lateral,3,3,81.9,21.6,4,0,1,1,1,0.079,66.7,23.7,2.81,38,1022.6,35,5A-1-B28,lateral,1.0,3.0,3.0,0,,1,22
5A-1-B33,5A-1,lateral,2,2,67.5,33.7,4,0,1,1,1,0.002,67.5,0.5,,8,179.3,6,5A-1-B32,lateral,1.0,1.0,1.0,0,,0,23
5A-1-B34,5A-1,lateral,2,2,47.7,23.9,1,0,1,1,1,0.027,28.9,18.8,1.54,1,47.7,2,5A-1-B33,lateral,1.0,1.0,1.0,0,,0,24
5A-1-B35,5A-1,lateral,2,2,64.1,32.1,3,0,1,1,1,0.05,49.5,20.4,2.43,3,64.1,2,5A-1-B33,lateral,1.0,1.0,1.0,0,,0,24
5A-1-B36,5A-1,lateral,6,6,187.7,27.4,2,0,1,1,1,0.405,155.9,51.8,3.01,26,761.4,26,5A-1-B32,lateral,1.0,4.0,4.0,0,,0,23
5A-1-B37,5A-1,lateral,3,3,96.0,34.9,9,0,1,1,1,0.001,96.0,0.3,,9,96.0,3,5A-1-B36,lateral,1.0,2.0,2.0,0,,0,24
5A-1-B38,5A-1,lateral,2,2,46.6,23.3,1,0,1,1,1,0.0,46.6,0.2,,6,153.1,6,5A-1-B36,lateral,1.0,1.0,1.0,0,,0,24
5A-1-B39,5A-1,lateral,1,1,37.2,37.2,1,0,1,1,1,0.0,,,,1,37.2,1,5A-1-B38,lateral,,,,0,,0,25
5A-1-B40,5A-1,lateral,3,3,69.3,22.5,4,0,1,1,1,0.052,52.5,19.8,2.65,4,69.3,3,5A-1-B38,lateral,2.0,4.0,3.0,0,,1,25
5A-1-B41,5A-1,lateral,11,11,324.5,30.0,9,1,2,1,0,0.726,216.7,56.6,3.83,9,324.5,11,5A-1-B36,lateral,1.0,3.0,3.0,0,,0,24
5A-1-B42,5A-1,lateral,3,3,89.2,28.6,6,0,1,1,1,0.0,89.2,0.1,,296,3314.6,110,5A-1-B131,lateral,1.0,2.0,2.0,0,,0,18
5A-1-B43,5A-1,lateral,8,8,236.3,30.7,43,1,2,1,0,0.462,159.0,36.5,4.35,182,1021.8,38,5A-1-B42,lateral,1.0,6.0,6.0,0,,0,19
5A-1-B44,5A-1,lateral,4,4,90.2,22.2,11,0,1,1,1,0.078,69.7,20.4,3.41,55,574.9,23,5A-1-B43,lateral,1.0,3.0,3.0,0,,0,20
5A-1-B45,5A-1,lateral,4,4,101.8,24.2,8,1,2,1,0,0.091,54.9,24.8,2.21,28,326.4,12,5A-1-B44,lateral,1.0,2.0,2.0,0,,0,21
5A-1-B46,5A-1,lateral,7,7,210.6,26.4,84,0,1,1,1,0.022,210.4,2.1,98.38,84,210.6,7,5A-1-B43,lateral,1.0,5.0,5.0,0,,0,20
5A-1-B47,5A-1,lateral,7,7,158.3,23.2,16,0,1,1,1,0.01,158.3,1.0,151.14,16,158.3,7,5A-1-B44,lateral,1.0,6.0,6.0,0,,0,21
5A-1-B48,5A-1,lateral,2,2,83.7,41.9,11,0,1,1,1,0.0,83.7,0.1,,11,83.7,2,5A-1-B45,lateral,1.0,1.0,1.0,0,,0,22
5A-1-B49,5A-1,lateral,6,6,140.8,23.3,9,2,3,1,0,0.216,73.2,32.7,2.24,9,140.8,6,5A-1-B45,lateral,1.0,2.0,2.0,0,,0,22
5A-1-B50,5A-1,lateral,5,5,126.9,22.4,17,1,2,1,0,0.114,105.3,21.6,4.89,74,520.5,19,5A-1-B55,lateral,1.0,3.0,3.0,0,,0,26
5A-1-B51,5A-1,lateral,6,6,153.4,22.5,43,1,2,1,0,0.29,93.3,40.7,2.29,43,153.4,6,5A-1-B50,lateral,1.0,3.0,3.0,0,,0,27
5A-1-B52,5A-1,lateral,1,1,22.5,22.5,1,0,1,1,1,0.0,,,,1,22.5,1,5A-1-B53,lateral,,,,0,,0,29
5A-1-B53,5A-1,lateral,1,1,25.4,25.4,1,0,1,1,1,0.0,,,,2,47.9,2,5A-1-B63,lateral,,,,0,,0,28
5A-1-B55,5A-1,lateral,3,3,63.9,24.8,6,0,1,1,1,0.026,59.2,8.8,6.71,135,1376.4,52,5A-1-B69,lateral,1.0,2.0,2.0,0,,0,25
5A-1-B56,5A-1,lateral,1,1,31.9,31.9,0,0,1,1,1,0.0,,,,55,792.0,30,5A-1-B55,lateral,,,,0,,0,26
5A-1-B58,5A-1,lateral,2,2,74.3,37.1,9,0,1,1,1,0.069,52.3,26.2,1.99,55,760.1,29,5A-1-B56,lateral,1.0,1.0,1.0,0,,0,27
5A-1-B59,5A-1,lateral,12,12,290.2,23.8,35,1,3,2,0,0.913,188.8,58.2,3.24,29,263.8,11,5A-1-B72,lateral,1.0,9.0,9.0,0,,0,26
5A-1-B60,5A-1,lateral,3,3,90.8,30.5,5,1,2,1,0,0.086,67.0,25.6,2.61,40,659.4,26,5A-1-B58,lateral,1.0,1.0,1.0,0,,0,28
5A-1-B61,5A-1,lateral,1,1,23.4,23.4,0,0,1,1,1,0.0,,,,7,199.6,8,5A-1-B60,lateral,,,,0,,0,29
5A-1-B61.A,5A-1,lateral,5,5,122.9,23.7,6,1,2,1,0,0.187,80.0,33.7,2.37,6,122.9,5,5A-1-B61,lateral,1.0,3.0,3.0,0,,0,30
5A-1-B62,5A-1,lateral,2,2,53.3,26.7,1,0,1,1,1,0.035,41.0,16.8,2.44,1,53.3,2,5A-1-B61,lateral,1.0,1.0,1.0,0,,0,30
5A-1-B63,5A-1,lateral,6,6,192.4,31.3,12,1,3,1,0,0.368,131.1,49.0,2.67,14,240.2,8,5A-1-B50,lateral,1.0,1.0,1.0,0,,0,27
5A-1-B64,5A-1,lateral,1,1,31.3,31.3,3,0,1,1,1,0.0,,,,28,369.0,15,5A-1-B60,lateral,,,,0,,0,29
5A-1-B65,5A-1,lateral,2,2,55.3,27.7,5,0,1,1,1,0.001,55.3,0.2,,5,55.3,2,5A-1-B64,lateral,1.0,1.0,1.0,0,,0,30
5A-1-B66,5A-1,lateral,3,3,72.0,24.8,4,0,1,1,1,0.054,57.4,19.0,3.03,20,282.4,12,5A-1-B64,lateral,1.0,2.0,2.0,0,,0,30
5A-1-B67,5A-1,lateral,4,4,92.0,22.3,9,1,2,1,0,0.078,69.4,22.6,3.08,9,92.0,4,5A-1-B66,lateral,1.0,1.0,1.0,0,,0,31
5A-1-B68,5A-1,lateral,5,5,118.4,24.0,7,0,1,1,1,0.168,83.6,33.4,2.51,7,118.4,5,5A-1-B66,lateral,1.0,3.0,3.0,0,,0,31
5A-1-B69,5A-1,lateral,10,10,269.5,29.1,8,1,2,1,0,0.716,196.7,68.8,2.86,182,2065.3,80,5A-1-B73,lateral,1.0,6.0,6.0,0,,0,24
5A-1-B71,5A-1,lateral,1,1,19.7,19.7,3,0,1,1,1,0.0,,,,3,19.7,1,5A-1-B69,lateral,,,,0,,0,25
5A-1-B72,5A-1,lateral,6,6,136.0,22.2,7,1,2,1,0,0.156,83.0,37.5,2.21,36,399.7,17,5A-1-B69,lateral,1.0,4.0,4.0,0,,0,25
5A-1-B73,5A-1,lateral,5,5,169.6,36.6,10,1,2,1,0,0.317,118.6,53.4,2.22,228,2440.3,92,5A-1-B75,lateral,1.0,1.0,1.0,0,,0,23
5A-1-B74,5A-1,lateral,7,7,205.4,30.0,36,1,2,1,0,0.251,165.5,23.4,7.06,36,205.4,7,5A-1-B73,lateral,1.0,4.0,4.0,0,,0,24
5A-1-B75,5A-1,lateral,1,1,22.7,22.7,0,0,1,1,1,0.0,,,,230,2545.3,96,5A-1-B77,lateral,,,,0,,0,22
5A-1-B76,5A-1,lateral,3,3,82.4,27.6,2,0,1,1,1,0.001,82.4,0.2,,2,82.4,3,5A-1-B75,lateral,1.0,1.0,1.0,0,,0,23
5A-1-B77,5A-1,lateral,4,4,149.8,37.4,3,0,1,1,1,0.001,149.8,0.1,,265,3193.5,116,5A-1-B83,lateral,1.0,3.0,3.0,0,,0,21
5A-1-B78,5A-1,lateral,2,2,52.3,26.1,1,0,1,1,1,0.0,52.3,0.0,,32,498.4,16,5A-1-B77,lateral,1.0,1.0,1.0,0,,0,22
5A-1-B79,5A-1,lateral,7,7,224.3,30.4,13,0,1,1,1,0.353,210.4,33.3,6.33,13,224.3,7,5A-1-B78,lateral,1.0,6.0,6.0,0,,0,23
5A-1-B79.A,5A-1,lateral,1,1,22.9,22.9,0,0,1,1,1,0.0,,,,2,117.6,4,5A-1-A79,lateral,,,,0,,0,24
5A-1-B80,5A-1,lateral,2,2,60.9,30.5,0,0,1,1,1,0.0,60.9,0.0,,18,221.9,7,5A-1-B78,lateral,1.0,1.0,1.0,0,,0,23
5A-1-B81,5A-1,lateral,4,4,123.0,29.1,14,0,1,1,1,0.169,88.1,31.3,2.81,14,123.0,4,5A-1-B80,lateral,1.0,3.0,3.0,0,,0,24
5A-1-B82,5A-1,lateral,1,1,38.0,38.0,4,0,1,1,1,0.0,,,,4,38.0,1,5A-1-B80,lateral,,,,0,,0,24
5A-1-B83,5A-1,lateral,10,10,342.5,32.9,7,0,2,2,0,0.867,297.2,45.0,6.6,294,3849.5,137,5A-1-B104,lateral,1.0,8.0,8.0,0,,0,20
5A-1-B84,5A-1,lateral,1,1,25.8,25.8,1,0,1,1,1,0.0,,,,24,344.6,12,5A-1-B83,lateral,,,,0,,0,21
5A-1-B85,5A-1,lateral,1,1,25.0,25.0,2,0,1,1,1,0.0,,,,4,60.2,2,5A-1-B84,lateral,,,,0,,0,22
5A-1-B86,5A-1,lateral,8,8,227.6,26.8,17,1,2,1,0,0.521,155.6,53.9,2.89,17,227.6,8,5A-1-B84,lateral,1.0,6.0,6.0,0,,0,22
5A-1-B87,5A-1,lateral,6,6,169.7,29.8,6,1,3,2,0,0.478,110.6,71.6,1.54,128,794.2,28,5A-1-B85,lateral,1.0,2.0,2.0,0,,0,23
5A-1-B88,5A-1,lateral,7,7,194.5,26.4,9,2,3,1,0,0.347,114.9,44.7,2.57,25,362.6,13,5A-1-B87,lateral,1.0,3.0,3.0,0,,0,24
5A-1-B89,5A-1,lateral,3,3,71.4,22.8,14,0,1,1,1,0.046,64.3,14.2,4.52,14,71.4,3,5A-1-B88,lateral,1.0,2.0,2.0,0,,0,25
5A-1-B90,5A-1,lateral,3,3,96.7,30.6,2,0,1,1,1,0.001,96.7,0.2,,2,96.7,3,5A-1-B88,lateral,1.0,3.0,3.0,0,,1,25
5A-1-B91,5A-1,lateral,10,10,297.0,29.7,99,1,2,1,0,0.735,224.4,57.7,3.89,99,297.0,10,5A-1-B87,lateral,1.0,8.0,8.0,0,,0,24
5A-1-B92,5A-1,lateral,1,1,7.8,7.8,0,0,1,1,1,0.0,,,,135,948.4,35,5A-1-B94,lateral,,,,0,,0,23
5A-1-B92.A,5A-1,lateral,2,2,42.8,21.4,0,0,1,1,1,0.0,42.8,0.0,,129,862.6,31,5A-1-B92,lateral,1.0,1.0,1.0,0,,0,24
5A-1-B92.B,5A-1,lateral,3,3,75.1,25.6,37,0,2,2,0,0.262,115.5,41.3,2.8,36,49.5,2,5A-1-B92.A,lateral,1.0,3.0,3.0,0,,1,25
5A-1-B93,5A-1,lateral,3,3,78.0,25.8,6,0,1,1,1,0.0,78.0,0.1,,6,78.0,3,5A-1-B92,lateral,1.0,2.0,2.0,0,,0,24
5A-1-B94,5A-1,lateral,4,4,144.9,39.9,9,1,2,1,0,0.217,104.1,41.7,2.5,147,1160.0,42,5A-1-B96,lateral,1.0,2.0,2.0,0,,0,22
5A-1-B95,5A-1,lateral,3,3,66.7,22.8,3,1,2,1,0,0.054,34.7,30.7,1.13,3,66.7,3,5A-1-B94,lateral,1.0,1.0,1.0,0,,0,23
5A-1-B96,5A-1,lateral,2,2,54.9,27.4,0,0,1,1,1,0.005,54.7,1.9,28.49,260,1710.0,64,5A-1-B102,lateral,1.0,1.0,1.0,0,,0,21
5A-1-B97,5A-1,lateral,4,4,120.3,29.5,5,0,1,1,1,0.008,120.3,1.1,112.93,113,495.1,20,5A-1-B96,lateral,1.0,2.0,2.0,0,,0,22
5A-1-B98,5A-1,lateral,6,6,117.3,20.7,7,1,2,1,0,0.128,69.5,26.2,2.66,68,230.3,10,5A-1-B97,lateral,1.0,4.0,4.0,0,,0,23
5A-1-B99,5A-1,lateral,1,1,39.1,39.1,3,0,1,1,1,0.0,,,,39,88.6,3,5A-1-B98,lateral,,,,0,,0,24
5A-2-19,5A-2,lateral,4,4,98.3,28.0,3,0,1,1,1,0.001,98.3,0.1,,3,98.3,4,5A-2-20,lateral,133.0,136.0,4.0,1,160.0,1,4
5A-2-20,5A-2,lateral,8,8,232.2,29.9,3,0,1,1,1,0.562,180.1,59.6,3.02,6,330.5,12,5A-2-22,lateral,126.0,137.0,12.0,1,160.0,0,3
5A-2-21,5A-2,lateral,9,9,264.6,30.4,4,0,1,1,1,0.402,169.6,34.9,4.86,4,264.6,9,5A-2-22,lateral,111.0,119.0,9.0,1,160.0,1,3
5A-2-22,5A-2,lateral,15,15,389.3,28.0,2,0,1,1,1,1.541,291.9,104.8,2.78,12,984.4,36,5A-2-24,lateral,102.0,125.0,24.0,1,160.0,0,2
5A-2-23,5A-2,lateral,7,7,197.5,30.0,6,0,1,1,1,0.0,197.5,0.0,,6,197.5,7,5A-2-24,lateral,138.0,144.0,7.0,1,160.0,1,2
5A-2-24,5A-2,lateral,14,14,379.0,29.8,2,0,1,1,1,0.894,339.3,43.3,7.83,22,1927.4,70,5A-2-TM,trunk_main,80.0,149.0,70.0,1,160.0,0,1
5A-2-25,5A-2,lateral,13,13,366.5,30.0,2,0,1,1,1,1.048,345.0,58.0,5.95,2,366.5,13,5A-2-24,lateral,82.0,94.0,13.0,1,160.0,1,2
5A-2-30,5A-2,lateral,7,6,227.7,32.5,11,0,1,2,1,0.351,191.2,36.5,5.24,6,191.2,6,5A-2-SM.1,sub_main,235.0,267.0,33.0,1,160.0,0,1
5A-2-31,5A-2,lateral,13,13,332.9,25.7,4,0,1,1,1,1.164,203.9,99.2,2.06,4,332.9,13,5A-2-SM.1,sub_main,238.0,259.0,22.0,1,160.0,0,1
5A-2-32,5A-2,lateral,6,6,176.7,30.0,8,0,1,1,1,0.011,176.6,1.3,138.0,8,176.7,6,5A-2-SM.1,sub_main,249.0,260.0,12.0,1,160.0,0,1
5A-2-33,5A-2,lateral,4,4,138.4,35.0,4,0,1,1,1,0.009,138.4,1.1,123.2,26,821.0,25,5A-2-SM.1,sub_main,268.0,271.0,4.0,1,160.0,1,1
5A-2-35,5A-2,lateral,5,5,166.1,34.7,5,0,1,1,1,0.287,121.9,34.0,3.59,22,682.6,21,5A-2-33,lateral,296.0,301.0,6.0,1,160.0,0,2
5A-2-36,5A-2,lateral,5,5,163.2,32.2,8,0,1,1,1,0.001,163.2,0.1,,8,163.2,5,5A-2-35,lateral,291.0,295.0,5.0,1,160.0,1,3
5A-2-37,5A-2,lateral,7,7,205.1,31.1,6,0,1,1,1,0.51,146.2,52.1,2.81,6,205.1,7,5A-2-SM.1,sub_main,312.0,318.0,7.0,1,160.0,1,1
5A-2-38,5A-2,lateral,11,11,353.3,27.9,9,0,1,1,1,1.094,238.3,75.9,3.14,9,353.3,11,5A-2-35,lateral,304.0,321.0,18.0,1,160.0,0,3
5A-2-40,5A-2,lateral,5,5,148.5,30.5,9,0,1,1,1,0.005,148.5,0.6,,12,219.5,7,5A-2-SM.1,sub_main,284.0,288.0,5.0,1,160.0,1,1
5A-2-41,5A-2,lateral,2,2,71.0,35.5,3,0,1,1,1,0.001,71.0,0.3,,3,71.0,2,5A-2-40,lateral,282.0,283.0,2.0,1,160.0,1,2
5A-2-43,5A-2,lateral,7,7,200.5,26.0,10,0,1,1,1,0.401,162.0,40.7,3.98,10,200.5,7,5A-2-44,lateral,323.0,329.0,7.0,1,160.0,1,2
5A-2-44,5A-2,lateral,8,8,225.2,31.2,3,0,1,1,1,0.495,203.7,47.8,4.26,20,676.2,24,5A-2-TM,trunk_main,328.0,337.0,10.0,1,160.0,0,1
5A-2-45,5A-2,lateral,2,2,59.9,30.0,0,0,1,1,1,0.003,59.9,0.9,,0,59.9,2,5A-2-46,lateral,376.0,377.0,2.0,1,160.0,1,3
5A-2-46,5A-2,lateral,4,4,120.8,27.8,3,0,1,1,1,0.17,90.1,37.6,2.39,7,250.5,9,5A-2-44,lateral,329.0,332.0,4.0,1,160.0,1,2
5A-2-47,5A-2,lateral,3,3,69.8,25.8,4,0,1,1,1,0.007,69.7,1.7,41.62,4,69.8,3,5A-2-46,lateral,378.0,380.0,3.0,1,160.0,1,3
5A-2-48,5A-2,lateral,8,8,190.8,21.4,5,0,1,1,1,0.297,161.0,34.5,4.67,7,240.2,10,5A-2-89,lateral,364.0,371.0,8.0,1,160.0,1,4
5A-2-49,5A-2,lateral,9,9,250.7,29.6,5,0,1,1,1,0.591,198.9,57.7,3.45,30,1011.3,41,5A-2-50,lateral,353.0,381.0,29.0,1,160.0,0,2
5A-2-50,5A-2,lateral,9,9,223.0,26.8,9,0,1,1,1,0.342,189.5,35.6,5.33,39,1234.2,50,5A-2-SM.2,sub_main,382.0,390.0,9.0,1,160.0,1,1
5A-2-51,5A-2,lateral,4,4,100.8,25.6,0,0,1,1,1,0.0,100.8,0.0,,0,100.8,4,5A-2-SM.2,sub_main,516.0,519.0,4.0,1,160.0,1,1
5A-2-52,5A-2,lateral,4,4,104.9,25.1,8,0,1,1,1,0.002,104.9,0.5,,8,104.9,4,5A-2-SM.2,sub_main,512.0,515.0,4.0,1,160.0,1,1
5A-2-53,5A-2,lateral,8,8,248.3,30.0,15,0,1,1,1,0.563,210.4,33.5,6.28,15,248.3,8,5A-2-54,lateral,399.0,406.0,8.0,1,160.0,1,2
5A-2-54,5A-2,lateral,14,14,402.2,30.0,8,0,1,1,1,1.057,352.6,37.6,9.37,30,777.3,27,5A-2-SM.3,sub_main,407.0,511.0,105.0,1,160.0,0,1
5A-2-55,5A-2,lateral,2,2,49.5,24.7,2,0,1,1,1,0.0,49.5,0.2,,2,49.5,2,5A-2-54,lateral,412.0,413.0,2.0,1,160.0,1,2
5A-2-56,5A-2,lateral,3,3,77.3,26.6,5,0,1,1,1,0.002,77.3,0.5,,5,77.3,3,5A-2-54,lateral,416.0,418.0,3.0,1,160.0,1,2
5A-2-57,5A-2,lateral,3,3,71.3,23.4,0,0,1,1,1,0.002,71.3,0.6,,0,71.3,3,5A-2-58,lateral,428.0,430.0,3.0,1,160.0,1,2
5A-2-58,5A-2,lateral,7,7,186.2,24.1,9,0,1,1,1,0.31,149.7,39.3,3.81,9,257.5,10,5A-2-SM.3,sub_main,431.0,520.0,90.0,1,160.0,0,1
5A-2-59,5A-2,lateral,8,8,265.4,33.9,10,0,1,1,1,0.16,245.1,10.9,22.51,10,265.4,8,5A-2-SM.4,sub_main,481.0,488.0,8.0,1,160.0,1,1
5A-2-60,5A-2,lateral,10,10,291.9,28.8,3,0,1,1,1,0.58,250.1,45.4,5.51,3,291.9,10,5A-2-SM.4,sub_main,463.0,480.0,18.0,1,160.0,0,1
5A-2-61,5A-2,lateral,8,8,243.8,30.0,17,0,1,1,1,0.368,212.6,34.5,6.16,17,243.8,8,5A-2-SM.4,sub_main,471.0,478.0,8.0,1,160.0,1,1
5A-2-62,5A-2,lateral,5,5,99.4,18.7,9,0,1,1,1,0.119,72.5,32.8,2.21,9,99.4,5,5A-2-64,lateral,684.0,688.0,5.0,1,160.0,1,3
5A-2-63,5A-2,lateral,27,27,916.4,35.0,8,0,1,1,1,9.419,743.3,253.4,2.93,58,2049.2,69,5A-2-SM.3,sub_main,560.0,586.0,27.0,1,160.0,1,1
5A-2-64,5A-2,lateral,24,24,642.1,28.8,28,0,1,1,1,2.77,404.7,107.0,3.78,50,1132.8,42,5A-2-63,lateral,587.0,700.0,114.0,1,160.0,0,2
5A-2-65,5A-2,lateral,8,8,231.4,28.3,9,0,1,1,1,0.657,161.5,51.3,3.15,11,360.7,12,5A-2-64,lateral,640.0,679.0,40.0,1,160.0,0,3
5A-2-66,5A-2,lateral,3,3,96.2,32.1,2,0,1,1,1,0.001,96.2,0.1,,2,96.2,3,5A-2-65,lateral,680.0,682.0,3.0,1,160.0,1,4
5A-2-67,5A-2,lateral,1,1,33.1,33.1,0,0,1,1,1,0.0,,,,0,33.1,1,5A-2-65,lateral,647.0,647.0,1.0,1,160.0,1,4
5A-2-68,5A-2,lateral,1,1,30.5,30.5,2,0,1,1,1,0.0,,,,2,30.5,1,5A-2-64,lateral,630.0,630.0,1.0,1,160.0,1,3
5A-2-69,5A-2,lateral,3,3,86.7,30.0,0,0,1,1,1,0.002,86.7,0.5,,0,86.7,3,5A-2-70,lateral,604.0,606.0,3.0,1,160.0,1,2
5A-2-70,5A-2,lateral,18,18,565.1,30.0,29,0,1,1,1,2.381,445.0,94.4,4.72,120,2351.2,73,5A-2-SM.3,sub_main,596.0,701.0,106.0,1,160.0,0,1
5A-2-71,5A-2,lateral,2,2,49.6,24.8,4,0,1,1,1,0.001,49.6,0.2,,4,49.6,2,5A-2-70,lateral,602.0,603.0,2.0,1,160.0,1,2
5A-2-72,5A-2,lateral,17,17,500.0,30.0,11,0,1,1,1,2.13,414.9,92.4,4.49,81,1546.9,46,5A-2-70,lateral,523.0,629.0,107.0,1,160.0,0,2
5A-2-73,5A-2,lateral,13,13,486.9,35.2,31,0,1,1,1,2.594,375.5,82.4,4.56,70,1046.9,29,5A-2-72,lateral,530.0,559.0,30.0,1,160.0,0,3
5A-2-74,5A-2,lateral,2,2,77.5,38.8,2,0,1,1,1,0.001,77.5,0.3,,2,77.5,2,5A-2-73,lateral,533.0,534.0,2.0,1,160.0,1,4
5A-2-75,5A-2,lateral,2,2,77.9,38.9,3,0,1,1,1,0.0,77.9,0.0,,3,77.9,2,5A-2-73,lateral,535.0,536.0,2.0,1,160.0,1,4
5A-2-76,5A-2,lateral,9,9,283.5,30.6,12,0,1,1,1,0.909,207.2,55.1,3.76,14,323.6,10,5A-2-73,lateral,539.0,548.0,10.0,1,160.0,0,4
5A-2-77,5A-2,lateral,1,1,40.1,40.1,2,0,1,1,1,0.0,,,,2,40.1,1,5A-2-76,lateral,538.0,538.0,1.0,1,160.0,1,5
5A-2-78,5A-2,lateral,2,2,81.0,40.5,20,0,1,1,1,0.0,81.0,0.1,,20,81.0,2,5A-2-73,lateral,555.0,556.0,2.0,1,160.0,1,4
5A-2-79,5A-2,lateral,10,10,264.6,26.7,14,0,1,1,1,0.594,215.4,54.6,3.95,14,264.6,10,5A-2-SM.5,sub_main,719.0,729.0,11.0,1,160.0,0,1
5A-2-80,5A-2,lateral,11,11,336.3,30.0,10,0,1,1,1,1.558,241.8,110.4,2.19,16,659.6,22,5A-2-SM.5,sub_main,854.0,864.0,11.0,1,160.0,1,1
5A-2-81,5A-2,lateral,4,4,140.8,37.7,3,0,1,1,1,0.213,122.1,34.8,3.51,3,140.8,4,5A-2-80,lateral,865.0,896.0,32.0,1,160.0,0,2
5A-2-82,5A-2,lateral,7,7,182.5,24.8,3,0,1,1,1,0.333,140.1,43.2,3.24,3,182.5,7,5A-2-80,lateral,867.0,893.0,27.0,1,160.0,0,2
5A-2-83,5A-2,lateral,20,20,562.1,28.1,21,0,1,1,1,2.613,432.3,75.6,5.72,26,934.6,33,5A-2-SM.5,sub_main,732.0,775.0,44.0,1,160.0,0,1
5A-2-84,5A-2,lateral,11,11,325.5,28.6,2,0,1,1,1,0.042,325.4,2.3,143.55,2,325.5,11,5A-2-83,lateral,745.0,755.0,11.0,1,160.0,1,2
5A-2-85,5A-2,lateral,2,2,46.9,23.5,3,0,1,1,1,0.001,46.9,0.2,,3,46.9,2,5A-2-83,lateral,768.0,769.0,2.0,1,160.0,1,2
5A-2-86,5A-2,lateral,7,7,174.6,24.6,6,0,1,1,1,0.033,174.4,3.4,51.71,11,239.1,9,5A-2-SM.1,sub_main,227.0,233.0,7.0,1,160.0,1,1
5A-2-87,5A-2,lateral,1,1,28.0,28.0,0,0,1,1,1,0.0,,,,5,64.5,2,5A-2-86,lateral,234.0,234.0,1.0,1,160.0,1,2
5A-2-88,5A-2,lateral,2,2,49.5,24.7,2,0,1,1,1,0.001,49.5,0.3,,2,49.5,2,5A-2-48,lateral,372.0,373.0,2.0,1,160.0,1,5
5A-2-89,5A-2,lateral,14,14,316.4,22.7,4,0,1,1,1,1.182,171.5,108.7,1.58,25,760.6,32,5A-2-49,lateral,333.0,375.0,43.0,1,160.0,0,3
5A-2-90,5A-2,lateral,4,4,102.9,26.4,6,0,1,1,1,0.003,102.9,0.6,,6,102.9,4,5A-2-70,lateral,592.0,595.0,4.0,1,160.0,1,2
5A-2-91,5A-2,lateral,8,8,203.9,23.5,14,0,1,1,1,0.482,157.4,36.8,4.28,14,203.9,8,5A-2-89,lateral,340.0,347.0,8.0,1,160.0,1,4
5A-2-SM.1,5A-2,sub_main,28,28,929.4,33.1,5,0,1,1,1,7.233,758.1,146.7,5.17,78,3114.9,101,5A-2-TM,trunk_main,215.0,281.0,67.0,1,160.0,0,0
5A-2-SM.2,5A-2,sub_main,8,8,231.0,29.7,6,0,1,1,1,0.005,231.0,0.4,,53,1671.0,66,5A-2-TM,trunk_main,391.0,398.0,8.0,1,160.0,1,0
5A-2-SM.3,5A-2,sub_main,29,29,938.5,30.0,17,0,1,1,1,0.106,938.5,1.7,550.45,234,6373.7,208,5A-2-TM,trunk_main,419.0,459.0,41.0,1,160.0,0,0
5A-2-SM.4,5A-2,sub_main,17,17,435.8,24.5,11,0,1,1,1,2.228,354.1,107.2,3.3,41,1237.0,43,5A-2-TM,trunk_main,461.0,503.0,43.0,1,160.0,0,0
5A-2-SM.5,5A-2,sub_main,30,30,890.6,25.3,17,0,1,1,1,0.386,890.3,6.2,142.54,73,2749.3,95,5A-2-TM,trunk_main,702.0,848.0,147.0,1,160.0,0,0
5A-2-TM,5A-2,trunk_main,72,72,2264.4,30.0,21,0,1,1,1,35.592,2111.9,248.0,8.52,780,23468.6,805,5A-4-TM,trunk_main,79.0,6032.0,5954.0,1,200.0,0,0
5A-3-1,5A-3,lateral,5,5,154.4,30.7,34,0,1,1,1,0.155,142.1,18.6,7.64,34,154.4,5,5A-3-TM,trunk_main,5000.0,5004.0,5.0,1,160.0,1,1
5A-3-10,5A-3,lateral,2,2,63.2,31.6,2,0,1,1,1,0.002,63.2,0.5,,2,63.2,2,5A-3-TM,trunk_main,5036.0,5037.0,2.0,1,160.0,1,1
5A-3-11,5A-3,lateral,3,3,81.8,28.4,18,0,1,1,1,0.073,66.6,22.0,3.02,18,81.8,3,5A-3-12,lateral,46.0,48.0,3.0,1,160.0,1,3
5A-3-12,5A-3,lateral,11,11,311.7,28.9,18,0,1,1,1,0.847,235.6,58.1,4.05,45,475.1,17,5A-3-17,lateral,32.0,45.0,14.0,1,160.0,0,2
5A-3-13,5A-3,lateral,3,3,81.7,25.2,9,0,1,1,1,0.01,81.6,2.4,34.49,9,81.7,3,5A-3-12,lateral,36.0,38.0,3.0,1,160.0,1,3
5A-3-14,5A-3,lateral,2,2,56.8,28.4,10,0,1,1,1,0.0,56.8,0.1,,10,56.8,2,5A-3-16,lateral,51.0,52.0,2.0,1,160.0,1,3
5A-3-15,5A-3,lateral,1,1,31.9,31.9,3,0,1,1,1,0.0,,,,3,31.9,1,5A-3-16,lateral,64.0,64.0,1.0,1,160.0,1,3
5A-3-16,5A-3,lateral,12,12,356.7,31.3,12,0,1,1,1,0.921,121.8,87.5,1.39,29,495.1,17,5A-3-17,lateral,49.0,66.0,18.0,1,160.0,0,2
5A-3-17,5A-3,lateral,10,10,243.7,29.9,15,0,1,1,1,0.066,243.3,4.6,52.77,94,1282.5,47,5A-3-TM,trunk_main,18.0,31.0,14.0,1,160.0,0,1
5A-3-18,5A-3,lateral,3,3,68.5,21.5,5,0,1,1,1,0.05,52.4,16.8,3.13,5,68.5,3,5A-3-17,lateral,26.0,29.0,4.0,1,160.0,0,2
5A-3-2,5A-3,lateral,2,2,49.7,24.9,1,0,1,1,1,0.015,47.7,6.4,7.49,1,49.7,2,5A-3-TM,trunk_main,5007.0,5008.0,2.0,1,160.0,1,1
5A-3-26,5A-3,lateral,1,1,27.2,27.2,4,0,1,1,1,0.0,,,,4,27.2,1,5A-3-16,lateral,54.0,54.0,1.0,1,160.0,1,3
5A-3-27,5A-3,lateral,1,1,22.5,22.5,0,0,1,1,1,0.0,,,,0,22.5,1,5A-3-16,lateral,56.0,56.0,1.0,1,160.0,1,3
5A-3-3,5A-3,lateral,3,3,76.5,31.5,0,0,1,1,1,0.027,73.7,7.3,10.14,6,142.8,5,5A-3-TM,trunk_main,5014.0,5018.0,5.0,1,160.0,0,1
5A-3-4,5A-3,lateral,2,2,66.3,33.2,6,0,1,1,1,0.012,65.3,3.8,17.18,6,66.3,2,5A-3-3,lateral,5015.0,5016.0,2.0,1,160.0,1,2
5A-3-5,5A-3,lateral,6,6,135.2,20.9,11,0,1,1,1,0.055,134.3,7.0,19.31,11,135.2,6,5A-3-TM,trunk_main,5021.0,5026.0,6.0,1,160.0,1,1
5A-3-6,5A-3,lateral,8,8,185.2,23.0,2,0,1,1,1,0.293,156.1,30.6,5.1,11,310.9,12,5A-3-TM,trunk_main,5038.0,5045.0,8.0,1,160.0,1,1
5A-3-7,5A-3,lateral,4,4,125.7,31.2,9,0,1,1,1,0.183,84.2,37.2,2.26,9,125.7,4,5A-3-6,lateral,1.0,5047.0,5047.0,1,160.0,0,2
5A-3-8,5A-3,lateral,2,2,41.8,20.9,5,0,1,1,1,0.0,41.8,0.1,,5,41.8,2,5A-3-9,lateral,4.0,5.0,2.0,1,160.0,1,2
5A-3-9,5A-3,lateral,7,7,198.9,29.5,25,0,1,1,1,0.089,197.0,7.6,25.9,30,240.6,9,5A-3-TM,trunk_main,6.0,12.0,7.0,1,160.0,1,1
5A-3-TM,5A-3,trunk_main,38,38,1075.4,30.0,49,0,1,1,1,11.09,924.9,213.3,4.34,238,3454.8,126,5A-2-TM,trunk_main,13.0,5052.0,5040.0,1,200.0,0,0
5A-4-100,5A-4,lateral,8,8,205.2,24.7,10,0,1,1,1,0.445,131.1,54.7,2.4,20,309.0,12,5A-4-99,lateral,952.0,5133.0,4182.0,1,160.0,0,2
5A-4-101,5A-4,lateral,2,2,43.6,21.8,4,0,1,1,1,0.0,43.6,0.0,,4,43.6,2,5A-4-100,lateral,956.0,957.0,2.0,1,160.0,1,3
5A-4-102,5A-4,lateral,2,2,60.2,30.1,6,0,1,1,1,0.007,60.0,2.4,24.75,6,60.2,2,5A-4-100,lateral,958.0,959.0,2.0,1,160.0,1,3
5A-4-103,5A-4,lateral,16,16,417.3,25.1,22,0,1,1,1,1.77,240.8,117.8,2.04,81,1151.1,47,5A-4-SM.6,sub_main,963.0,5131.0,4169.0,1,160.0,0,1
5A-4-104,5A-4,lateral,7,7,175.0,27.5,17,0,1,1,1,0.359,135.8,52.5,2.59,17,175.0,7,5A-4-103,lateral,982.0,998.0,17.0,1,160.0,0,2
5A-4-105,5A-4,lateral,5,5,127.7,25.9,11,0,1,1,1,0.17,89.6,38.0,2.36,11,127.7,5,5A-4-103,lateral,972.0,976.0,5.0,1,160.0,1,2
5A-4-106,5A-4,lateral,7,7,153.7,22.4,8,0,1,1,1,0.242,132.8,35.7,3.72,8,153.7,7,5A-4-103,lateral,5124.0,5130.0,7.0,1,160.0,1,2
5A-4-107,5A-4,lateral,12,12,277.4,23.3,23,0,1,1,1,0.635,96.5,89.8,1.07,23,277.4,12,5A-4-103,lateral,5112.0,5123.0,12.0,1,160.0,1,2
5A-4-108,5A-4,lateral,6,6,148.0,25.7,11,0,1,1,1,0.025,147.8,2.8,53.72,16,317.5,13,5A-4-SM.6,sub_main,1015.0,5062.0,4048.0,1,160.0,0,1
5A-4-110,5A-4,lateral,3,3,71.5,24.1,5,0,1,1,1,0.003,71.5,0.9,,5,71.5,3,5A-4-108,lateral,1023.0,5064.0,4042.0,1,160.0,0,2
5A-4-111,5A-4,lateral,4,4,98.0,22.8,0,0,1,1,1,0.103,75.1,27.2,2.76,0,98.0,4,5A-4-108,lateral,1012.0,1016.0,5.0,1,160.0,0,2
5A-4-112,5A-4,lateral,6,6,128.9,21.7,11,0,1,1,1,0.001,128.9,0.1,,11,128.9,6,5A-4-SM.6,sub_main,1006.0,1011.0,6.0,1,160.0,1,1
5A-4-113,5A-4,lateral,5,5,126.3,24.5,19,0,1,1,1,0.0,126.3,0.1,,19,126.3,5,5A-4-SM.6,sub_main,1001.0,1005.0,5.0,1,160.0,1,1
5A-4-92,5A-4,lateral,20,20,623.2,33.9,97,0,1,1,1,2.568,528.7,61.8,8.56,136,1320.5,43,5A-4-SM.6,sub_main,934.0,5081.0,4148.0,1,160.0,0,1
5A-4-93,5A-4,lateral,3,3,92.0,32.4,5,0,1,1,1,0.013,91.9,2.8,33.07,5,92.0,3,5A-4-92,lateral,5083.0,5085.0,3.0,1,160.0,1,2
5A-4-94,5A-4,lateral,4,4,123.8,33.0,12,0,1,1,1,0.002,123.8,0.3,,12,123.8,4,5A-4-95,lateral,5086.0,5089.0,4.0,1,160.0,1,3
5A-4-95,5A-4,lateral,3,3,102.1,27.3,11,0,1,1,1,0.018,101.5,3.3,30.73,23,225.9,7,5A-4-92,lateral,5090.0,5092.0,3.0,1,160.0,1,2
5A-4-96,5A-4,lateral,4,4,119.9,30.6,4,0,1,1,1,0.032,119.3,5.4,22.29,4,119.9,4,5A-4-92,lateral,5108.0,5111.0,4.0,1,160.0,1,2
5A-4-97,5A-4,lateral,9,9,259.5,29.9,7,0,1,1,1,0.454,226.0,28.0,8.07,7,259.5,9,5A-4-92,lateral,5093.0,5101.0,9.0,1,160.0,1,2
5A-4-98,5A-4,lateral,4,4,142.2,35.8,8,0,1,1,1,0.004,142.2,0.6,,8,142.2,4,5A-4-SM.6,sub_main,938.0,941.0,4.0,1,160.0,1,1
5A-4-99,5A-4,lateral,12,12,318.8,26.6,15,0,1,1,1,0.658,284.4,35.9,7.92,35,627.7,24,5A-4-SM.6,sub_main,946.0,5107.0,4162.0,1,160.0,0,1
5A-4-SM.6,5A-4,sub_main,21,21,546.6,26.5,39,0,1,1,1,3.205,377.2,168.6,2.24,345,4360.9,163,5A-4-SM,sub_main,918.0,5061.0,4144.0,1,160.0,0,0
5A-4-TM,5A-4,trunk_main,20,20,677.6,33.4,16,0,1,1,1,1.412,671.7,30.8,21.83,796,24146.2,825,5A-4-SM,sub_main,899.0,6033.0,5135.0,1,200.0,0,0
5A-5-10,5A-5,lateral,6,6,196.2,32.7,31,0,1,1,1,0.007,196.2,0.6,,31,196.2,6,5A-5-SM.1,sub_main,1470.0,1475.0,6.0,1,160.0,1,1
5A-5-100,5A-5,lateral,5,5,157.5,29.7,5,0,1,1,1,0.289,115.7,49.3,2.35,5,157.5,5,5A-5-101,lateral,2046.0,2051.0,6.0,1,160.0,0,3
5A-5-101,5A-5,lateral,13,13,402.6,29.5,31,0,1,1,1,0.359,397.5,18.1,22.0,36,560.1,18,5A-5-99,lateral,2033.0,2045.0,13.0,1,160.0,1,2
5A-5-102,5A-5,lateral,1,1,28.6,28.6,2,0,1,1,1,0.0,,,,2,28.6,1,5A-5-103,lateral,1957.0,1957.0,1.0,1,160.0,1,2
5A-5-103,5A-5,lateral,14,14,390.8,29.4,17,0,1,1,1,1.83,278.9,113.6,2.46,31,687.3,24,5A-5-SM.2,sub_main,1938.0,1958.0,21.0,1,160.0,0,1
5A-5-104,5A-5,lateral,1,1,30.8,30.8,0,0,1,1,1,0.0,,,,0,30.8,1,5A-5-103,lateral,1949.0,1949.0,1.0,1,160.0,1,2
5A-5-105,5A-5,lateral,7,7,210.4,26.5,10,0,1,1,1,0.245,187.0,25.6,7.3,12,237.1,8,5A-5-103,lateral,2353.0,2359.0,7.0,1,160.0,1,2
5A-5-106,5A-5,lateral,1,1,26.7,26.7,2,0,1,1,1,0.0,,,,2,26.7,1,5A-5-105,lateral,2352.0,2352.0,1.0,1,160.0,1,3
5A-5-107,5A-5,lateral,6,6,201.0,32.1,10,0,1,1,1,0.266,172.8,30.8,5.61,10,201.0,6,5A-5-112,lateral,1924.0,1929.0,6.0,1,160.0,1,2
5A-5-108,5A-5,lateral,7,7,186.8,28.2,11,0,1,1,1,0.148,170.2,17.4,9.79,14,202.1,8,5A-5-112,lateral,1916.0,1923.0,8.0,1,160.0,0,2
5A-5-109,5A-5,lateral,1,1,15.3,15.3,3,0,1,1,1,0.0,,,,3,15.3,1,5A-5-108,lateral,1921.0,1921.0,1.0,1,160.0,1,3
5A-5-11,5A-5,lateral,8,8,276.1,32.1,6,0,1,1,1,0.951,197.7,96.2,2.06,6,276.1,8,5A-5-13,lateral,1476.0,1483.0,8.0,1,160.0,1,2
5A-5-110,5A-5,lateral,1,1,20.1,20.1,3,0,1,1,1,0.0,,,,3,20.1,1,5A-5-111,lateral,2350.0,2350.0,1.0,1,160.0,1,3
5A-5-111,5A-5,lateral,6,6,188.5,36.5,15,0,1,1,1,0.162,171.0,18.6,9.21,18,208.5,7,5A-5-112,lateral,2345.0,2351.0,7.0,1,160.0,0,2
5A-5-112,5A-5,lateral,8,8,227.1,28.2,11,0,1,1,1,0.006,227.1,0.4,,53,838.7,29,5A-5-SM.2,sub_main,1912.0,2379.0,468.0,1,160.0,0,1
5A-5-113,5A-5,lateral,8,8,253.3,30.4,23,0,1,1,1,0.007,253.3,0.6,,23,253.3,8,5A-5-SM.2,sub_main,1901.0,1908.0,8.0,1,160.0,1,1
5A-5-114,5A-5,lateral,7,7,260.0,38.6,32,0,1,1,1,0.832,186.3,88.9,2.1,32,374.6,10,5A-5-SM.2,sub_main,1781.0,1788.0,8.0,1,160.0,0,1
5A-5-115,5A-5,lateral,3,3,114.6,37.9,0,0,1,1,1,0.004,114.5,0.8,,0,114.6,3,5A-5-114,lateral,1778.0,1780.0,3.0,1,160.0,1,2
5A-5-116,5A-5,lateral,1,1,21.3,21.3,1,0,1,1,1,0.0,,,,1,21.3,1,5A-5-118,lateral,1771.0,1771.0,1.0,1,160.0,1,2
5A-5-118,5A-5,lateral,11,11,337.2,30.0,12,0,1,1,1,1.415,239.6,117.5,2.04,23,544.3,18,5A-5-TM,trunk_main,1760.0,1777.0,18.0,1,160.0,0,1
5A-5-119,5A-5,lateral,6,6,185.8,30.4,10,0,1,1,1,0.0,185.8,0.0,,10,185.8,6,5A-5-118,lateral,1763.0,1768.0,6.0,1,160.0,1,2
5A-5-12,5A-5,lateral,6,6,168.7,25.4,6,0,1,1,1,0.356,118.0,59.9,1.97,6,168.7,6,5A-5-13,lateral,1484.0,1489.0,6.0,1,160.0,1,2
5A-5-125,5A-5,lateral,22,22,628.4,29.1,29,0,1,1,1,2.774,404.8,95.3,4.25,31,683.2,24,5A-5-SM.2,sub_main,2153.0,2204.0,52.0,1,160.0,0,1
5A-5-126,5A-5,lateral,1,1,27.2,27.2,0,0,1,1,1,0.0,,,,0,27.2,1,5A-5-127,lateral,2386.0,2386.0,1.0,1,160.0,1,3
5A-5-127,5A-5,lateral,6,6,119.6,18.7,2,0,1,1,1,0.042,117.7,7.1,16.63,2,146.8,7,5A-5-128,lateral,2137.0,2142.0,6.0,1,160.0,1,2
5A-5-128,5A-5,lateral,7,7,253.6,35.7,16,0,1,1,1,0.21,249.9,11.0,22.69,18,400.3,14,5A-5-SM.2,sub_main,2146.0,2152.0,7.0,1,160.0,1,1
5A-5-129,5A-5,lateral,2,2,54.9,27.4,2,0,1,1,1,0.001,54.9,0.3,,2,54.9,2,5A-5-125,lateral,2188.0,2189.0,2.0,1,160.0,1,2
5A-5-13,5A-5,lateral,16,16,440.0,27.1,32,0,1,1,1,1.963,339.1,90.8,3.73,44,884.8,30,5A-5-SM.1,sub_main,1407.0,2363.0,957.0,1,160.0,0,1
5A-5-130,5A-5,lateral,4,4,113.1,27.7,0,0,1,1,1,0.0,113.1,0.0,,0,113.1,4,5A-5-131,lateral,2183.0,2187.0,5.0,1,160.0,0,2
5A-5-131,5A-5,lateral,14,14,433.6,27.8,17,0,1,1,1,1.54,356.1,86.0,4.14,17,546.7,18,5A-5-SM.3,sub_main,2168.0,2386.0,219.0,1,160.0,0,1
5A-5-132,5A-5,lateral,6,6,197.7,32.6,7,0,1,1,1,0.011,197.6,1.0,191.03,47,890.0,30,5A-5-SM.2,sub_main,2272.0,2277.0,6.0,1,160.0,1,1
5A-5-133,5A-5,lateral,11,11,326.5,28.7,16,0,1,1,1,0.285,310.7,17.4,17.9,16,345.8,12,5A-5-132,lateral,2261.0,2271.0,11.0,1,160.0,1,2
5A-5-134,5A-5,lateral,1,1,19.3,19.3,0,0,1,1,1,0.0,,,,0,19.3,1,5A-5-133,lateral,2260.0,2260.0,1.0,1,160.0,1,3
5A-5-135,5A-5,lateral,11,11,327.7,29.9,23,0,1,1,1,0.275,310.7,17.7,17.52,24,346.5,12,5A-5-132,lateral,2279.0,2290.0,12.0,1,160.0,0,2
5A-5-136,5A-5,lateral,1,1,18.9,18.9,1,0,1,1,1,0.0,,,,1,18.9,1,5A-5-135,lateral,2291.0,2291.0,1.0,1,160.0,1,3
5A-5-137,5A-5,lateral,1,1,34.1,34.1,0,0,1,1,1,0.0,,,,0,34.1,1,5A-5-138,lateral,2296.0,2296.0,1.0,1,160.0,1,2
5A-5-138,5A-5,lateral,17,17,499.5,29.1,9,0,1,1,1,2.435,326.9,99.5,3.28,47,1414.2,49,5A-5-SM.2,sub_main,1862.0,2381.0,520.0,1,160.0,0,1
5A-5-139,5A-5,lateral,6,6,160.7,25.4,12,0,1,1,1,0.231,129.9,35.5,3.66,13,198.0,7,5A-5-138,lateral,1887.0,1892.0,6.0,1,160.0,1,2
5A-5-14,5A-5,lateral,3,3,116.1,40.0,5,0,1,1,1,0.001,116.1,0.2,,5,116.1,3,5A-5-15,lateral,1336.0,1339.0,4.0,1,160.0,0,3
5A-5-140,5A-5,lateral,1,1,37.3,37.3,1,0,1,1,1,0.0,,,,1,37.3,1,5A-5-139,lateral,1893.0,1893.0,1.0,1,160.0,1,3
5A-5-141,5A-5,lateral,8,8,225.6,26.5,5,0,1,1,1,0.482,168.2,36.2,4.65,17,513.0,19,5A-5-138,lateral,1861.0,1878.0,18.0,1,160.0,0,2
5A-5-142,5A-5,lateral,1,1,23.6,23.6,1,0,1,1,1,0.0,,,,1,23.6,1,5A-5-141,lateral,1876.0,1876.0,1.0,1,160.0,1,3
5A-5-143,5A-5,lateral,1,1,25.1,25.1,2,0,1,1,1,0.0,,,,2,25.1,1,5A-5-141,lateral,1871.0,1871.0,1.0,1,160.0,1,3
5A-5-144,5A-5,lateral,7,7,183.1,24.9,6,0,1,1,1,0.403,109.7,47.2,2.33,9,238.7,9,5A-5-141,lateral,1852.0,1860.0,9.0,1,160.0,0,3
5A-5-145,5A-5,lateral,1,1,24.7,24.7,1,0,1,1,1,0.0,,,,1,24.7,1,5A-5-144,lateral,1851.0,1851.0,1.0,1,160.0,1,4
5A-5-146,5A-5,lateral,1,1,30.9,30.9,2,0,1,1,1,0.0,,,,2,30.9,1,5A-5-144,lateral,1858.0,1858.0,1.0,1,160.0,1,4
5A-5-147,5A-5,lateral,1,1,35.5,35.5,3,0,1,1,1,0.0,,,,3,35.5,1,5A-5-148,lateral,1884.0,1884.0,1.0,1,160.0,1,3
5A-5-148,5A-5,lateral,4,4,134.1,34.3,5,0,1,1,1,0.157,104.2,29.9,3.48,8,169.6,5,5A-5-138,lateral,1880.0,1883.0,4.0,1,160.0,1,2
5A-5-149,5A-5,lateral,1,1,19.7,19.7,0,0,1,1,1,0.0,,,,0,19.7,1,5A-5-150,lateral,1813.0,1813.0,1.0,1,160.0,1,2
5A-5-15,5A-5,lateral,17,17,471.2,29.9,17,0,1,1,1,1.676,261.1,94.8,2.75,29,773.6,27,5A-5-22,lateral,1329.0,1357.0,29.0,1,160.0,0,2
5A-5-150,5A-5,lateral,11,11,319.7,30.5,11,0,1,1,1,1.226,173.2,125.5,1.38,24,527.5,19,5A-5-SM.3,sub_main,1802.0,1815.0,14.0,1,160.0,0,1
5A-5-151,5A-5,lateral,1,1,18.5,18.5,1,0,1,1,1,0.0,,,,1,18.5,1,5A-5-150,lateral,1809.0,1809.0,1.0,1,160.0,1,2
5A-5-152,5A-5,lateral,5,5,148.0,30.9,12,0,1,1,1,0.14,125.7,22.3,5.64,12,169.5,6,5A-5-150,lateral,1720.0,1819.0,100.0,1,160.0,0,2
5A-5-153,5A-5,lateral,1,1,21.6,21.6,0,0,1,1,1,0.0,,,,0,21.6,1,5A-5-152,lateral,1816.0,1816.0,1.0,1,160.0,1,3
5A-5-154,5A-5,lateral,22,22,674.7,30.2,28,0,1,1,1,4.51,414.6,158.8,2.61,48,1398.3,46,5A-5-SM.3,sub_main,2221.0,2383.0,163.0,1,160.0,0,1
5A-5-155,5A-5,lateral,1,1,30.0,30.0,0,0,1,1,1,0.0,,,,0,49.2,2,5A-5-154,lateral,2249.0,2249.0,1.0,1,160.0,1,2
5A-5-156,5A-5,lateral,7,7,202.5,27.8,12,0,2,2,0,0.425,189.4,44.3,4.28,15,214.6,7,5A-5-154,lateral,2241.0,2248.0,8.0,1,160.0,0,2
5A-5-157,5A-5,lateral,1,1,31.3,31.3,3,0,1,1,1,0.0,,,,3,31.3,1,5A-5-156,lateral,2246.0,2246.0,1.0,1,160.0,1,3
5A-5-158,5A-5,lateral,9,9,240.8,26.0,1,0,1,1,1,0.366,208.6,33.9,6.15,4,434.5,14,5A-5-154,lateral,2227.0,2385.0,159.0,1,160.0,0,2
5A-5-159,5A-5,lateral,5,5,193.7,38.6,3,0,1,1,1,0.001,193.7,0.1,,3,193.7,5,5A-5-158,lateral,2234.0,2238.0,5.0,1,160.0,1,3
5A-5-16,5A-5,lateral,6,6,162.8,25.4,6,0,1,1,1,0.263,126.8,41.0,3.09,6,162.8,6,5A-5-15,lateral,1340.0,1347.0,8.0,1,160.0,0,3
5A-5-160,5A-5,lateral,1,1,25.3,25.3,1,0,1,1,1,0.0,,,,1,25.3,1,5A-5-154,lateral,2333.0,2333.0,1.0,1,160.0,1,2
5A-5-161,5A-5,lateral,14,14,410.6,28.0,11,0,1,1,1,1.888,299.0,94.2,3.17,28,806.7,26,5A-5-SM.3,sub_main,2297.0,2382.0,86.0,1,160.0,0,1
5A-5-162,5A-5,lateral,5,5,164.0,33.0,7,0,1,1,1,0.314,119.7,52.3,2.29,7,200.6,6,5A-5-161,lateral,2299.0,2304.0,6.0,1,160.0,0,2
5A-5-163,5A-5,lateral,1,1,36.6,36.6,0,0,1,1,1,0.0,,,,0,36.6,1,5A-5-162,lateral,2302.0,2302.0,1.0,1,160.0,1,3
5A-5-164,5A-5,lateral,4,4,133.8,34.4,4,0,1,1,1,0.163,107.3,29.9,3.59,9,165.1,5,5A-5-161,lateral,2315.0,2319.0,5.0,1,160.0,0,2
5A-5-165,5A-5,lateral,1,1,31.3,31.3,5,0,1,1,1,0.0,,,,5,31.3,1,5A-5-164,lateral,2317.0,2317.0,1.0,1,160.0,1,3
5A-5-166,5A-5,lateral,2,2,58.4,29.2,0,0,1,1,1,0.0,58.4,0.0,,0,58.4,2,5A-5-168,lateral,1849.0,1850.0,2.0,1,160.0,1,2
5A-5-167,5A-5,lateral,1,1,30.5,30.5,1,0,1,1,1,0.0,,,,1,30.5,1,5A-5-161,lateral,2311.0,2311.0,1.0,1,160.0,1,2
5A-5-168,5A-5,lateral,9,9,318.8,36.1,34,0,1,1,1,0.544,263.1,29.5,8.9,34,377.1,11,5A-5-SM.3,sub_main,1840.0,1848.0,9.0,1,160.0,1,1
5A-5-169,5A-5,lateral,18,18,590.3,33.9,0,0,1,1,1,2.47,471.6,83.9,5.62,0,658.6,20,5A-5-SM.4,sub_main,1048.0,1067.0,20.0,1,160.0,0,1
5A-5-17,5A-5,lateral,1,1,23.4,23.4,1,0,1,1,1,0.0,,,,1,23.4,1,5A-5-15,lateral,1328.0,1328.0,1.0,1,160.0,1,3
5A-5-170,5A-5,lateral,2,2,68.3,34.2,0,0,1,1,1,0.0,68.3,0.0,,0,68.3,2,5A-5-169,lateral,1055.0,1056.0,2.0,1,160.0,1,2
5A-5-171,5A-5,lateral,9,9,257.7,27.9,0,0,1,1,1,0.594,163.7,62.1,2.64,0,287.2,10,5A-5-178,lateral,1109.0,2369.0,1261.0,1,160.0,0,2
5A-5-172,5A-5,lateral,1,1,29.5,29.5,0,0,1,1,1,0.0,,,,0,29.5,1,5A-5-171,lateral,1114.0,1114.0,1.0,1,160.0,1,3
5A-5-175,5A-5,lateral,2,2,53.3,26.6,0,0,1,1,1,0.001,53.3,0.2,,0,53.3,2,5A-5-178,lateral,1099.0,1100.0,2.0,1,160.0,1,2
5A-5-176,5A-5,lateral,4,4,131.9,32.9,0,0,1,1,1,0.001,131.9,0.1,,0,131.9,4,5A-5-177,lateral,1089.0,1092.0,4.0,1,160.0,1,3
5A-5-177,5A-5,lateral,3,3,72.3,22.0,0,0,1,1,1,0.001,72.3,0.4,,0,204.2,7,5A-5-178,lateral,1087.0,2391.0,1305.0,1,160.0,0,2
5A-5-178,5A-5,lateral,27,27,813.0,29.3,0,0,1,1,1,5.936,647.9,178.5,3.63,0,2466.6,82,5A-5-SM.4,sub_main,1069.0,2390.0,1322.0,1,160.0,0,1
5A-5-179,5A-5,lateral,3,3,88.4,30.0,0,0,1,1,1,0.002,88.4,0.4,,0,88.4,3,5A-5-180,lateral,1118.0,1120.0,3.0,1,160.0,1,3
5A-5-18,5A-5,lateral,3,3,94.5,30.0,5,0,1,1,1,0.0,94.5,0.0,,5,94.5,3,5A-5-22,lateral,1397.0,1399.0,3.0,1,160.0,1,2
5A-5-180,5A-5,lateral,18,18,591.8,33.8,0,0,1,1,1,3.743,370.8,160.8,2.31,0,680.3,21,5A-5-178,lateral,1121.0,1150.0,30.0,1,160.0,0,2
5A-5-181,5A-5,lateral,11,11,320.4,31.7,0,0,1,1,1,1.123,248.6,86.4,2.88,0,428.7,15,5A-5-178,lateral,1135.0,1153.0,19.0,1,160.0,0,2
5A-5-182,5A-5,lateral,4,4,108.4,26.6,0,0,1,1,1,0.001,108.4,0.1,,0,108.4,4,5A-5-181,lateral,1131.0,1134.0,4.0,1,160.0,1,3
5A-5-19,5A-5,lateral,4,4,132.3,33.2,2,0,1,1,1,0.168,104.7,31.5,3.33,2,132.3,4,5A-5-22,lateral,1400.0,1406.0,7.0,1,160.0,0,2
5A-5-20,5A-5,lateral,3,3,93.0,30.7,22,0,1,1,1,0.011,92.9,1.9,49.12,22,93.0,3,5A-5-22,lateral,1402.0,1404.0,3.0,1,160.0,1,2
5A-5-21,5A-5,lateral,5,5,129.5,28.1,4,0,1,1,1,0.189,108.4,34.8,3.11,4,129.5,5,5A-5-22,lateral,1377.0,1381.0,5.0,1,160.0,1,2
5A-5-22,5A-5,lateral,21,21,589.3,27.1,9,0,1,1,1,4.313,438.9,137.4,3.19,105,2318.3,81,5A-5-SM.1,sub_main,1358.0,1742.0,385.0,1,160.0,0,1
5A-5-23,5A-5,lateral,1,1,25.0,25.0,1,0,1,1,1,0.0,,,,1,25.0,1,5A-5-22,lateral,1557.0,1557.0,1.0,1,160.0,1,2
5A-5-24,5A-5,lateral,5,5,126.7,24.0,30,0,1,1,1,0.191,94.5,40.2,2.35,30,126.7,5,5A-5-22,lateral,1553.0,1558.0,6.0,1,160.0,0,2
5A-5-25,5A-5,lateral,5,5,125.8,23.8,2,0,1,1,1,0.217,81.0,42.4,1.91,2,125.8,5,5A-5-22,lateral,1359.0,1365.0,7.0,1,160.0,0,2
5A-5-26,5A-5,lateral,7,7,228.6,34.8,1,0,1,1,1,0.527,162.3,54.7,2.97,1,228.6,7,5A-5-22,lateral,1742.0,1748.0,7.0,1,160.0,1,2
5A-5-27,5A-5,lateral,11,11,329.3,31.3,1,0,1,1,1,1.192,246.7,96.5,2.56,8,558.5,18,5A-5-SM.1,sub_main,1288.0,1298.0,11.0,1,160.0,1,1
5A-5-28,5A-5,lateral,7,7,229.3,31.5,7,0,1,1,1,0.005,229.2,0.3,,7,229.3,7,5A-5-27,lateral,1281.0,1287.0,7.0,1,160.0,1,2
5A-5-29,5A-5,lateral,12,12,358.9,30.3,1,0,1,1,1,1.227,282.5,86.7,3.26,5,559.9,18,5A-5-SM.1,sub_main,1299.0,2362.0,1064.0,1,160.0,0,1
5A-5-30,5A-5,lateral,4,4,142.3,37.1,4,0,1,1,1,0.004,142.3,0.3,,4,142.3,4,5A-5-29,lateral,1311.0,1314.0,4.0,1,160.0,1,2
5A-5-31,5A-5,lateral,2,2,58.7,29.3,0,0,1,1,1,0.0,58.7,0.0,,0,58.7,2,5A-5-29,lateral,1315.0,1316.0,2.0,1,160.0,1,2
5A-5-32,5A-5,lateral,13,13,342.6,27.5,11,0,1,1,1,1.178,254.1,69.7,3.64,12,405.3,15,5A-5-SM.1,sub_main,1214.0,2360.0,1147.0,1,160.0,0,1
5A-5-33,5A-5,lateral,1,1,39.4,39.4,0,0,1,1,1,0.0,,,,0,39.4,1,5A-5-32,lateral,1216.0,1216.0,1.0,1,160.0,1,2
5A-5-34,5A-5,lateral,1,1,23.2,23.2,1,0,1,1,1,0.0,,,,1,23.2,1,5A-5-32,lateral,1226.0,1226.0,1.0,1,160.0,1,2
5A-5-35,5A-5,lateral,15,15,410.4,26.5,3,0,1,1,1,1.279,328.4,62.9,5.22,16,1105.6,40,5A-5-SM.1,sub_main,1179.0,1229.0,51.0,1,160.0,0,1
5A-5-36,5A-5,lateral,9,9,260.9,29.3,5,0,1,1,1,0.001,260.9,0.1,,5,260.9,9,5A-5-35,lateral,1189.0,1197.0,9.0,1,160.0,1,2
5A-5-37,5A-5,lateral,1,1,12.1,12.1,0,0,1,1,1,0.0,,,,0,12.1,1,5A-5-35,lateral,1230.0,1230.0,1.0,1,160.0,1,2
5A-5-38,5A-5,lateral,6,6,158.1,26.2,2,0,1,1,1,0.256,140.2,36.6,3.83,2,158.1,6,5A-5-35,lateral,1173.0,1178.0,6.0,1,160.0,1,2
5A-5-39,5A-5,lateral,8,8,248.7,33.0,2,0,1,1,1,0.533,223.9,42.1,5.32,6,264.0,9,5A-5-35,lateral,1231.0,1238.0,8.0,1,160.0,1,2
5A-5-40,5A-5,lateral,1,1,15.3,15.3,4,0,1,1,1,0.0,,,,4,15.3,1,5A-5-39,lateral,1239.0,1239.0,1.0,1,160.0,1,3
5A-5-41,5A-5,lateral,15,15,443.3,30.8,15,0,1,1,1,1.672,224.6,123.0,1.83,20,557.9,18,5A-5-46,lateral,1996.0,2014.0,19.0,1,160.0,0,2
5A-5-42,5A-5,lateral,3,3,114.6,38.7,5,0,1,1,1,0.0,114.6,0.1,,5,114.6,3,5A-5-41,lateral,1999.0,2001.0,3.0,1,160.0,1,3
5A-5-43,5A-5,lateral,4,4,115.7,29.0,8,0,1,1,1,0.165,81.9,40.2,2.04,8,115.7,4,5A-5-46,lateral,1991.0,1994.0,4.0,1,160.0,1,2
5A-5-44,5A-5,lateral,1,1,16.7,16.7,1,0,1,1,1,0.0,,,,1,16.7,1,5A-5-45,lateral,2021.0,2021.0,1.0,1,160.0,1,3
5A-5-45,5A-5,lateral,10,10,260.0,26.1,20,0,1,1,1,0.64,197.9,62.3,3.18,21,276.7,11,5A-5-46,lateral,2019.0,2030.0,12.0,1,160.0,0,2
5A-5-46,5A-5,lateral,8,8,258.3,34.1,9,0,1,1,1,0.563,207.3,43.2,4.8,58,1208.6,41,5A-5-SM.2,sub_main,1995.0,2032.0,38.0,1,160.0,0,1
5A-5-47,5A-5,lateral,13,13,367.6,26.9,7,0,1,1,1,1.498,238.6,75.1,3.18,36,788.7,28,5A-5-SM.2,sub_main,2011.0,2374.0,364.0,1,160.0,0,1
5A-5-48,5A-5,lateral,3,3,72.7,23.4,1,0,1,1,1,0.0,72.7,0.0,,1,105.2,4,5A-5-47,lateral,2101.0,2375.0,275.0,1,160.0,0,2
5A-5-49,5A-5,lateral,1,1,32.5,32.5,0,0,1,1,1,0.0,,,,0,32.5,1,5A-5-48,lateral,2099.0,2099.0,1.0,1,160.0,1,3
5A-5-50,5A-5,lateral,4,4,92.7,23.1,7,0,1,1,1,0.003,92.7,0.6,,7,92.7,4,5A-5-47,lateral,2093.0,2376.0,284.0,1,160.0,0,2
5A-5-51,5A-5,lateral,5,5,148.9,31.9,11,0,1,1,1,0.004,148.9,0.5,,11,148.9,5,5A-5-47,lateral,2106.0,2110.0,5.0,1,160.0,1,2
5A-5-52,5A-5,lateral,2,2,74.2,37.1,10,0,1,1,1,0.0,74.2,0.0,,10,74.2,2,5A-5-47,lateral,2091.0,2092.0,2.0,1,160.0,1,2
5A-5-57,5A-5,lateral,11,11,353.4,31.7,26,0,1,1,1,1.485,218.9,121.7,1.8,29,388.2,13,5A-5-60,lateral,1689.0,2370.0,682.0,1,160.0,0,2
5A-5-58,5A-5,lateral,1,1,19.8,19.8,2,0,1,1,1,0.0,,,,2,19.8,1,5A-5-57,lateral,1688.0,1688.0,1.0,1,160.0,1,3
5A-5-59,5A-5,lateral,1,1,15.0,15.0,1,0,1,1,1,0.0,,,,1,15.0,1,5A-5-57,lateral,1698.0,1698.0,1.0,1,160.0,1,3
5A-5-6,5A-5,lateral,8,8,213.6,27.7,0,0,1,1,1,0.542,155.1,69.9,2.22,0,213.6,8,5A-5-SM.1,sub_main,1535.0,1542.0,8.0,1,160.0,1,1
5A-5-60,5A-5,lateral,13,13,453.9,35.2,27,0,1,1,1,2.214,242.6,114.5,2.12,57,879.0,27,5A-5-SM.1,sub_main,1599.0,2368.0,770.0,1,160.0,0,1
5A-5-61,5A-5,lateral,1,1,36.9,36.9,1,0,1,1,1,0.0,,,,1,36.9,1,5A-5-60,lateral,1706.0,1706.0,1.0,1,160.0,1,2
5A-5-62,5A-5,lateral,1,1,36.7,36.7,3,0,1,1,1,0.0,,,,3,36.7,1,5A-5-63,lateral,1680.0,1680.0,1.0,1,160.0,1,2
5A-5-63,5A-5,lateral,9,9,283.1,33.2,12,0,1,1,1,0.815,194.1,63.4,3.06,15,319.8,10,5A-5-SM.1,sub_main,1371.0,1686.0,316.0,1,160.0,0,1
5A-5-64,5A-5,lateral,1,1,20.2,20.2,1,0,1,1,1,0.0,,,,1,20.2,1,5A-5-65,lateral,1675.0,1675.0,1.0,1,160.0,1,2
5A-5-65,5A-5,lateral,15,15,419.1,30.8,10,0,1,1,1,1.854,276.4,94.8,2.92,39,864.8,32,5A-5-SM.1,sub_main,1646.0,2392.0,747.0,1,160.0,0,1
5A-5-66,5A-5,lateral,4,4,103.1,26.3,1,0,1,1,1,0.0,103.1,0.0,,1,103.1,4,5A-5-65,lateral,1665.0,1668.0,4.0,1,160.0,1,2
5A-5-68,5A-5,lateral,6,6,179.0,30.7,17,0,1,1,1,0.373,93.2,65.1,1.43,17,179.0,6,5A-5-65,lateral,1654.0,1659.0,6.0,1,160.0,1,2
5A-5-69,5A-5,lateral,1,1,18.6,18.6,4,0,1,1,1,0.0,,,,4,18.6,1,5A-5-65,lateral,1653.0,1653.0,1.0,1,160.0,1,2
5A-5-7,5A-5,lateral,16,16,434.7,27.4,44,0,1,1,1,2.319,315.8,116.3,2.72,68,654.1,23,5A-5-SM.1,sub_main,1462.0,1501.0,40.0,1,160.0,0,1
5A-5-70,5A-5,lateral,1,1,19.3,19.3,1,0,1,1,1,0.0,,,,1,19.3,1,5A-5-72,lateral,1662.0,1662.0,1.0,1,160.0,1,3
5A-5-71,5A-5,lateral,1,1,20.3,20.3,3,0,1,1,1,0.0,,,,3,20.3,1,5A-5-65,lateral,1645.0,1645.0,1.0,1,160.0,1,2
5A-5-72,5A-5,lateral,3,3,85.1,30.5,2,0,1,1,1,0.066,67.2,19.8,3.4,3,104.4,4,5A-5-65,lateral,1661.0,1664.0,4.0,1,160.0,0,2
5A-5-73,5A-5,lateral,9,9,306.8,34.9,10,0,1,1,1,1.162,217.6,99.9,2.18,10,407.2,12,5A-5-76,lateral,1633.0,1641.0,9.0,1,160.0,1,2
5A-5-74,5A-5,lateral,3,3,100.4,36.1,0,0,1,1,1,0.001,100.4,0.2,,0,100.4,3,5A-5-73,lateral,1642.0,1644.0,3.0,1,160.0,1,3
5A-5-75,5A-5,lateral,1,1,21.2,21.2,1,0,1,1,1,0.0,,,,1,21.2,1,5A-5-76,lateral,1621.0,1621.0,1.0,1,160.0,1,2
5A-5-76,5A-5,lateral,8,8,270.9,34.2,8,0,1,1,1,0.631,205.2,44.5,4.61,20,720.8,22,5A-5-SM.1,sub_main,1622.0,1630.0,9.0,1,160.0,0,1
5A-5-77,5A-5,lateral,1,1,21.5,21.5,1,0,1,1,1,0.0,,,,1,21.5,1,5A-5-76,lateral,1628.0,1628.0,1.0,1,160.0,1,2
5A-5-78,5A-5,lateral,1,1,33.7,33.7,0,0,1,1,1,0.0,,,,0,33.7,1,5A-5-79,lateral,1612.0,1612.0,1.0,1,160.0,1,2
5A-5-79,5A-5,lateral,17,17,502.6,29.7,9,0,1,1,1,2.56,282.0,121.9,2.31,40,1081.4,36,5A-5-SM.1,sub_main,1583.0,1611.0,29.0,1,160.0,0,1
5A-5-8,5A-5,lateral,4,4,131.0,33.8,12,0,1,1,1,0.209,84.9,35.3,2.41,12,131.0,4,5A-5-7,lateral,1466.0,1469.0,4.0,1,160.0,1,2
5A-5-80,5A-5,lateral,1,1,31.8,31.8,1,0,1,1,1,0.0,,,,1,31.8,1,5A-5-79,lateral,1606.0,1606.0,1.0,1,160.0,1,2
5A-5-81,5A-5,lateral,1,1,33.0,33.0,1,0,1,1,1,0.0,,,,1,33.0,1,5A-5-79,lateral,1599.0,1599.0,1.0,1,160.0,1,2
5A-5-82,5A-5,lateral,1,1,25.5,25.5,2,0,1,1,1,0.0,,,,2,25.5,1,5A-5-83,lateral,1591.0,1591.0,1.0,1,160.0,1,3
5A-5-83,5A-5,lateral,7,7,240.3,35.6,17,0,1,1,1,0.28,214.2,26.2,8.19,19,265.8,8,5A-5-79,lateral,1585.0,1592.0,8.0,1,160.0,0,2
5A-5-84,5A-5,lateral,1,1,30.4,30.4,3,0,1,1,1,0.0,,,,3,30.4,1,5A-5-79,lateral,1602.0,1602.0,1.0,1,160.0,1,2
5A-5-85,5A-5,lateral,1,1,27.4,27.4,1,0,1,1,1,0.0,,,,1,27.4,1,5A-5-87,lateral,1618.0,1618.0,1.0,1,160.0,1,3
5A-5-86,5A-5,lateral,1,1,27.1,27.1,3,0,1,1,1,0.0,,,,3,27.1,1,5A-5-87,lateral,1615.0,1615.0,1.0,1,160.0,1,3
5A-5-87,5A-5,lateral,5,5,129.5,28.3,3,0,1,1,1,0.155,103.2,27.7,3.73,7,184.1,7,5A-5-79,lateral,1613.0,1620.0,8.0,1,160.0,0,2
5A-5-89,5A-5,lateral,1,1,24.4,24.4,2,0,1,1,1,0.0,,,,2,24.4,1,5A-5-90,lateral,1578.0,1578.0,1.0,1,160.0,1,2
5A-5-9,5A-5,lateral,3,3,88.5,28.8,12,0,1,1,1,0.009,88.3,2.0,43.38,12,88.5,3,5A-5-7,lateral,2364.0,2366.0,3.0,1,160.0,1,2
5A-5-90,5A-5,lateral,9,9,276.3,28.7,2,0,1,1,1,0.702,201.7,52.0,3.88,6,334.0,11,5A-5-SM.1,sub_main,1241.0,1581.0,341.0,1,160.0,0,1
5A-5-91,5A-5,lateral,1,1,33.4,33.4,2,0,1,1,1,0.0,,,,2,33.4,1,5A-5-90,lateral,1240.0,1240.0,1.0,1,160.0,1,2
5A-5-92,5A-5,lateral,1,1,12.9,12.9,3,0,1,1,1,0.0,,,,3,12.9,1,5A-5-96,lateral,1250.0,1250.0,1.0,1,160.0,1,2
5A-5-93,5A-5,lateral,1,1,25.1,25.1,0,0,1,1,1,0.0,,,,0,25.1,1,5A-5-96,lateral,1245.0,1245.0,1.0,1,160.0,1,2
5A-5-94,5A-5,lateral,1,1,16.9,16.9,0,0,1,1,1,0.0,,,,0,16.9,1,5A-5-96,lateral,1254.0,1254.0,1.0,1,160.0,1,2
5A-5-95,5A-5,lateral,2,2,60.1,30.0,4,0,1,1,1,0.0,60.1,0.0,,4,60.1,2,5A-5-96,lateral,1260.0,1261.0,2.0,1,160.0,1,2
5A-5-96,5A-5,lateral,13,13,385.1,31.0,15,0,1,1,1,1.054,230.4,65.4,3.52,22,500.0,18,5A-5-TM,trunk_main,1246.0,2377.0,1132.0,1,160.0,0,1
5A-5-97,5A-5,lateral,1,1,19.0,19.0,1,0,1,1,1,0.0,,,,1,19.0,1,5A-5-98,lateral,1567.0,1567.0,1.0,1,160.0,1,2
5A-5-98,5A-5,lateral,11,11,304.8,25.8,15,0,1,1,1,0.813,241.6,53.9,4.49,16,323.8,12,5A-5-TM,trunk_main,1564.0,1582.0,19.0,1,160.0,0,1
5A-5-99,5A-5,lateral,28,28,889.1,31.4,37,0,1,1,1,7.602,671.6,207.8,3.23,73,1449.2,46,5A-5-SM.2,sub_main,1961.0,1990.0,30.0,1,160.0,0,1
5A-5-SM.1,5A-5,sub_main,59,59,1769.2,31.4,6,0,1,1,1,7.341,1739.3,80.9,21.5,472,12865.4,436,5A-5-TM,trunk_main,1201.0,1739.0,539.0,1,160.0,0,0
5A-5-SM.2,5A-5,sub_main,59,59,1804.9,29.8,12,0,1,1,1,14.964,1737.7,166.3,10.45,686,15994.4,527,5A-5-TM,trunk_main,1786.0,2378.0,593.0,1,160.0,0,0
5A-5-SM.3,5A-5,sub_main,45,45,1545.2,35.0,74,0,1,1,1,26.396,1166.1,449.3,2.6,225,5201.5,165,5A-5-SM.2,sub_main,1800.0,2341.0,542.0,1,160.0,0,0
5A-5-SM.4,5A-5,sub_main,26,26,832.0,32.0,18,0,1,1,1,6.096,707.6,171.9,4.12,18,3957.2,128,5A-5-TM,trunk_main,1042.0,1199.0,158.0,1,160.0,0,0
5A-5-TM,5A-5,trunk_main,16,16,6160.4,35.4,55,0,1,1,1,56.492,3230.7,349.7,9.24,1292,40345.5,1155,5A-1-FL,force_line,1161.0,1759.0,599.0,1,200.0,0,0
