FEATUREID,PKG,ZONE2,TIER2,DS_MHID,UP_PROPS,UP_LEN,UP_PIPES
L011421,5A-4,5A-4-TM,trunk_main,5A-4-SM-MH917,796.0,24146.21,825.0
L010758,5A-2,5A-2-TM,trunk_main,5A-2-TM-MH6012,698.0,20029.56,689.0
L010724,5A-2,5A-2-TM,trunk_main,5A-2-TM-MH6008,656.0,18632.83,642.0
L011982,5A-5,5A-5-TM,trunk_main,5A-5-TM-MH1759,566.0,18702.81,627.0
L010769,5A-2,5A-2-TM,trunk_main,5A-2-TM-MH189,421.0,12009.76,425.0
L010775,5A-2,5A-2-TM,trunk_main,5A-2-TM-MH179,368.0,9999.53,349.0
L010697,5A-2,5A-2-TM,trunk_main,5A-2-TM-MH161,265.0,5669.3,206.0
L011550,5A-4,5A-4-92,lateral,5A-4-SM.6-MH933,136.0,1320.54,43.0
L010621,5A-2,5A-2-70,lateral,5A-2-SM.3-MH441,120.0,2351.16,73.0
L009490,5A-5,5A-5-22,lateral,5A-5-SM.1-MH1320,105.0,2318.32,81.0
L011499,5A-4,5A-4-103,lateral,5A-4-SM.6-MH945,81.0,1151.1,47.0
L011909,5A-5,5A-5-99,lateral,5A-5-SM.2-MH1960,73.0,1449.17,46.0
L012027,5A-5,5A-5-7,lateral,5A-5-SM.1-MH1461,68.0,654.13,23.0
L010928,5A-2,5A-2-63,lateral,5A-2-SM.3-MH450,58.0,2049.16,69.0
L012420,5A-5,5A-5-46,lateral,5A-5-SM.2-MH2067,58.0,1208.62,41.0
L012520,5A-5,5A-5-60,lateral,5A-5-SM.1-MH1736,57.0,879.04,27.0
L012041,5A-5,5A-5-112,lateral,5A-5-SM.2-MH1911,53.0,838.75,29.0
L011688,5A-5,5A-5-154,lateral,5A-5-SM.3-MH2331,48.0,1398.31,46.0
L012304,5A-5,5A-5-132,lateral,5A-5-SM.2-MH1936,47.0,890.0,30.0
L011706,5A-5,5A-5-138,lateral,5A-5-SM.2-MH1894,47.0,1414.18,49.0
L009489,5A-5,5A-5-13,lateral,5A-5-SM.1-MH1452,44.0,884.79,30.0
L011817,5A-5,5A-5-79,lateral,5A-5-SM.1-MH1263,40.0,1081.43,36.0
L011953,5A-5,5A-5-65,lateral,5A-5-SM.1-MH1279,39.0,864.82,32.0
L011071,5A-2,5A-2-50,lateral,5A-2-SM.2-MH391,39.0,1234.24,50.0
L012432,5A-5,5A-5-47,lateral,5A-5-SM.2-MH2076,36.0,788.69,28.0
L011429,5A-4,5A-4-99,lateral,5A-4-SM.6-MH945,35.0,627.74,24.0
L012225,5A-5,5A-5-168,lateral,5A-5-SM.3-MH1839,34.0,377.15,11.0
L012330,5A-5,5A-5-114,lateral,5A-5-SM.2-MH1786,32.0,374.58,10.0
L011940,5A-5,5A-5-103,lateral,5A-5-SM.2-MH1937,31.0,687.27,24.0
L012025,5A-5,5A-5-10,lateral,5A-5-SM.1-MH1459,31.0,196.19,6.0
L012177,5A-5,5A-5-125,lateral,5A-5-SM.2-MH2072,31.0,683.21,24.0
L011039,5A-2,5A-2-54,lateral,5A-2-SM.3-MH419,30.0,777.27,27.0
L012228,5A-5,5A-5-161,lateral,5A-5-SM.3-MH2322,28.0,806.67,26.0
L010654,5A-2,5A-2-83,lateral,5A-2-SM.5-MH731,26.0,934.55,33.0
L010630,5A-2,5A-2-33,lateral,5A-2-SM.1-MH272,26.0,821.04,25.0
L012165,5A-5,5A-5-150,lateral,5A-5-SM.3-MH1801,24.0,527.48,19.0
L012337,5A-5,5A-5-113,lateral,5A-5-SM.2-MH1895,23.0,253.28,8.0
L011947,5A-5,5A-5-76,lateral,5A-5-SM.1-MH1631,20.0,720.81,22.0
L011520,5A-4,5A-4-113,lateral,5A-4-SM.6-MH924,19.0,126.26,5.0
L012721,5A-5,5A-5-128,lateral,5A-5-SM.2-MH2111,18.0,400.32,14.0
L010739,5A-2,5A-2-61,lateral,5A-2-SM.4-MH462,17.0,243.84,8.0
L012194,5A-5,5A-5-131,lateral,5A-5-SM.3-MH2167,17.0,546.66,18.0
L010713,5A-2,5A-2-80,lateral,5A-2-SM.5-MH845,16.0,659.61,22.0
L011446,5A-4,5A-4-108,lateral,5A-4-SM.6-MH927,16.0,317.52,13.0
L012535,5A-5,5A-5-35,lateral,5A-5-SM.1-MH1209,16.0,1105.55,40.0
L011969,5A-5,5A-5-63,lateral,5A-5-SM.1-MH1323,15.0,319.77,10.0
L011218,5A-2,5A-2-79,lateral,5A-2-SM.5-MH740,14.0,264.57,10.0
L011213,5A-2,5A-2-40,lateral,5A-2-SM.1-MH275,12.0,219.51,7.0
L012561,5A-5,5A-5-32,lateral,5A-5-SM.1-MH1213,12.0,405.28,15.0
L011515,5A-4,5A-4-112,lateral,5A-4-SM.6-MH925,11.0,128.95,6.0
L010680,5A-2,5A-2-86,lateral,5A-2-SM.1-MH226,11.0,239.11,9.0
L010659,5A-2,5A-2-59,lateral,5A-2-SM.4-MH490,10.0,265.39,8.0
L010618,5A-2,5A-2-58,lateral,5A-2-SM.3-MH421,9.0,257.53,10.0
L011061,5A-2,5A-2-52,lateral,5A-2-SM.2-MH394,8.0,104.93,4.0
L011192,5A-2,5A-2-32,lateral,5A-2-SM.1-MH248,8.0,176.65,6.0
L011759,5A-5,5A-5-27,lateral,5A-5-SM.1-MH1631,8.0,558.53,18.0
L011447,5A-4,5A-4-98,lateral,5A-4-SM.6-MH942,8.0,142.2,4.0
L010635,5A-2,5A-2-37,lateral,5A-2-SM.1-MH274,6.0,205.08,7.0
L012470,5A-5,5A-5-90,lateral,5A-5-SM.1-MH1208,6.0,334.04,11.0
L011209,5A-2,5A-2-30,lateral,5A-2-SM.1-MH263,6.0,191.18,6.0
L011770,5A-5,5A-5-29,lateral,5A-5-SM.1-MH1265,5.0,559.88,18.0
L011156,5A-2,5A-2-31,lateral,5A-2-SM.1-MH246,4.0,332.91,13.0
L010738,5A-2,5A-2-60,lateral,5A-2-SM.4-MH462,3.0,291.94,10.0
L012140,5A-5,5A-5-178,lateral,5A-5-SM.4-MH1068,0.0,2466.64,82.0
L012651,5A-5,5A-5-169,lateral,5A-5-SM.4-MH1047,0.0,658.58,20.0
L011064,5A-2,5A-2-51,lateral,5A-2-SM.2-MH395,0.0,100.83,4.0
L012152,5A-5,5A-5-6,lateral,5A-5-SM.1-MH1526,0.0,213.56,8.0
