BID,NODE,CAUSE,CAUSE_PHY,CHAINED,DEPTH_M,MARGIN_M,LIFT_M,GROUND,RUN_M,RUN_N,GFALL_M,PFALL_M,GGRAD_PCT,PGRAD_PCT,RIDGE_M,RIDGE_D,DSFALL_M,DSDIST_M,MAXREACH,QADF_M3D,QPK_LS,PLOTS_UP,SUBNET,SREQ_PCT,SREQM_PCT,DN_REQ,DN_NOW,STRACT_PCT,REDUCIBLE,SLACK_M,SLACKMID_M,RED_FULL,SLACKFUL_M,FULL_M,FULL_N,RED_T11,SLACK_T11,UPSIZE_KM,DN_UP,LINK_PCT,AUTO_PCT,WADI_PCT,HAZ_COV,E_REASON,ARTFALL_M,EMPTY_KM,ALT_N,ALT_DZ_M,LOWFLOW,HEAD,CHAIN_RT,CHAIN_POS,RED_SEQ,SLACKSEQ,RED_SEQT11,BLOCKER,FIX
1,37,B,B,0,16.79,4.79,15.19,324.42,1437.8,3,-8.0,7.19,-0.5567,0.5,8.62,549.8,0.0,0.0,988.9,16.3,0.67,22,5,0.1666,0.1666,500,200,0.4669,0,-4.27,-4.27,0,-4.27,1437.8,3,1,0.72,1.438,250,0.0,0.0,0.0,15.9,-,0.0,1.438,0,0.0,1,19,37,0,0,-4.27,1,TRACTIVE,NO SEWER / RETHINK
2,44,C,C,0,13.26,1.26,11.66,327.04,545.7,2,-8.94,2.73,-1.6373,0.5,8.94,545.7,8.19,459.4,545.7,11.9,0.49,16,5,0.2684,0.2684,400,200,0.4669,0,-1.03,-1.03,0,-1.03,545.7,2,1,0.46,0.546,250,0.0,0.0,0.0,0.0,-,0.0,0.546,0,0.0,1,45,44,0,0,-1.03,1,TRACTIVE,NO SEWER / RETHINK
3,76,C,C,0,13.11,1.11,11.51,333.19,745.8,4,-7.78,3.73,-1.0427,0.5,7.78,745.8,4.0,1675.2,450.3,17.7,0.67,17,5,0.3517,0.3517,315,200,0.4669,0,-0.81,-0.81,0,-0.81,745.8,4,1,1.46,0.746,250,0.0,0.0,0.0,21.2,-,0.0,0.746,0,0.0,1,13370,76,0,0,-0.81,1,TRACTIVE,NO SEWER / RETHINK
4,107,C,C,0,12.5,0.5,10.9,334.73,607.6,6,-7.86,3.04,-1.2941,0.5,7.86,607.6,7.05,1531.6,166.2,71.1,2.3,38,5,0.4175,0.4175,250,200,0.4669,0,-0.19,-0.19,0,-0.19,607.6,6,1,1.48,0.608,250,0.0,0.0,0.0,0.0,-,0.0,0.384,0,0.0,1,13384,107,0,0,-0.19,1,TRACTIVE,NO SEWER / RETHINK
5,116,C,C,0,12.81,0.81,11.21,335.38,883.6,9,-6.79,4.42,-0.7689,0.5,6.8,861.5,8.15,1421.3,154.5,322.5,5.55,158,5,0.4081,0.4081,250,200,0.4669,1,0.07,0.07,1,0.07,883.6,9,1,2.34,0.884,250,0.0,0.0,0.0,38.7,-,0.0,0.361,1,1.13,0,13383,116,0,1,0.07,1,-,UPSIZE
6,119,C,C,0,12.67,0.67,11.07,335.74,1043.1,6,-5.86,5.22,-0.5614,0.5,5.86,1043.1,8.5,1373.4,422.9,433.3,5.03,289,5,0.4356,0.4356,250,200,0.4669,1,0.16,0.16,1,0.16,1043.1,6,1,3.16,1.043,250,0.0,0.0,0.0,15.6,-,0.0,0.826,0,0.0,0,13467,119,0,1,0.16,1,-,UPSIZE
7,140,B,B,0,14.73,2.73,13.13,337.57,1994.8,2,-3.15,9.97,-0.1581,0.5,5.61,947.0,1.56,677.3,1994.8,83.1,0.0,102,1,0.3633,0.3529,315,200,0.4669,0,-2.02,-2.15,0,-2.02,1994.8,2,1,5.15,1.995,250,0.0,0.0,6.7,61.2,-,0.0,1.995,0,0.0,1,145,140,0,0,-2.02,1,TRACTIVE,NO SEWER / RETHINK
8,276,D,B,1,13.13,1.13,11.53,340.62,1696.3,3,-3.04,8.48,-0.1795,0.5,4.61,1019.0,0.0,0.0,1039.3,132.3,4.29,149,1,0.4336,0.4336,250,200,0.2892,1,2.45,2.45,0,-9.95,3691.1,4,1,0.83,1.696,250,0.0,0.0,0.0,27.2,-,0.0,0.0,0,0.0,1,140,140,1,1,2.45,1,-,UPSIZE
9,439,D,B,1,12.64,0.64,11.04,345.8,1173.1,8,-5.18,5.87,-0.4414,0.5,5.18,1173.1,1.0,180.9,558.3,764.5,8.87,781,1,0.4452,0.4452,250,200,0.2459,1,2.56,2.56,0,-17.69,4864.2,11,0,-5.22,1.173,250,0.0,0.0,0.0,12.5,-,0.0,0.0,1,1.57,0,276,140,2,0,-5.29,0,GROUND,STATION
10,150,C,C,0,13.51,1.51,11.91,334.38,1043.2,7,-6.7,5.22,-0.6419,0.5,7.11,936.1,6.7,1615.9,331.0,64.8,1.44,33,5,0.3549,0.3549,315,200,0.4669,0,-1.12,-1.12,0,-1.12,1043.2,7,1,2.32,1.043,250,0.0,58.4,0.0,31.8,-,0.0,0.926,2,2.71,1,19959,150,0,0,-1.12,1,TRACTIVE,NO SEWER / RETHINK
11,185,B,B,0,30.24,18.24,28.64,327.68,4642.7,9,-5.43,23.21,-0.1169,0.5,11.26,3053.8,2.36,2165.4,2376.8,818.5,0.95,582,5,0.1071,0.1071,700,200,0.4669,0,-16.65,-16.65,0,-16.65,4642.7,9,1,0.89,4.643,250,0.0,30.3,0.0,56.3,-,0.0,4.643,0,0.0,1,18733,185,0,0,-16.65,1,TRACTIVE,NO SEWER / RETHINK
12,191,E,E,0,12.1,0.1,10.5,329.81,2400.1,15,1.5,12.0,0.0624,0.5,0.32,747.3,2.57,1247.4,478.1,48.9,2.25,63,5,0.4957,0.4015,250,200,0.4669,1,0.72,-0.6,1,0.72,2400.1,15,1,3.79,2.4,250,0.0,6.5,75.5,92.2,WADI,0.0,0.78,0,0.0,1,20165,191,0,1,0.72,1,-,DELETE CORRIDOR
13,193,E,E,0,12.86,0.86,11.26,329.66,1526.6,4,-3.63,7.63,-0.2375,0.5,4.12,1405.3,2.42,1619.7,1334.2,2.2,0.04,5,5,0.4437,0.4437,250,200,0.4669,0,-0.3,-0.3,0,-0.3,1526.6,4,1,5.03,1.527,250,0.0,87.7,91.8,100.0,WADI,0.0,1.527,0,0.0,1,18725,193,0,0,-0.3,1,TRACTIVE,DELETE CORRIDOR
14,227,B,B,0,14.38,2.38,12.78,325.54,2232.9,8,-1.62,11.16,-0.0725,0.5,1.81,979.9,0.22,2398.7,623.3,381.8,13.57,354,5,0.3933,0.3793,250,200,0.4669,1,3.56,3.16,1,3.56,2232.9,8,1,6.09,2.233,250,0.0,22.4,0.0,42.2,-,0.0,0.5,0,0.0,0,19212,227,0,1,3.56,1,-,UPSIZE
15,290,E,E,0,12.08,0.08,10.48,334.67,3256.4,12,5.8,16.28,0.1782,0.5,1.21,998.6,2.0,1280.6,1456.2,118.9,3.36,126,1,0.4976,0.4976,250,200,0.4669,1,3.39,3.23,1,3.39,3256.4,12,1,8.6,3.256,250,0.0,0.0,74.4,80.7,WADI,0.0,0.291,0,0.0,1,9599,290,0,1,3.39,1,-,DELETE CORRIDOR
16,491,C,C,0,12.55,0.55,10.95,337.9,1389.3,12,-7.04,3.91,-0.507,0.2812,7.22,1364.9,9.69,1733.0,274.9,3519.2,84.02,3212,5,0.2416,0.1938,400,600,0.4669,1,0.8,0.06,1,0.8,1389.3,12,1,1.72,0.98,400,0.0,0.0,31.4,64.8,-,0.0,0.244,0,0.0,0,10917,491,0,1,0.8,1,-,UPSIZE
17,547,E,E,0,13.93,1.93,12.33,345.48,1425.8,5,-5.2,7.13,-0.3647,0.5,5.59,1237.4,0.0,0.0,657.9,796.0,0.41,837,1,0.3647,0.2535,315,200,0.4669,0,-1.41,-2.9,0,-1.41,1425.8,5,1,3.53,1.426,250,0.0,0.0,76.5,79.7,WADI,0.0,1.426,0,0.0,1,489,547,0,0,-1.41,1,TRACTIVE,DELETE CORRIDOR
18,659,B,B,0,12.3,0.3,10.7,331.83,1582.9,16,-2.96,7.75,-0.1867,0.4893,2.96,1582.9,0.88,1694.1,261.4,850.2,19.75,789,5,0.4703,0.4703,250,250,0.4669,1,3.15,2.0,1,3.15,1582.9,16,1,4.95,1.447,250,0.0,16.5,0.0,47.4,-,0.0,0.265,1,1.31,0,18737,659,0,1,3.15,1,-,UPSIZE
19,735,C,C,0,13.07,1.07,11.47,331.82,1560.5,7,-3.67,7.8,-0.2353,0.5,3.71,1539.1,8.09,1599.7,1036.3,279.3,3.68,262,5,0.4312,0.4312,250,200,0.4669,1,1.68,1.68,1,1.68,1560.5,7,1,4.96,1.56,250,0.0,0.0,4.0,36.2,-,0.0,0.086,1,1.4,1,11577,735,0,1,1.68,1,-,UPSIZE
20,1035,B,B,0,15.35,3.35,13.75,318.59,1689.0,5,-5.3,8.44,-0.3141,0.5,5.5,1668.6,0.11,20.6,1159.2,4.0,0.05,5,5,0.3017,0.3017,315,200,0.4669,0,-2.74,-2.74,0,-2.74,1689.0,5,1,3.23,1.689,250,0.0,68.9,0.0,44.4,-,0.0,1.689,0,0.0,1,19210,1035,0,0,-2.74,1,TRACTIVE,NO SEWER / RETHINK
21,1110,E,E,0,12.88,0.88,11.28,350.11,775.7,10,-7.4,3.88,-0.9544,0.5,7.41,771.7,4.45,946.9,189.2,91.3,3.68,129,1,0.3863,0.1768,250,200,0.4669,0,-0.19,-1.75,0,-0.19,775.7,10,1,1.81,0.776,250,0.0,0.5,70.0,76.9,WADI,0.0,0.305,0,0.0,1,22294,1110,0,0,-0.19,1,TRACTIVE,DELETE CORRIDOR
22,1186,E,E,0,12.39,0.39,10.79,347.16,982.5,8,-5.88,4.91,-0.5983,0.5,6.69,850.1,2.86,1115.7,362.9,14.6,0.53,23,1,0.4602,0.4602,250,200,0.4669,0,-0.02,-0.02,0,-0.02,982.5,8,1,3.18,0.983,250,0.0,71.4,100.0,100.0,WADI,0.0,0.983,0,0.0,1,20206,1186,0,0,-0.02,1,TRACTIVE,DELETE CORRIDOR
23,1192,B,B,0,14.84,2.84,13.24,321.89,1894.8,2,-3.77,9.47,-0.1988,0.5,4.83,1713.4,0.1,125.0,1894.8,0.0,0.0,0,5,0.3501,0.3501,315,200,0.4669,0,-2.16,-2.16,0,-2.16,1894.8,2,1,4.61,1.895,250,0.0,0.0,2.1,51.6,-,0.0,1.895,0,0.0,1,1193,1192,0,0,-2.16,1,TRACTIVE,NO SEWER / RETHINK
24,1211,C,C,0,12.71,0.71,11.11,338.17,1205.4,13,-5.08,6.03,-0.4215,0.5,5.08,1205.4,3.61,1376.2,189.5,308.9,9.29,256,5,0.4413,0.4413,250,200,0.4669,1,1.49,1.49,1,1.49,1205.4,13,1,3.82,1.205,250,0.0,0.0,0.0,48.8,-,0.0,0.282,1,1.13,0,11364,1211,0,1,1.49,1,-,UPSIZE
25,1321,C,C,0,14.2,2.2,12.6,352.61,2378.0,23,-4.36,8.24,-0.1835,0.3464,5.39,2193.9,6.95,658.7,255.7,1395.6,42.26,1432,1,0.2539,0.2539,400,400,0.4669,1,0.78,0.78,1,0.78,2378.0,23,1,3.65,1.672,400,0.0,8.8,0.0,23.0,-,0.0,0.209,2,3.74,0,22080,1321,0,1,0.78,1,-,UPSIZE
26,1451,A,A,0,12.37,0.37,10.77,356.23,2452.5,17,1.5,12.26,0.061,0.5,0.49,172.2,4.92,1713.8,378.9,327.8,11.67,329,1,0.485,0.485,250,200,0.4669,1,0.9,0.26,1,0.9,2452.5,17,1,3.25,2.453,250,0.0,70.3,22.6,62.0,-,0.0,1.365,0,0.0,0,22175,1451,0,1,0.9,1,-,UPSIZE
27,1640,E,E,0,12.13,0.13,10.53,350.16,1455.1,31,-5.24,5.29,-0.3602,0.3636,5.87,1142.1,5.85,1500.3,202.9,1635.5,47.85,1816,1,0.3545,0.3545,315,500,0.4669,1,0.72,0.63,1,0.72,1455.1,31,1,3.47,0.851,250,10.0,39.7,78.1,84.2,WADI,0.0,0.567,0,0.0,0,31807,1640,0,1,0.72,1,-,DELETE CORRIDOR
28,1741,B,B,0,57.09,45.09,55.49,331.01,6373.2,11,-23.63,31.87,-0.3707,0.5,24.17,6075.1,0.0,0.0,6095.2,9.8,0.24,11,45,-0.2075,-0.2075,0,200,0.4669,0,-42.93,-42.93,0,-42.93,6373.2,11,0,-18.61,6.373,250,2.8,4.4,0.0,35.5,-,0.0,6.373,0,0.0,1,25257,1741,0,0,-42.93,0,GROUND,STATION
29,3183,B,B,0,14.89,2.89,13.29,336.15,1895.4,9,-7.41,5.88,-0.391,0.3101,7.41,1895.4,0.0,0.0,1043.5,1856.5,54.01,765,123,0.1577,0.1577,500,500,0.4669,0,-1.34,-1.34,0,-1.34,1895.4,9,1,0.97,0.852,500,0.0,0.0,0.0,11.8,-,0.0,0.414,0,0.0,0,3339,3183,0,0,-1.34,1,TRACTIVE,STATION
30,2433,D,B,1,12.08,0.08,10.48,342.82,2465.2,21,-6.66,3.82,-0.2702,0.155,6.66,2465.2,0.45,1522.0,396.8,2250.2,64.24,1090,15,0.1516,0.1516,600,500,0.0891,1,1.08,1.08,0,-10.16,4360.7,29,0,-7.54,2.465,600,0.0,0.0,2.0,53.1,-,0.0,0.0,0,0.0,0,3183,3183,1,1,1.08,0,-,UPSIZE
31,3199,B,B,0,14.94,2.94,13.34,334.6,1060.7,7,-8.62,4.72,-0.8127,0.4447,8.62,1060.7,0.61,1278.8,395.1,606.3,19.63,190,44,0.1679,0.1679,500,250,0.4669,0,-1.23,-1.23,0,-1.23,1060.7,7,1,0.38,1.061,500,0.0,0.0,0.0,29.5,-,0.0,0.114,0,0.0,0,13298,3199,0,0,-1.23,1,TRACTIVE,STATION
32,3252,B,B,0,12.55,0.55,10.95,345.17,1309.0,18,-4.4,6.54,-0.3363,0.5,4.4,1309.0,0.0,0.0,254.9,216.8,7.47,191,4,0.4582,0.4582,250,200,0.4669,1,1.66,1.66,1,1.66,1309.0,18,1,4.42,1.309,250,0.0,0.0,0.0,97.4,-,0.0,0.255,1,1.08,0,12378,3252,0,1,1.66,1,-,UPSIZE
33,3287,B,B,0,12.39,0.39,10.79,347.48,1447.3,15,-6.36,4.43,-0.4394,0.306,6.39,1425.3,0.0,0.0,249.5,3649.8,89.86,2673,4,0.2791,0.2791,315,600,0.4669,1,0.73,0.73,1,0.73,1447.3,15,1,2.35,0.698,315,0.0,0.0,0.0,66.7,-,0.0,0.177,0,0.0,0,12233,3287,0,1,0.73,1,-,UPSIZE
34,3393,B,B,0,13.66,1.66,12.06,349.05,1717.2,17,-4.87,7.19,-0.2838,0.4188,5.24,1576.3,0.0,0.0,241.2,903.3,25.84,886,4,0.3218,0.2672,315,315,0.4669,1,1.06,0.01,1,1.06,1717.2,17,1,3.64,1.338,315,0.0,0.0,0.0,59.0,-,0.0,0.238,1,2.1,0,12486,3393,0,1,1.06,1,-,UPSIZE
35,3447,A,A,0,13.6,1.6,12.0,336.57,6389.5,27,5.85,17.84,0.0915,0.2793,3.51,2821.2,0.0,0.0,1024.6,2641.9,72.12,1925,4,0.2543,0.2543,400,500,0.4669,1,4.07,4.02,1,4.07,6389.5,27,1,5.15,3.274,400,0.0,0.0,0.0,50.5,-,0.0,0.26,0,0.0,0,12931,3447,0,1,4.07,1,-,UPSIZE
36,4508,C,C,0,12.12,0.12,10.52,337.73,2145.4,32,0.2,10.73,0.0094,0.5,1.36,1473.1,3.88,1251.9,486.9,347.5,11.87,271,4,0.4942,0.4942,250,200,0.4669,1,3.43,3.33,1,3.43,2145.4,32,1,7.0,2.145,250,5.4,30.4,0.0,53.8,-,0.0,0.039,2,1.37,0,25945,4508,0,1,3.43,1,-,UPSIZE
37,5601,C,C,0,20.52,8.52,18.92,375.22,2870.8,21,-4.57,14.35,-0.1591,0.5,7.15,1619.8,8.96,1983.9,999.6,725.0,5.69,681,-1,0.2032,0.2032,500,200,0.4669,0,-4.42,-4.42,0,-4.42,2870.8,21,1,3.08,2.871,400,12.3,43.6,0.0,65.2,-,0.0,1.091,0,0.0,0,35569,5601,0,0,-4.42,1,TRACTIVE,STATION
38,6322,C,C,0,12.57,0.57,10.97,374.71,299.0,3,-9.47,1.49,-3.1679,0.5,9.47,299.0,8.32,1496.0,189.6,13.5,0.44,16,4,0.3105,0.3105,315,200,0.4669,0,-0.42,-0.42,0,-0.42,299.0,3,1,0.1,0.299,250,0.0,0.0,0.0,0.0,-,0.0,0.299,0,0.0,1,6286,6322,0,0,-0.42,1,TRACTIVE,NO SEWER / RETHINK
39,6642,C,C,0,13.52,1.52,11.92,382.45,494.5,3,-9.44,2.47,-1.9098,0.5,9.44,494.5,23.59,1625.8,362.0,75.5,1.65,48,4,0.1932,0.0772,500,200,0.4669,0,-1.23,-1.62,0,-1.23,494.5,3,0,-0.02,0.495,250,0.0,0.0,0.0,13.6,-,0.0,0.133,0,0.0,1,6497,6642,0,0,-1.23,0,GROUND,STATION
40,7070,C,C,0,12.64,0.64,11.04,350.17,800.6,9,-7.03,4.0,-0.8785,0.5,7.55,694.0,15.27,1601.3,163.4,214.3,6.83,172,4,0.4206,0.4206,250,200,0.4669,1,0.66,0.66,1,0.66,800.6,9,1,2.17,0.801,250,0.0,0.0,0.0,26.7,-,0.0,0.208,0,0.0,0,12863,7070,0,1,0.66,1,-,UPSIZE
41,7167,C,C,0,12.4,0.4,10.8,374.32,1085.7,8,-5.37,5.43,-0.4946,0.5,5.37,1085.7,5.05,1534.4,327.9,208.3,7.2,200,10,0.4633,0.4633,250,200,0.4669,1,1.3,1.3,1,1.3,1085.7,8,1,3.62,1.086,250,0.0,0.0,0.0,66.7,-,0.0,0.415,0,0.0,0,15134,7167,0,1,1.3,1,-,UPSIZE
42,7195,C,C,0,12.28,0.28,10.68,387.61,2426.8,25,-0.07,10.6,-0.0029,0.437,1.41,288.3,4.32,1574.4,365.5,1845.8,52.91,1545,6,0.4256,0.4256,250,500,0.4669,1,3.07,3.07,1,3.07,2426.8,25,1,5.8,1.984,250,0.0,0.0,0.0,76.1,-,0.0,0.15,2,4.38,0,17265,7195,0,1,3.07,1,-,UPSIZE
43,7274,B,B,0,12.02,0.02,10.42,377.91,4070.7,35,-0.28,10.13,-0.0069,0.249,3.27,1347.6,1.26,835.1,371.9,2364.1,66.12,2222,9,0.2485,0.2485,400,500,0.4669,1,4.65,4.65,1,4.65,4070.7,35,1,6.46,1.905,400,0.0,0.0,0.0,77.1,-,0.0,0.0,1,1.09,0,17427,7274,0,1,4.65,1,-,UPSIZE
44,7343,A,A,0,12.29,0.29,10.69,375.54,4349.4,21,6.63,17.32,0.1525,0.3983,0.38,78.0,0.9,973.8,736.8,1032.9,31.89,1033,9,0.3916,0.3916,250,315,0.4669,1,4.39,4.29,1,4.39,4349.4,21,1,7.53,1.361,250,0.0,0.0,0.0,71.7,-,0.0,0.272,0,0.0,0,17322,7343,0,1,4.39,1,-,UPSIZE
45,7487,B,B,0,12.66,0.66,11.06,336.53,836.0,4,-6.88,4.18,-0.8225,0.5,6.88,836.0,0.0,0.0,419.7,282.9,0.06,271,4,0.4216,0.4216,250,200,0.4669,0,-0.33,-0.33,0,-0.33,836.0,4,1,2.3,0.836,250,0.0,0.0,0.0,5.6,-,0.0,0.836,0,0.0,1,12841,7487,0,0,-0.33,1,TRACTIVE,NO SEWER / RETHINK
46,12831,D,C,1,13.22,1.22,11.62,342.76,1284.9,3,-6.23,5.39,-0.485,0.4193,6.23,1284.9,3.5,2151.9,830.0,466.0,15.55,428,4,0.3244,0.3244,315,250,0.193,1,1.77,1.77,0,-8.76,2120.9,6,0,-4.9,1.285,315,0.0,0.0,0.0,50.8,-,0.0,0.0,0,0.0,0,7487,7487,1,1,1.77,0,-,UPSIZE
47,7500,E,E,0,14.72,2.72,13.12,375.66,1671.8,10,-4.76,8.36,-0.2846,0.5,4.76,1671.8,6.95,2011.9,555.9,152.6,5.26,140,64,0.3375,0.3375,315,200,0.4669,1,0.28,0.28,1,0.28,1671.8,10,1,3.79,1.672,315,0.0,0.0,56.2,94.1,WADI,0.0,0.272,0,0.0,0,14410,7500,0,1,0.28,1,-,DELETE CORRIDOR
48,7608,B,B,0,15.32,3.32,13.72,384.67,1700.4,8,-5.21,8.5,-0.3067,0.5,5.31,1679.9,0.0,0.0,738.0,410.0,11.37,280,23,0.3049,0.3049,315,200,0.4669,1,0.42,0.42,1,0.42,1700.4,8,1,3.31,1.7,315,0.0,0.0,0.0,56.0,-,0.0,0.33,0,0.0,0,17467,7608,0,1,0.42,1,-,UPSIZE
49,7753,D,C,1,12.67,0.67,11.07,389.3,1467.7,14,-4.64,6.43,-0.3159,0.4384,4.64,1467.7,6.82,1620.8,223.2,646.2,19.89,504,23,0.3927,0.3927,250,250,0.1653,1,3.26,3.26,0,-6.52,3168.1,21,0,-2.43,0.744,250,0.0,0.0,0.0,45.5,-,0.0,0.0,0,0.0,0,7608,7608,1,0,-6.52,0,GROUND,STATION
50,7731,C,C,0,12.17,0.17,10.57,383.03,2130.1,13,0.08,10.65,0.0036,0.5,1.41,48.6,4.56,1475.8,801.9,13144.0,10.06,12193,47,0.4919,0.4919,250,200,0.4669,1,1.42,1.08,1,1.42,2130.1,13,1,5.04,2.13,250,0.0,0.0,15.1,80.2,-,0.0,1.09,0,0.0,0,7507,7731,0,1,1.42,1,-,UPSIZE
51,7791,C,C,0,13.0,1.0,11.4,381.68,1680.4,12,-2.99,8.4,-0.1782,0.5,2.99,1680.4,8.63,2346.2,586.3,112.0,4.4,105,47,0.4407,0.4407,250,200,0.4669,1,1.47,1.47,1,1.47,1680.4,12,1,5.55,1.68,250,0.0,0.0,36.8,55.9,-,0.0,0.415,0,0.0,1,7463,7791,0,1,1.47,1,-,UPSIZE
52,7845,B,B,0,25.86,13.86,24.26,385.58,4459.4,4,-1.97,22.3,-0.0441,0.5,4.46,1525.7,0.92,282.1,3934.7,6.9,0.32,3,23,0.1891,-0.2049,500,200,0.4669,0,-12.33,-16.11,0,-12.33,4459.4,4,1,4.49,4.459,250,0.0,11.7,6.9,46.4,-,0.0,4.459,0,0.0,1,19436,7845,0,0,-12.33,1,TRACTIVE,NO SEWER / RETHINK
53,7864,B,B,0,18.97,6.97,17.37,381.8,1764.5,34,-8.55,8.82,-0.4845,0.5,8.7,1354.2,4.27,594.8,454.3,1291.0,3.92,1068,0,0.1049,0.1049,700,200,0.4669,0,-5.25,-5.25,0,-5.25,1764.5,34,0,-0.07,1.764,315,14.3,64.5,0.0,34.8,-,0.0,0.974,0,0.0,1,30503,7864,0,0,-5.25,0,GROUND,STATION
54,7877,B,B,0,12.46,0.46,10.86,377.36,1228.7,6,-4.72,6.14,-0.3839,0.5,4.72,1228.7,0.0,0.0,444.0,20.5,0.37,13,0,0.4625,0.4625,250,200,0.4669,0,-0.0,-0.0,0,-0.0,1228.7,6,1,4.16,1.229,250,0.0,0.0,0.0,25.9,-,0.0,1.229,0,0.0,1,7552,7877,0,0,-0.0,1,TRACTIVE,NO SEWER / RETHINK
55,7939,C,C,0,13.22,1.22,11.62,391.44,1263.0,7,-5.3,6.31,-0.4198,0.5,5.3,1263.0,8.96,2127.1,559.8,94.1,3.27,89,23,0.4036,0.4036,250,200,0.4669,1,0.28,0.28,1,0.28,1263.0,7,1,3.55,1.263,250,0.0,0.0,0.0,68.5,-,0.0,0.05,2,1.43,1,18155,7939,0,1,0.28,1,-,UPSIZE
56,8055,C,C,0,12.34,0.34,10.74,411.9,1092.9,7,-5.28,5.46,-0.4827,0.5,5.28,1092.9,3.4,1500.8,352.2,492.1,14.4,448,35,0.4689,0.4689,250,200,0.4669,1,1.85,1.85,1,1.85,1092.9,7,1,3.71,1.093,250,0.0,88.5,0.0,25.0,-,0.0,0.241,1,5.18,0,18994,8055,0,1,1.85,1,-,UPSIZE
57,8063,B,B,0,15.92,3.92,14.32,316.65,2802.5,4,-0.31,14.01,-0.0111,0.5,3.66,1379.3,1.04,1139.5,1663.8,10.4,0.1,14,1,0.36,0.36,315,200,0.4669,0,-2.94,-2.94,0,-2.94,2802.5,4,1,7.39,2.803,250,0.0,0.0,4.1,72.1,-,0.0,2.803,0,0.0,1,0,8063,0,0,-2.94,1,TRACTIVE,NO SEWER / RETHINK
58,15,D,B,1,12.27,0.27,10.67,318.05,1855.1,9,-1.4,9.28,-0.0754,0.5,2.44,715.5,0.83,469.8,551.7,73.7,3.28,94,1,0.4852,0.4852,250,200,0.4669,1,1.94,1.94,0,-11.46,4657.6,12,1,4.6,1.855,250,0.0,0.0,0.0,71.2,-,0.0,0.492,0,0.0,1,8063,8063,1,1,1.94,1,-,UPSIZE
59,56,D,B,1,25.07,13.07,23.47,326.55,2995.5,4,-8.5,14.98,-0.2837,0.5,9.32,2525.7,0.0,0.0,1993.4,73.7,3.7,94,1,0.0635,0.0635,0,200,0.309,0,-7.35,-7.35,0,-29.19,7653.1,15,0,-6.15,2.996,315,0.0,0.0,0.0,80.0,-,0.0,0.0,0,0.0,1,15,8063,2,0,-15.79,0,GROUND,STATION
60,132,D,B,1,18.67,6.67,17.07,336.52,1419.8,3,-9.97,7.1,-0.7022,0.5,9.97,1419.8,0.51,790.8,736.3,76.9,3.92,99,1,0.0303,0.0303,0,200,0.3055,0,-3.88,-3.88,0,-43.46,9072.9,17,0,-17.18,1.42,315,0.0,0.0,0.0,42.6,-,0.0,0.0,0,0.0,1,56,8063,3,0,-3.88,0,GROUND,STATION
61,8094,B,B,0,14.71,2.71,13.11,323.84,1533.6,6,-5.44,7.67,-0.3546,0.5,5.44,1533.6,0.0,0.0,652.0,14.4,0.32,19,5,0.3235,0.3235,315,200,0.4669,0,-2.15,-2.15,0,-2.15,1533.6,6,1,3.21,1.534,250,0.0,17.6,0.0,28.6,-,0.0,1.534,0,0.0,1,20280,8094,0,0,-2.15,1,TRACTIVE,NO SEWER / RETHINK
62,790,D,B,1,12.37,0.37,10.77,325.8,1761.0,4,-1.96,8.8,-0.1115,0.5,1.96,1761.0,0.0,0.0,646.3,85.7,1.86,79,5,0.4791,0.4097,250,200,0.4669,1,0.65,-0.55,0,-11.94,3294.6,9,0,-1.17,1.761,250,0.0,0.0,0.0,63.9,-,0.0,0.646,0,0.0,1,8094,8094,1,1,0.65,0,-,UPSIZE
63,250,D,C,1,14.21,2.21,12.61,327.35,2212.4,2,-1.55,11.06,-0.0701,0.5,1.55,2212.4,3.62,761.2,2212.4,364.9,3.96,341,5,0.4,0.3563,250,200,0.2984,1,2.23,1.15,0,-20.1,5507.0,10,0,-3.28,2.212,250,0.0,0.0,2.2,41.3,-,0.0,0.0,0,0.0,1,790,8094,2,0,-7.5,1,GROUND,STATION
64,8100,A,A,0,13.19,1.19,11.59,324.96,3493.2,33,5.88,17.47,0.1683,0.5,0.0,0.0,0.23,42.0,1728.2,17.2,0.87,12,5,0.466,0.4559,250,200,0.4669,1,0.02,-0.31,1,0.02,3493.2,33,1,6.24,3.493,250,7.5,35.8,0.0,71.0,-,0.0,3.493,0,0.0,1,25369,8100,0,1,0.02,1,-,UPSIZE
65,8145,B,B,0,12.04,0.04,10.44,344.43,1628.2,11,-2.3,8.14,-0.141,0.5,2.3,1628.2,0.2,432.4,281.6,286.2,10.01,332,4,0.4978,0.4978,250,200,0.4669,1,2.89,2.83,1,2.89,1628.2,11,1,6.0,1.628,250,0.0,0.0,0.0,39.4,-,0.0,0.276,1,4.29,0,4913,8145,0,1,2.89,1,-,UPSIZE
66,8153,B,B,0,12.35,0.35,10.75,346.99,1329.8,7,-4.1,6.65,-0.3085,0.5,4.1,1329.8,1.04,398.3,604.1,393.4,13.76,442,4,0.4735,0.4735,250,200,0.4669,1,2.9,2.9,1,2.9,1329.8,7,1,4.7,1.33,250,0.0,0.0,0.0,65.5,-,0.0,0.231,0,0.0,0,12470,8153,0,1,2.9,1,-,UPSIZE
67,8327,C,C,0,12.04,0.04,10.44,383.17,1519.1,11,-2.85,7.6,-0.1873,0.5,3.2,1214.0,2.4,1515.7,488.1,125.8,4.5,114,6,0.4973,0.4973,250,200,0.4669,1,0.75,0.75,1,0.75,1519.1,11,1,5.82,1.519,250,0.0,32.4,0.0,45.2,-,0.0,0.899,0,0.0,1,18884,8327,0,1,0.75,1,-,UPSIZE
68,8375,C,C,0,12.59,0.59,10.99,328.38,2891.7,16,2.83,13.82,0.098,0.4779,1.13,279.3,3.06,1642.0,683.0,1567.1,46.97,1287,5,0.4576,0.4576,250,400,0.4669,1,3.69,2.64,1,3.69,2891.7,16,1,7.24,2.675,250,0.0,0.0,0.0,32.8,-,0.0,0.135,0,0.0,0,9992,8375,0,1,3.69,1,-,UPSIZE
69,8409,C,C,0,12.16,0.16,10.56,342.27,1647.7,19,-2.36,8.2,-0.1434,0.4976,3.75,718.2,10.97,1910.2,192.2,60365.2,15.46,50202,-1,0.4879,0.4879,250,250,0.4669,1,3.7,3.7,1,3.7,1647.7,19,1,6.2,1.616,250,0.0,0.0,0.0,42.9,-,0.0,0.06,3,1.66,0,10486,8409,0,1,3.7,1,-,UPSIZE
70,8461,A,A,0,12.51,0.51,10.91,410.22,6767.3,14,22.93,33.84,0.3388,0.5,0.0,0.0,6.61,1574.0,1452.7,213.3,8.13,271,63,0.4924,0.4896,250,200,0.4669,1,5.61,5.55,1,5.61,6767.3,14,1,7.88,6.767,250,1.1,4.2,35.4,91.9,-,0.0,0.215,1,1.53,0,47927,8461,0,1,5.61,1,-,UPSIZE
71,8475,A,A,0,12.01,0.01,10.41,401.8,3380.0,26,6.49,16.9,0.192,0.5,0.15,84.2,6.45,1629.2,494.0,275.7,11.13,337,-1,0.4997,0.4986,250,200,0.4669,1,1.87,1.63,1,1.87,3380.0,26,1,7.83,3.38,250,4.1,48.5,34.5,88.8,-,0.0,2.126,0,0.0,0,19331,8475,0,1,1.87,1,-,UPSIZE
72,8543,C,C,0,13.04,1.04,11.44,367.02,1800.1,14,-3.01,8.43,-0.1675,0.4682,4.25,704.0,10.91,2357.8,277.9,10453.6,245.29,9142,-1,0.4103,0.4103,250,1000,0.4669,1,1.74,1.74,1,1.74,1800.1,14,1,5.44,1.665,250,0.0,0.0,0.0,57.7,-,0.0,0.315,0,0.0,0,14857,8543,0,1,1.74,1,-,UPSIZE
73,8601,B,B,0,12.17,0.17,10.57,378.76,1708.1,6,-2.53,8.05,-0.148,0.471,3.27,902.0,1.23,1675.7,1330.1,843.3,24.15,706,0,0.4609,0.4609,250,315,0.4669,1,1.0,1.0,1,1.0,1708.1,6,1,5.99,1.395,250,0.0,0.0,0.0,21.8,-,0.0,1.395,0,0.0,0,8592,8601,0,1,1.0,1,-,UPSIZE
74,8639,C,C,0,20.81,8.81,19.21,392.29,2640.2,2,-6.01,13.2,-0.2275,0.5,6.01,2640.2,8.89,1530.0,2640.2,1.1,0.11,1,0,0.1664,-3.6053,500,200,0.4669,0,-7.88,-62.84,0,-7.88,2640.2,2,1,1.81,2.64,250,0.0,0.0,14.3,5.3,-,0.0,2.64,1,20.95,1,8641,8639,0,0,-7.88,1,TRACTIVE,NO SEWER / RETHINK
75,8707,B,B,0,13.19,1.19,11.59,342.45,2299.6,16,-4.75,6.84,-0.2066,0.2973,4.98,2208.7,0.02,20.0,499.8,3165.4,84.98,2328,4,0.2456,0.2456,400,600,0.4669,1,0.63,0.63,1,0.63,2299.6,16,1,3.32,1.057,400,0.0,0.0,0.0,62.6,-,0.0,0.091,0,0.0,0,3817,8707,0,1,0.63,1,-,UPSIZE
76,8739,C,C,0,12.77,0.77,11.17,351.79,2626.5,22,-3.13,8.04,-0.1193,0.306,3.2,2470.8,3.55,1523.6,425.4,6647.8,156.48,4685,4,0.2767,0.2767,315,800,0.4669,1,1.31,1.31,1,1.31,2626.5,22,1,4.7,1.253,315,0.0,0.0,0.0,74.0,-,0.0,0.5,1,1.14,0,12096,8739,0,1,1.31,1,-,UPSIZE
77,9163,C,C,0,12.5,0.5,10.9,353.07,681.7,5,-7.49,3.41,-1.0994,0.5,7.49,681.7,8.28,1430.7,365.3,236.0,8.47,238,1,0.4261,0.4261,250,200,0.4669,1,0.43,0.43,1,0.43,681.7,5,1,1.79,0.682,250,0.0,0.0,0.0,27.6,-,0.0,0.365,1,8.06,0,9289,9163,0,1,0.43,1,-,UPSIZE
78,9210,C,C,0,12.52,0.52,10.92,350.37,723.5,7,-7.3,3.62,-1.0093,0.5,7.49,680.7,5.21,1374.8,275.2,72.3,2.01,84,1,0.4281,0.4281,250,200,0.4669,0,-0.18,-0.18,0,-0.18,723.5,7,1,1.95,0.724,250,0.0,0.0,0.0,29.6,-,0.0,0.633,2,4.12,1,9221,9210,0,0,-0.18,1,TRACTIVE,NO SEWER / RETHINK
79,9243,C,C,0,12.05,0.05,10.45,349.08,815.3,9,-6.37,4.08,-0.7815,0.5,6.37,815.3,3.27,1729.4,276.1,44.2,0.02,40,1,0.4942,0.4942,250,200,0.4669,1,0.27,0.27,1,0.27,815.3,9,1,2.82,0.815,250,0.0,29.2,0.0,25.8,-,0.0,0.815,1,2.1,1,22063,9243,0,1,0.27,1,-,UPSIZE
80,10251,B,B,0,12.09,0.09,10.49,342.95,1437.2,16,-3.96,6.53,-0.2752,0.4545,3.96,1437.2,1.45,1289.2,183.6,2674.1,74.47,1398,15,0.4484,0.4484,250,600,0.4669,1,2.7,2.7,1,2.7,1437.2,16,1,4.77,1.257,250,0.0,0.0,0.0,44.2,-,0.0,0.109,2,3.57,0,2363,10251,0,1,2.7,1,-,UPSIZE
81,10399,C,C,0,12.33,0.33,10.73,342.29,1665.8,19,-2.4,8.33,-0.1439,0.5,2.4,1665.8,3.89,1638.8,296.9,211.9,7.8,189,15,0.4804,0.4804,250,200,0.4669,1,3.21,3.19,1,3.21,1665.8,19,1,6.12,1.666,250,0.0,16.9,0.0,39.0,-,0.0,0.143,1,1.46,0,20153,10399,0,1,3.21,1,-,UPSIZE
82,10497,C,C,0,12.46,0.46,10.86,339.4,1325.8,14,-5.28,5.59,-0.3981,0.4213,5.33,1304.6,4.85,1687.0,276.6,1033.8,25.12,948,5,0.3864,0.3496,250,315,0.4669,1,1.36,0.82,1,1.36,1325.8,14,1,3.53,0.746,250,0.0,0.0,0.0,25.5,-,0.0,0.144,3,2.71,0,11383,10497,0,1,1.36,1,-,UPSIZE
83,10959,C,C,0,13.8,1.8,12.2,337.54,1310.1,9,-5.65,6.55,-0.4309,0.5,5.65,1310.1,6.63,1555.6,405.4,171.6,6.47,169,5,0.3629,0.1883,315,200,0.4669,1,0.27,-2.0,1,0.27,1310.1,9,1,3.17,1.31,315,0.0,0.0,0.0,17.0,-,0.0,0.331,1,1.03,0,10965,10959,0,1,0.27,1,-,UPSIZE
84,11127,C,C,0,12.21,0.21,10.61,337.71,1230.6,11,-4.46,6.15,-0.3621,0.5,4.86,1074.0,6.81,1602.6,284.9,218.5,7.98,216,5,0.4831,0.4831,250,200,0.4669,1,2.13,2.13,1,2.13,1230.6,11,1,4.42,1.231,250,0.0,0.0,0.0,12.8,-,0.0,0.178,2,2.78,0,11075,11127,0,1,2.13,1,-,UPSIZE
85,11299,B,B,0,12.64,0.64,11.04,339.22,1326.5,8,-4.41,6.63,-0.3324,0.5,4.41,1326.5,0.0,0.0,435.0,72.1,0.97,45,-1,0.4516,0.4516,250,200,0.4669,0,-0.15,-0.15,0,-0.15,1326.5,8,1,4.4,1.326,250,0.0,6.9,0.0,59.6,-,0.0,1.326,0,0.0,1,20287,11299,0,0,-0.15,1,TRACTIVE,NO SEWER / RETHINK
86,11311,B,B,0,13.58,1.58,11.98,336.15,1426.5,16,-4.85,7.13,-0.3401,0.5,4.85,1426.5,0.21,135.0,241.0,402.2,12.2,410,5,0.389,0.389,250,200,0.4669,1,1.49,1.49,1,1.49,1426.5,16,1,3.88,1.426,250,0.0,0.0,0.0,38.5,-,0.0,0.164,0,0.0,0,11461,11311,0,1,1.49,1,-,UPSIZE
87,11405,B,B,0,12.14,0.14,10.54,332.83,1137.8,6,-4.85,5.69,-0.4264,0.5,4.85,1137.8,0.0,0.0,529.2,19.4,0.74,23,5,0.4876,0.4876,250,200,0.4669,1,0.29,0.29,1,0.29,1137.8,6,1,4.09,1.138,250,0.0,0.0,0.0,62.0,-,0.0,1.138,0,0.0,1,11396,11405,0,1,0.29,1,-,UPSIZE
88,11433,B,B,0,12.31,0.31,10.71,332.28,1229.8,9,-4.56,6.15,-0.3711,0.5,4.56,1229.8,0.0,0.0,400.6,116.1,4.54,115,5,0.4746,0.4746,250,200,0.4669,1,0.85,0.85,1,0.85,1229.8,9,1,4.31,1.23,250,0.0,0.0,0.0,78.0,-,0.0,0.482,0,0.0,1,11485,11433,0,1,0.85,1,-,UPSIZE
89,13047,B,B,0,20.36,8.36,18.76,331.55,3044.0,5,-3.53,15.22,-0.1161,0.5,5.51,1003.2,0.0,0.0,1886.1,133.5,6.11,56,22,0.2255,0.2255,400,200,0.4669,0,-2.12,-2.12,0,-2.12,3044.0,5,1,3.98,3.044,400,0.0,21.9,0.0,53.1,-,0.0,0.718,0,0.0,0,21265,13047,0,0,-2.12,1,TRACTIVE,STATION
90,13043,D,B,1,16.56,4.56,14.96,339.85,1332.7,3,-8.3,6.66,-0.6226,0.5,8.3,1332.7,0.63,80.4,1308.2,166.8,6.29,76,22,0.1577,0.0532,500,200,0.2412,0,-1.21,-2.3,0,-13.63,4376.7,7,0,-5.32,1.333,400,0.0,0.0,0.0,32.8,-,0.0,0.0,0,0.0,0,13047,13047,1,0,-1.21,0,GROUND,STATION
91,13071,B,B,0,12.51,0.51,10.91,319.0,1661.4,4,-2.6,8.31,-0.1568,0.5,5.04,1295.7,0.0,0.0,954.9,40.0,1.26,19,22,0.4692,0.4692,250,200,0.4669,1,0.09,0.09,1,0.09,1661.4,4,1,5.95,1.661,250,0.0,0.0,0.0,42.3,-,0.0,1.352,0,0.0,1,13032,13071,0,1,0.09,1,-,UPSIZE
92,13067,D,B,1,15.77,3.77,14.17,324.92,1650.4,3,-5.91,8.25,-0.3583,0.5,5.91,1650.4,2.28,599.3,1370.8,122.8,2.4,51,22,0.2718,0.2473,315,200,0.4367,0,-1.83,-2.01,0,-12.19,3311.8,6,0,-1.2,1.65,250,0.0,0.0,0.0,43.0,-,0.0,0.0,0,0.0,1,13071,13071,1,0,-12.19,0,GROUND,STATION
93,13059,D,C,1,15.92,3.92,14.32,329.7,1908.0,5,-4.78,9.54,-0.2506,0.5,7.07,1308.7,3.66,1644.1,1108.5,133.5,5.76,55,22,0.2945,0.2945,315,200,0.2646,1,0.61,0.61,0,-21.88,5219.8,10,0,-7.42,1.908,315,0.0,0.0,0.0,25.6,-,0.0,0.0,0,0.0,0,13067,13071,2,1,0.61,1,-,UPSIZE
94,13075,B,B,0,12.17,0.17,10.57,314.48,1504.1,2,-3.05,7.52,-0.2025,0.5,3.99,1403.8,0.45,89.3,1504.1,6.2,0.0,2,22,0.489,0.489,250,200,0.4669,1,0.38,0.38,1,0.38,1504.1,2,1,5.63,1.504,250,0.0,0.0,0.0,21.6,-,0.0,1.504,0,0.0,1,13074,13075,0,1,0.38,1,-,UPSIZE
95,13087,D,B,1,12.71,0.71,11.11,317.85,1546.7,7,-3.37,7.73,-0.2181,0.5,3.83,1457.4,0.0,0.0,797.7,66.6,2.58,17,22,0.4543,0.4512,250,200,0.4669,1,0.61,0.54,0,-9.46,3050.8,8,1,1.09,1.547,250,0.0,0.0,0.0,59.7,-,0.0,0.313,0,0.0,1,13075,13075,1,0,-9.46,1,TRACTIVE,NO SEWER / RETHINK
96,13103,B,B,0,15.48,3.48,13.88,325.16,1669.5,9,-5.54,8.35,-0.3317,0.5,5.82,1648.5,0.43,40.0,524.1,5.6,0.32,3,22,0.2913,0.2913,315,200,0.4669,0,-2.88,-2.88,0,-2.88,1669.5,9,1,3.01,1.669,250,0.0,39.0,0.0,50.0,-,0.0,1.669,0,0.0,1,21278,13103,0,0,-2.88,1,TRACTIVE,NO SEWER / RETHINK
97,13205,B,B,0,12.06,0.06,10.46,326.75,1269.0,5,-4.11,6.35,-0.3242,0.5,4.41,1049.0,0.0,0.0,1040.1,118.6,3.35,49,44,0.4954,0.4954,250,200,0.4669,1,0.58,0.58,1,0.58,1269.0,5,1,4.73,1.269,250,0.0,0.0,0.0,78.0,-,0.0,1.045,0,0.0,1,13301,13205,0,1,0.58,1,-,UPSIZE
98,3203,D,B,1,15.49,3.49,13.89,334.44,1240.5,6,-7.68,6.2,-0.6194,0.5,7.68,1240.5,0.44,1364.0,512.0,330.9,11.65,125,44,0.219,0.219,400,200,0.2746,0,-0.28,-0.28,0,-10.09,2509.5,10,0,-3.88,1.24,400,0.0,0.0,0.0,41.8,-,0.0,0.0,2,2.18,0,13205,13205,1,0,-10.09,0,GROUND,STATION
99,13343,B,B,0,14.97,2.97,13.37,327.18,1134.3,9,-7.7,5.67,-0.6787,0.5,7.7,1134.3,0.0,0.0,335.3,38.6,1.72,53,5,0.2381,0.2381,400,200,0.4669,0,-2.43,-2.43,0,-2.43,1134.3,9,1,1.25,1.134,250,0.0,0.0,0.0,2.2,-,0.0,0.729,0,0.0,1,13559,13343,0,0,-2.43,1,TRACTIVE,NO SEWER / RETHINK
100,13355,B,B,0,14.18,2.18,12.58,313.82,1601.1,8,-4.57,8.01,-0.2855,0.5,4.57,1601.1,0.0,0.0,393.8,3.0,0.19,5,5,0.3641,0.3641,315,200,0.4669,0,-1.59,-1.59,0,-1.59,1601.1,8,1,4.03,1.601,250,0.0,0.0,0.0,50.7,-,0.0,1.601,0,0.0,1,13691,13355,0,0,-1.59,1,TRACTIVE,NO SEWER / RETHINK
101,13353,D,B,1,15.04,3.04,13.44,324.1,632.2,2,-10.28,3.16,-1.6252,0.5,10.28,632.2,0.0,0.0,632.2,3.0,0.27,5,5,0.0197,0.0197,0,200,0.4669,0,-2.78,-2.78,0,-14.82,2233.3,9,0,-6.72,0.632,250,0.0,0.0,0.0,0.0,-,0.0,0.632,0,0.0,1,13355,13355,1,0,-2.78,0,GROUND,STATION
102,13393,B,B,0,12.34,0.34,10.74,329.62,419.3,5,-8.65,2.1,-2.0617,0.5,8.65,419.3,0.0,0.0,148.8,3.3,0.06,5,5,0.4184,0.4184,250,200,0.4669,0,-0.15,-0.15,0,-0.15,419.3,5,1,0.84,0.419,250,0.0,0.0,0.0,33.3,-,0.0,0.419,1,1.4,1,13386,13393,0,0,-0.15,1,TRACTIVE,NO SEWER / RETHINK
103,13531,B,B,0,13.22,1.22,11.62,331.54,512.1,5,-9.06,2.56,-1.7684,0.5,9.41,469.9,0.29,71.6,274.5,10.7,0.46,12,5,0.2624,0.2624,400,200,0.4669,0,-1.0,-1.0,0,-1.0,512.1,5,1,0.36,0.512,250,0.0,54.4,0.0,25.0,-,0.0,0.512,1,2.2,1,19202,13531,0,0,-1.0,1,TRACTIVE,NO SEWER / RETHINK
104,13621,B,B,0,14.46,2.46,12.86,325.09,1433.7,8,-5.69,7.17,-0.3968,0.5,7.03,679.2,0.43,178.7,836.1,28.5,1.16,38,5,0.3286,0.3286,315,200,0.4669,0,-1.93,-1.93,0,-1.93,1433.7,8,1,3.04,1.434,250,0.0,58.6,12.1,52.4,-,0.0,1.045,0,0.0,1,18471,13621,0,0,-1.93,1,TRACTIVE,NO SEWER / RETHINK
105,13333,D,B,1,12.95,0.95,11.35,331.41,1007.6,6,-6.31,5.04,-0.6265,0.5,6.74,828.9,0.08,124.8,417.6,101.9,4.12,118,5,0.4056,0.4056,250,200,0.4669,1,0.14,0.14,0,-12.24,2441.4,13,0,-4.03,1.008,250,0.0,0.0,0.0,0.0,-,0.0,0.0,1,7.09,1,13621,13621,1,1,0.14,0,-,UPSIZE
106,13685,E,E,0,12.17,0.17,10.57,315.27,281.4,3,-9.17,1.41,-3.2586,0.5,9.17,281.4,5.88,566.8,222.0,0.0,0.0,0,5,0.4378,0.4378,250,200,0.4669,0,-0.03,-0.03,0,-0.03,281.4,3,1,0.42,0.281,250,0.0,21.1,100.0,36.4,WADI,0.0,0.281,0,0.0,1,19864,13685,0,0,-0.03,1,TRACTIVE,DELETE CORRIDOR
107,13751,E,E,0,12.46,0.46,10.86,318.0,1288.9,9,-4.42,6.44,-0.3427,0.5,4.42,1288.9,2.39,1184.0,403.9,9.9,0.16,8,1,0.4642,0.4278,250,200,0.4669,1,0.02,-0.42,1,0.02,1288.9,9,1,4.42,1.289,250,0.0,31.3,79.6,100.0,WADI,0.0,1.289,0,0.0,1,18719,13751,0,1,0.02,1,-,DELETE CORRIDOR
108,13797,E,E,0,13.97,1.97,12.37,318.73,3501.2,6,5.13,17.51,0.1466,0.5,1.47,203.8,3.12,1382.4,2266.2,8.4,0.43,6,1,0.4436,0.4436,250,200,0.4669,0,-0.76,-0.76,0,-0.76,3501.2,6,1,9.8,3.501,250,0.0,94.8,93.5,100.0,WADI,0.0,3.501,0,0.0,1,19895,13797,0,0,-0.76,1,TRACTIVE,DELETE CORRIDOR
109,15125,C,C,0,12.01,0.01,10.41,375.97,1507.7,11,-2.87,7.54,-0.1903,0.5,2.87,1507.7,6.21,1503.3,295.9,134.3,5.04,147,10,0.4995,0.4995,250,200,0.4669,1,2.44,2.44,1,2.44,1507.7,11,1,5.8,1.508,250,0.0,0.0,0.0,26.7,-,0.0,0.362,0,0.0,0,15217,15125,0,1,2.44,1,-,UPSIZE
110,15337,B,B,0,12.07,0.07,10.47,376.39,2024.4,10,-0.34,10.12,-0.017,0.5,0.34,2024.4,1.62,449.2,825.7,69.0,1.89,75,9,0.4967,0.4967,250,200,0.4669,1,0.72,0.7,1,0.72,2024.4,10,1,6.47,2.024,250,0.0,41.0,0.0,55.1,-,0.0,1.083,0,0.0,1,19435,15337,0,1,0.72,1,-,UPSIZE
111,15391,C,C,0,12.74,0.74,11.14,377.56,1919.8,15,-1.54,9.6,-0.0805,0.5,2.32,1516.9,4.21,1277.1,705.2,516.9,14.55,464,16,0.4613,0.4613,250,200,0.4669,1,1.08,0.19,1,1.08,1919.8,15,1,6.13,1.92,250,0.0,55.8,0.0,55.7,-,0.0,1.171,0,0.0,0,21797,15391,0,1,1.08,1,-,UPSIZE
112,17337,C,C,0,12.69,0.69,11.09,385.96,1250.2,13,-4.84,6.25,-0.3868,0.5,5.23,1089.0,8.21,1359.7,321.4,356.1,11.48,318,9,0.4451,0.4433,250,200,0.4669,1,1.48,1.29,1,1.48,1250.2,13,1,4.03,1.25,250,0.0,0.0,0.0,33.3,-,0.0,0.241,1,1.9,0,17352,17337,0,1,1.48,1,-,UPSIZE
113,17671,C,C,0,12.25,0.25,10.65,379.98,2859.8,15,-1.96,8.7,-0.0684,0.3041,3.32,932.1,2.73,688.5,613.9,3394.0,87.67,2818,9,0.2953,0.2953,315,600,0.4669,1,2.07,2.07,1,2.07,2859.8,15,1,5.7,1.308,315,0.0,0.0,0.0,72.6,-,0.0,0.575,0,0.0,0,17745,17671,0,1,2.07,1,-,UPSIZE
114,17819,C,C,0,12.35,0.35,10.75,385.37,1000.9,8,-5.75,5.0,-0.5743,0.5,6.44,524.2,6.78,1578.9,325.8,47.7,2.01,62,9,0.4648,0.4648,250,200,0.4669,1,0.18,0.18,1,0.18,1000.9,8,1,3.3,1.001,250,0.0,0.0,0.0,72.5,-,0.0,0.376,0,0.0,1,17869,17819,0,1,0.18,1,-,UPSIZE
115,18195,C,C,0,22.7,10.7,21.1,411.6,1163.9,2,-15.28,5.82,-1.3129,0.5,15.28,1163.9,18.06,1394.1,1163.9,29.2,0.36,28,38,-0.4193,-2.2423,0,200,0.4669,0,-10.26,-29.31,0,-10.26,1163.9,2,0,-6.35,1.164,250,0.0,0.0,0.0,17.5,-,0.0,1.164,1,15.71,1,18197,18195,0,0,-10.26,0,GROUND,STATION
116,18377,C,C,0,12.25,0.25,10.65,407.37,1038.2,9,-5.46,5.19,-0.5259,0.5,5.52,1013.6,8.57,1805.1,229.5,2486.3,14.27,2497,-1,0.4759,0.4759,250,200,0.4669,1,1.76,1.76,1,1.76,1038.2,9,1,3.56,1.038,250,0.0,0.0,0.0,95.0,-,0.0,0.174,0,0.0,0,18407,18377,0,1,1.76,1,-,UPSIZE
117,18495,C,C,0,13.18,1.18,11.58,368.73,1387.1,8,-4.64,6.94,-0.3347,0.5,4.64,1387.1,4.19,1666.2,457.1,1330.9,12.98,1109,0,0.4151,0.4151,250,200,0.4669,1,2.2,2.2,1,2.2,1387.1,8,1,4.12,1.387,250,0.0,100.0,14.7,58.6,-,0.0,0.093,0,0.0,0,20605,18495,0,1,2.2,1,-,UPSIZE
118,18496,E,E,0,12.31,0.31,10.71,414.14,2743.1,9,3.01,13.72,0.1097,0.5,0.12,213.5,8.0,2167.7,756.7,127.4,5.21,145,7,0.4888,0.4888,250,200,0.4669,1,3.81,2.7,1,3.81,2743.1,9,1,6.82,2.743,250,0.0,100.0,62.2,89.5,WADI,0.0,0.491,0,0.0,0,18803,18496,0,1,3.81,1,-,DELETE CORRIDOR
119,18497,C,C,0,18.51,6.51,16.91,408.08,3649.8,12,1.34,18.25,0.0368,0.5,7.31,204.7,13.81,4557.5,958.1,365.9,8.7,391,7,0.3217,0.3217,315,200,0.4669,0,-0.23,-0.23,0,-0.23,3649.8,12,1,7.96,3.65,315,0.0,100.0,19.4,65.9,-,0.0,0.657,0,0.0,0,19362,18497,0,0,-0.23,1,TRACTIVE,STATION
120,18502,C,C,0,13.49,1.49,11.89,387.7,1420.3,2,-4.79,7.1,-0.3374,0.5,4.8,1400.3,3.36,1752.3,1420.3,9.9,0.15,8,116,0.3948,0.3948,250,200,0.4669,0,-0.97,-0.97,0,-0.97,1420.3,2,1,3.94,1.42,250,0.0,100.0,14.0,61.4,-,0.0,1.42,0,0.0,1,18503,18502,0,0,-0.97,1,TRACTIVE,NO SEWER / RETHINK
121,18539,E,E,0,12.73,0.73,11.13,496.21,437.6,3,-8.94,2.19,-2.0429,0.5,8.94,437.6,13.94,1733.3,371.2,62.4,1.43,83,-1,0.3337,0.1724,315,200,0.4669,0,-0.53,-0.89,0,-0.53,437.6,3,1,0.53,0.438,250,0.0,100.0,50.0,21.1,WADI,0.0,0.371,1,1.3,1,18901,18539,0,0,-0.53,1,TRACTIVE,DELETE CORRIDOR
122,18586,B,B,0,12.68,0.68,11.08,421.35,2192.4,33,-0.56,10.52,-0.0254,0.4798,0.56,2192.4,4.73,1518.7,353.6,1000.4,18.31,1041,2,0.449,0.449,250,250,0.4669,1,3.35,3.29,1,3.35,2192.4,33,1,6.26,1.839,250,21.4,100.0,4.5,66.7,-,0.0,0.867,1,2.83,0,39333,18586,0,1,3.35,1,-,UPSIZE
123,18607,C,C,0,15.86,3.86,14.26,417.9,2205.8,20,-3.23,11.03,-0.1464,0.5,4.55,1135.3,2.38,998.7,1135.3,43.2,0.49,122,2,0.3251,0.3251,315,200,0.4669,0,-3.08,-3.08,0,-3.08,2205.8,20,1,4.92,2.206,250,11.1,100.0,0.0,64.0,-,0.0,2.206,0,0.0,1,37031,18607,0,0,-3.08,1,TRACTIVE,NO SEWER / RETHINK
124,18629,C,C,0,12.91,0.91,11.31,424.63,1220.3,18,-5.21,6.1,-0.4272,0.5,5.21,1220.3,12.47,3448.0,453.7,50.0,2.1,173,26,0.425,0.425,250,200,0.4669,0,-0.03,-0.03,0,-0.03,1220.3,18,1,3.67,1.22,250,13.3,100.0,0.0,18.4,-,0.0,0.48,1,2.22,1,38333,18629,0,0,-0.03,1,TRACTIVE,NO SEWER / RETHINK
125,18633,C,C,0,12.97,0.97,11.37,422.84,1708.7,12,-2.82,8.54,-0.1652,0.5,2.92,1649.0,2.04,341.8,636.3,35.1,0.85,114,26,0.4435,0.4435,250,200,0.4669,0,-0.35,-0.35,0,-0.35,1708.7,12,1,5.19,1.709,250,6.1,100.0,0.0,62.5,-,0.0,1.709,0,0.0,1,39381,18633,0,0,-0.35,1,TRACTIVE,NO SEWER / RETHINK
126,18653,C,C,0,12.08,0.08,10.48,423.86,1870.8,30,-1.13,9.35,-0.0604,0.5,1.13,1870.8,2.72,1517.7,327.6,257.9,9.19,225,2,0.4955,0.4955,250,200,0.4669,1,3.07,3.07,1,3.07,1870.8,30,1,6.75,1.871,250,14.7,100.0,0.0,80.8,-,0.0,0.253,0,0.0,0,40693,18653,0,1,3.07,1,-,UPSIZE
127,18692,C,C,0,13.42,1.42,11.82,431.42,1428.4,15,-4.68,7.14,-0.3273,0.5,4.68,1428.4,4.26,1533.6,420.3,262.5,9.31,228,12,0.4007,0.4007,250,200,0.4669,1,0.59,0.59,1,0.59,1428.4,15,1,4.05,1.428,250,6.0,100.0,0.0,39.2,-,0.0,0.457,1,2.2,0,41095,18692,0,1,0.59,1,-,UPSIZE
128,18775,B,B,0,12.45,0.45,10.85,383.02,1506.3,3,-3.32,7.53,-0.2204,0.5,3.79,1405.0,0.24,160.6,790.7,177.6,6.41,174,3,0.47,0.47,250,200,0.4669,1,1.73,1.73,1,1.73,1506.3,3,1,5.35,1.506,250,0.0,100.0,0.0,58.3,-,0.0,0.791,0,0.0,0,18772,18775,0,1,1.73,1,-,UPSIZE
129,18796,E,E,0,14.5,2.5,12.9,423.59,1914.7,30,-3.32,9.57,-0.1736,0.5,3.32,1914.7,7.04,1684.5,641.6,57.4,2.42,56,32,0.3696,0.3696,315,200,0.4669,0,-0.95,-0.95,0,-0.95,1914.7,30,1,5.04,1.915,315,20.2,100.0,42.1,63.3,WADI,0.0,0.883,0,0.0,1,46846,18796,0,0,-0.95,1,TRACTIVE,DELETE CORRIDOR
130,18821,C,C,0,15.78,3.78,14.18,413.67,3769.5,3,4.66,18.85,0.1237,0.5,5.6,820.1,19.4,4898.3,3020.3,0.0,0.02,2,7,0.3996,0.3996,250,200,0.4669,0,-2.48,-2.48,0,-2.48,3769.5,3,1,9.8,3.769,250,0.0,100.0,19.0,31.2,-,0.0,3.769,1,2.76,1,21432,18821,0,0,-2.48,1,TRACTIVE,NO SEWER / RETHINK
131,18822,E,E,0,16.87,4.87,15.27,393.21,1978.5,6,-5.38,9.89,-0.2718,0.5,5.38,1978.5,19.16,4648.9,765.4,35.9,1.57,37,1,0.2538,0.2538,400,200,0.4669,0,-4.09,-4.09,0,-4.09,1978.5,6,1,2.94,1.978,250,0.0,100.0,94.2,93.5,WADI,0.0,0.498,0,0.0,1,21545,18822,0,0,-4.09,1,TRACTIVE,DELETE CORRIDOR
132,18563,E,E,1,12.09,0.09,10.49,373.16,6107.5,6,20.05,30.54,0.3282,0.5,0.0,0.0,4.52,1810.0,4270.6,65.8,2.92,68,1,0.4985,0.4985,250,200,0.4437,1,4.34,4.24,0,-10.21,8086.0,11,1,2.94,6.108,250,0.0,100.0,81.9,100.0,WADI,0.0,0.0,2,4.05,1,18822,18822,1,1,4.34,1,-,DELETE CORRIDOR
133,18834,C,C,0,18.79,6.79,17.19,395.19,2481.2,34,-4.78,12.41,-0.1928,0.5,7.57,1482.5,12.74,2773.5,1542.6,40.5,1.72,45,7,0.2263,0.2263,400,200,0.4669,0,-5.47,-5.47,0,-5.47,2481.2,34,1,3.15,2.481,250,11.5,100.0,0.0,70.6,-,0.0,0.763,0,0.0,1,42293,18834,0,0,-5.47,1,TRACTIVE,NO SEWER / RETHINK
134,18889,B,B,0,24.76,12.76,23.16,416.81,3897.0,2,-3.68,19.48,-0.0944,0.5,3.77,3876.9,1.22,764.6,3897.0,0.0,0.0,1,2,0.1725,-0.271,500,200,0.4669,0,-11.42,-15.08,0,-11.42,3897.0,2,1,3.2,3.897,250,0.0,100.0,0.0,65.3,-,0.0,3.897,0,0.0,1,18888,18889,0,0,-11.42,1,TRACTIVE,NO SEWER / RETHINK
135,18605,D,C,1,12.54,0.54,10.94,418.49,2261.7,7,-1.68,9.26,-0.0743,0.4095,2.9,1497.0,2.97,1938.2,1006.1,1275.9,38.73,1374,2,0.3855,0.3855,250,400,0.4669,1,0.86,0.86,0,-21.01,6158.7,8,0,-0.18,1.568,250,0.0,100.0,3.8,50.5,-,0.0,1.006,0,0.0,0,18889,18889,1,1,0.86,0,-,UPSIZE
136,18915,B,B,0,15.1,3.1,13.5,434.16,1330.3,2,-6.85,6.65,-0.515,0.5,6.85,1330.3,2.94,1587.0,1330.3,59.1,0.16,58,2,0.2668,0.2668,400,200,0.4669,0,-2.61,-2.61,0,-2.61,1330.3,2,1,1.95,1.33,250,0.0,100.0,11.1,13.8,-,0.0,1.33,0,0.0,1,18914,18915,0,0,-2.61,1,TRACTIVE,NO SEWER / RETHINK
137,18919,A,A,0,12.29,0.29,10.69,436.23,2218.8,37,0.4,11.09,0.0181,0.5,0.71,127.6,6.6,1556.7,549.3,109.0,2.09,145,2,0.4868,0.4868,250,200,0.4669,1,0.65,0.65,1,0.65,2218.8,37,1,5.44,2.219,250,26.7,100.0,6.5,44.9,-,0.0,1.087,0,0.0,1,44441,18919,0,1,0.65,1,-,UPSIZE
138,18921,C,C,0,14.21,2.21,12.61,430.01,1699.0,28,-4.11,8.49,-0.242,0.5,4.22,1655.2,28.63,5539.0,260.3,192.6,3.64,198,7,0.3701,0.3701,315,200,0.4669,0,-0.82,-0.82,0,-0.82,1699.0,28,1,4.41,1.699,315,27.0,100.0,0.0,36.7,-,0.0,0.598,0,0.0,1,41716,18921,0,0,-0.82,1,TRACTIVE,NO SEWER / RETHINK
139,18930,C,C,0,22.08,10.08,20.48,365.73,2587.7,4,-7.54,12.94,-0.2914,0.5,7.56,2567.7,8.94,1610.0,1412.7,6.1,0.4,26,1,0.1105,0.0426,700,200,0.4669,0,-9.17,-9.89,0,-9.17,2587.7,4,1,0.32,2.588,250,0.0,100.0,22.4,60.8,-,0.0,2.588,1,5.25,1,22163,18930,0,0,-9.17,1,TRACTIVE,NO SEWER / RETHINK
140,18962,C,C,0,12.15,0.15,10.55,386.22,2017.1,21,-2.88,7.67,-0.1429,0.3801,2.88,2017.1,6.25,1674.0,224.8,3709.4,98.4,3201,3,0.3726,0.3726,315,600,0.4669,1,2.25,2.25,1,2.25,2017.1,21,1,5.4,1.549,315,15.6,100.0,0.0,12.5,-,0.0,0.794,0,0.0,0,32192,18962,0,1,2.25,1,-,UPSIZE
141,19150,A,A,0,15.47,3.47,13.87,429.95,5746.9,28,14.86,28.73,0.2587,0.5,0.43,322.6,4.0,1537.7,1955.8,262.5,9.71,259,12,0.4396,0.4382,250,200,0.4669,1,6.68,5.45,1,6.68,5746.9,28,1,8.33,5.747,250,4.5,100.0,5.2,76.3,-,0.0,0.283,0,0.0,0,46434,19150,0,1,6.68,1,-,UPSIZE
142,19155,B,B,0,13.29,1.29,11.69,425.46,1234.1,22,-5.51,6.17,-0.4469,0.5,5.62,1191.8,1.67,1645.6,205.9,160.7,6.01,147,17,0.3959,0.3959,250,200,0.4669,1,0.62,0.62,1,0.62,1234.1,22,1,3.36,1.234,250,7.2,100.0,0.0,91.2,-,0.0,0.252,2,3.13,0,37321,19155,0,1,0.62,1,-,UPSIZE
143,19167,A,A,0,13.21,1.21,11.61,397.32,2381.1,24,0.3,11.91,0.0125,0.5,0.14,2213.2,6.3,1542.5,514.5,239.3,7.44,219,3,0.4493,0.4493,250,200,0.4669,1,4.16,3.94,1,4.16,2381.1,24,1,7.46,2.381,250,13.4,100.0,0.0,40.0,-,0.0,0.028,1,2.71,0,32769,19167,0,1,4.16,1,-,UPSIZE
144,19200,C,C,0,12.85,0.85,11.25,444.79,1014.2,19,-6.39,4.87,-0.6297,0.4799,6.39,1014.2,12.82,1674.6,115.3,521.5,17.2,487,8,0.3957,0.3957,250,250,0.4669,1,0.84,0.84,1,0.84,1014.2,19,1,2.65,0.851,250,12.9,100.0,0.0,52.0,-,0.0,0.129,0,0.0,0,40011,19200,0,1,0.84,1,-,UPSIZE
145,19261,B,B,0,19.14,7.14,17.54,323.44,1818.8,3,-8.45,9.09,-0.4645,0.5,8.95,1676.2,0.0,0.0,1079.4,0.0,0.06,0,22,0.1073,0.09,700,200,0.4669,0,-6.49,-6.57,0,-6.49,1818.8,3,0,-0.01,1.819,250,0.0,100.0,0.0,26.4,-,0.0,1.819,0,0.0,1,18756,19261,0,0,-6.49,0,GROUND,STATION
146,19323,B,B,0,31.06,19.06,29.46,327.51,3473.3,2,-12.09,17.37,-0.3481,0.5,13.26,3031.7,4.88,754.3,3473.3,0.0,0.0,0,22,-0.0487,-0.0605,0,200,0.4669,0,-17.86,-17.86,0,-17.86,3473.3,2,0,-4.9,3.473,250,0.0,100.0,0.0,57.0,-,0.0,3.473,0,0.0,1,21309,19323,0,0,-17.86,0,GROUND,STATION
147,19337,E,E,0,12.48,0.48,10.88,436.04,2266.0,21,0.45,11.33,0.0197,0.5,0.99,265.5,7.43,1979.5,489.8,30.8,1.5,38,25,0.4787,0.4787,250,200,0.4669,1,0.32,0.32,1,0.32,2266.0,21,1,5.65,2.266,250,30.9,100.0,91.0,95.1,WADI,0.0,1.878,0,0.0,1,48784,19337,0,1,0.32,1,-,DELETE CORRIDOR
148,19340,E,E,0,12.14,0.14,10.54,420.47,3435.2,13,6.64,17.18,0.1932,0.5,0.87,21.3,10.25,2408.5,844.2,68.2,3.23,102,43,0.496,0.496,250,200,0.4669,1,1.08,1.08,1,1.08,3435.2,13,1,7.58,3.435,250,15.8,100.0,69.6,86.5,WADI,0.0,2.538,0,0.0,1,46740,19340,0,1,1.08,1,-,DELETE CORRIDOR
149,19525,B,B,0,13.41,1.41,11.81,380.78,1358.1,4,-5.02,6.79,-0.3694,0.5,5.19,1029.7,0.0,0.0,1130.7,44.5,1.62,13,3,0.3963,0.3963,250,200,0.4669,0,-0.72,-0.72,0,-0.72,1358.1,4,1,3.76,1.358,250,0.0,100.0,0.0,63.5,-,0.0,0.199,0,0.0,1,24496,19525,0,0,-0.72,1,TRACTIVE,NO SEWER / RETHINK
150,19569,C,C,0,13.99,1.99,12.39,412.32,2250.6,23,-1.14,11.25,-0.0507,0.5,1.21,2225.8,8.68,1388.5,1613.8,1.8,0.11,5,31,0.4114,0.3059,250,200,0.4669,0,-1.2,-3.24,0,-1.2,2250.6,23,1,6.97,2.251,250,12.8,100.0,0.0,52.9,-,0.0,2.251,0,0.0,1,36886,19569,0,0,-1.2,1,TRACTIVE,NO SEWER / RETHINK
151,19703,B,B,0,14.38,2.38,12.78,424.34,1392.3,5,-6.31,6.47,-0.4536,0.4643,6.31,1392.3,0.56,1607.3,755.7,718.6,17.24,510,17,0.2934,0.2934,315,250,0.4669,0,-0.04,-0.04,0,-0.04,1392.3,5,1,2.44,1.392,315,0.0,100.0,0.0,12.7,-,0.0,0.067,0,0.0,0,23860,19703,0,0,-0.04,1,TRACTIVE,STATION
152,19858,E,E,0,12.04,0.04,10.44,317.54,1502.0,5,-2.93,7.51,-0.1953,0.5,3.22,950.6,0.08,25.6,868.7,75.2,3.17,20,5,0.4971,0.4971,250,200,0.4669,1,0.53,0.53,1,0.53,1502.0,5,1,5.74,1.502,250,0.0,100.0,85.2,87.1,WADI,0.0,1.486,0,0.0,1,19855,19858,0,1,0.53,1,-,DELETE CORRIDOR
153,8083,E,E,1,13.43,1.43,11.83,322.82,1310.6,7,-5.28,6.55,-0.4029,0.5,5.36,1285.1,0.0,0.0,437.3,170.3,6.33,126,5,0.3906,0.3906,250,200,0.3308,1,1.45,1.45,0,-8.41,2812.6,11,0,-0.52,1.311,250,0.0,0.3,98.2,100.0,WADI,0.0,0.0,0,0.0,0,19858,19858,1,0,-8.41,0,GROUND,DELETE CORRIDOR
154,8075,E,E,1,12.44,0.44,10.84,327.34,1263.2,5,-4.52,6.32,-0.3582,0.5,4.52,1263.2,0.11,1584.8,357.4,179.2,6.96,138,5,0.4651,0.4651,250,200,0.2358,1,2.83,2.83,0,-15.88,4075.9,15,0,-6.0,1.263,250,0.0,0.0,71.7,93.0,WADI,0.0,0.0,0,0.0,0,8083,19858,2,1,2.83,1,-,DELETE CORRIDOR
155,8074,D,C,1,13.57,1.57,11.97,335.54,753.5,2,-8.2,3.77,-1.0882,0.5,8.2,753.5,8.31,831.3,753.5,619.1,6.98,436,5,0.292,0.275,315,200,0.2298,1,0.37,0.23,0,-25.81,4829.4,16,0,-14.76,0.754,315,0.0,0.0,0.0,13.9,-,0.0,0.0,0,0.0,0,8075,19858,3,0,-7.1,0,GROUND,STATION
156,19866,B,B,0,17.01,5.01,15.41,325.35,852.5,3,-11.15,4.26,-1.3075,0.5,11.19,831.9,0.07,93.8,514.6,8.2,0.35,11,5,-0.0875,-0.0875,0,200,0.4669,0,-4.68,-4.68,0,-4.68,852.5,3,0,-1.99,0.852,250,0.0,100.0,0.0,10.3,-,0.0,0.852,0,0.0,1,18709,19866,0,0,-4.68,0,GROUND,STATION
157,20379,B,B,0,14.73,2.73,13.13,322.99,1160.7,3,-7.33,5.8,-0.6313,0.5,7.59,1140.4,1.04,395.6,610.5,0.0,0.04,0,22,0.2647,0.2647,400,200,0.4669,0,-2.3,-2.3,0,-2.3,1160.7,3,1,1.6,1.161,250,0.0,100.0,0.0,10.9,-,0.0,1.161,0,0.0,1,20377,20379,0,0,-2.3,1,TRACTIVE,NO SEWER / RETHINK
158,20426,B,B,0,14.69,2.69,13.09,324.03,2416.7,6,-1.0,12.08,-0.0415,0.5,2.02,577.0,0.0,0.0,1426.4,1.1,0.28,1,22,0.3889,0.3889,250,200,0.4669,0,-1.83,-1.83,0,-1.83,2416.7,6,1,6.99,2.417,250,0.0,100.0,0.0,31.0,-,0.0,2.417,0,0.0,1,19238,20426,0,0,-1.83,1,TRACTIVE,NO SEWER / RETHINK
159,7128,D,B,1,32.95,20.95,31.35,345.01,2074.2,4,-20.98,10.37,-1.0114,0.5,20.98,2074.2,7.17,1627.3,2016.4,169.0,0.41,78,22,-0.51,-0.51,0,200,0.4669,0,-20.21,-20.21,0,-32.5,4490.9,9,0,-15.55,2.074,250,0.0,2.6,0.0,3.0,-,0.0,2.074,0,0.0,1,20426,20426,1,0,-20.21,0,GROUND,STATION
160,20823,E,E,0,12.38,0.38,10.78,369.29,1021.6,5,-5.67,5.11,-0.5549,0.5,5.67,1021.6,3.24,1003.5,596.7,176.2,6.68,69,0,0.4631,0.4631,250,200,0.4669,1,0.2,0.2,1,0.2,1021.6,5,1,3.36,1.022,250,0.0,100.0,66.7,93.3,WADI,0.0,0.939,0,0.0,0,20607,20823,0,1,0.2,1,-,DELETE CORRIDOR
161,20832,A,A,0,12.42,0.42,10.82,369.89,2322.3,47,0.8,11.61,0.0343,0.5,0.93,519.8,3.14,1563.9,265.5,147.8,5.76,145,0,0.4821,0.4821,250,200,0.4669,1,2.54,2.54,1,2.54,2322.3,47,1,8.37,2.322,250,10.8,100.0,0.0,50.0,-,0.0,1.084,1,1.5,0,31313,20832,0,1,2.54,1,-,UPSIZE
162,21181,B,B,0,41.24,29.24,39.64,331.41,4123.6,3,-19.02,20.62,-0.4613,0.5,21.55,4023.6,0.0,0.0,3303.3,0.0,0.05,0,22,-0.2091,-0.2877,0,200,0.4669,0,-27.82,-29.7,0,-27.82,4123.6,3,0,-12.32,4.124,250,0.0,100.0,0.0,43.1,-,0.0,4.124,0,0.0,1,20977,21181,0,0,-27.82,0,GROUND,STATION
163,21197,C,C,0,18.91,6.91,17.31,399.49,1002.5,2,-12.3,5.01,-1.2267,0.5,12.32,982.5,16.15,2007.6,1002.5,0.0,0.0,0,0,-0.1894,-1.3448,0,200,0.4669,0,-6.53,-12.66,0,-6.53,1002.5,2,0,-3.25,1.003,250,0.0,100.0,0.0,30.6,-,0.0,1.003,0,0.0,1,21245,21197,0,0,-6.53,0,GROUND,STATION
164,21187,D,C,1,17.78,5.78,16.18,412.25,683.5,2,-12.77,3.42,-1.8678,0.5,13.1,643.3,28.91,1324.0,683.5,0.0,0.03,0,0,-0.3463,-0.3931,0,200,0.4669,0,-5.51,-5.51,0,-22.49,1686.1,3,0,-16.53,0.684,250,0.0,100.0,14.3,21.2,-,0.0,0.684,0,0.0,1,21197,21197,1,0,-5.51,0,GROUND,STATION
165,21329,E,E,0,12.67,0.67,11.07,437.92,1220.7,4,-4.96,6.1,-0.4064,0.5,7.37,933.8,9.32,1719.0,717.3,4.5,0.22,12,127,0.4455,0.4455,250,200,0.4669,0,-0.21,-0.21,0,-0.21,1220.7,4,1,3.92,1.221,250,0.0,100.0,60.0,61.4,WADI,0.0,1.221,0,0.0,1,21325,21329,0,0,-0.21,1,TRACTIVE,DELETE CORRIDOR
166,21378,B,B,0,14.4,2.4,12.8,417.06,1529.8,7,-5.15,7.65,-0.3364,0.5,5.58,1427.2,0.5,1573.1,515.6,35.3,1.42,44,43,0.3434,0.3434,315,200,0.4669,0,-1.84,-1.84,0,-1.84,1529.8,7,1,3.51,1.53,250,0.0,100.0,35.4,95.6,-,0.0,0.515,1,1.45,1,19357,21378,0,0,-1.84,1,TRACTIVE,NO SEWER / RETHINK
167,21515,C,C,0,12.33,0.33,10.73,400.35,2086.5,49,-0.3,10.43,-0.0143,0.5,4.0,469.0,3.45,188.3,237.8,156.4,5.98,161,7,0.4841,0.4841,250,200,0.4669,1,3.51,3.32,1,3.51,2086.5,49,1,3.85,2.087,250,23.3,100.0,13.3,36.6,-,0.0,0.641,0,0.0,0,44187,21515,0,1,3.51,1,-,UPSIZE
168,21653,B,B,0,12.14,0.14,10.54,392.61,1544.7,18,-2.82,7.72,-0.1823,0.5,2.82,1544.7,0.0,0.0,927.8,46.4,0.64,65,7,0.491,0.2244,250,200,0.4669,1,0.42,-2.83,1,0.42,1544.7,18,1,3.9,1.545,250,9.8,100.0,0.0,34.0,-,0.0,1.545,1,2.18,1,42265,21653,0,1,0.42,1,-,UPSIZE
169,18832,D,B,1,12.02,0.02,10.42,398.21,965.0,3,-5.6,4.82,-0.5799,0.5,5.6,965.0,0.0,0.0,758.6,214.6,2.33,241,7,0.4979,0.4979,250,200,0.4081,1,1.12,1.12,0,-8.91,2509.7,20,0,-0.49,0.965,250,0.0,100.0,0.0,100.0,-,0.0,0.0,0,0.0,1,21653,21653,1,0,-8.91,0,GROUND,STATION
170,18833,D,C,1,20.18,8.18,18.58,408.61,1635.9,2,-10.4,8.18,-0.6357,0.5,10.4,1635.9,14.34,3628.3,1635.9,214.6,8.19,241,7,0.0001,0.0001,0,200,0.2135,0,-3.59,-3.59,0,-22.8,4145.6,21,0,-12.12,1.636,400,0.0,100.0,0.0,28.8,-,0.0,0.0,0,0.0,0,18832,21653,2,0,-3.59,0,GROUND,STATION
171,22045,E,E,0,13.02,1.02,11.42,457.25,1000.7,23,-6.42,5.0,-0.6411,0.5,6.42,1000.7,6.03,1669.4,161.0,2111.2,2.53,2204,-1,0.3981,0.3981,250,200,0.4669,0,-0.07,-0.07,0,-0.07,1000.7,23,1,2.63,1.001,250,30.8,100.0,100.0,100.0,WADI,0.0,0.149,0,0.0,1,46179,22045,0,0,-0.07,1,TRACTIVE,DELETE CORRIDOR
172,22189,A,A,0,12.09,0.09,10.49,368.58,3968.0,38,7.89,18.37,0.1987,0.463,0.13,245.8,4.0,1173.1,704.3,1359.8,39.37,1338,1,0.4608,0.4608,250,400,0.4669,1,5.56,5.56,1,5.56,3968.0,38,1,7.65,3.471,250,9.5,100.0,14.2,87.0,-,0.0,0.769,0,0.0,0,38011,22189,0,1,5.56,1,-,UPSIZE
173,22202,E,E,0,12.34,0.34,10.74,349.88,714.6,8,-7.17,3.57,-1.0035,0.5,7.7,519.9,0.48,620.1,237.2,13.9,0.47,24,1,0.4519,0.4519,250,200,0.4669,0,-0.06,-0.06,0,-0.06,714.6,8,1,2.09,0.715,250,0.0,85.6,75.0,74.1,WADI,0.0,0.715,0,0.0,1,22293,22202,0,0,-0.06,1,TRACTIVE,DELETE CORRIDOR
174,22431,C,C,0,15.04,3.04,13.44,440.36,203.5,2,-12.42,1.02,-6.1053,0.5,12.99,183.2,77.07,1915.0,203.5,0.0,0.0,1,29,-0.9948,-0.9948,0,200,0.4669,0,-2.92,-2.92,0,-2.92,203.5,2,0,-2.78,0.204,250,0.0,100.0,0.0,0.0,-,0.0,0.204,0,0.0,1,22430,22431,0,0,-2.92,0,GROUND,STATION
175,22558,C,C,0,12.28,0.28,10.68,385.02,1176.7,8,-4.79,5.88,-0.4075,0.5,5.06,1094.8,6.6,1645.0,409.2,118.9,4.74,51,3,0.4764,0.4764,250,200,0.4669,1,1.06,1.06,1,1.06,1176.7,8,1,4.12,1.177,250,0.0,100.0,0.0,18.8,-,0.0,0.658,1,4.44,1,22476,22558,0,1,1.06,1,-,UPSIZE
176,23214,E,E,0,13.38,1.38,11.78,390.56,1566.7,21,-4.38,7.41,-0.2793,0.4728,5.34,1314.3,3.98,1874.6,219.7,634.6,20.63,367,3,0.3845,0.3845,250,250,0.4669,1,1.81,1.81,1,1.81,1566.7,21,1,4.25,1.225,250,0.0,100.0,45.7,72.9,WADI,0.0,0.345,0,0.0,0,22858,23214,0,1,1.81,1,-,DELETE CORRIDOR
177,24090,B,B,0,13.83,1.83,12.23,422.43,1165.0,13,-6.41,5.83,-0.5498,0.5,6.41,1165.0,0.25,168.8,364.7,396.4,9.5,314,17,0.3429,0.3429,315,200,0.4669,1,0.78,0.78,1,0.78,1165.0,13,1,2.52,1.165,315,7.6,100.0,0.0,11.9,-,0.0,0.136,0,0.0,0,37133,24090,0,1,0.78,1,-,UPSIZE
178,24155,A,A,0,12.32,0.32,10.72,436.68,2340.9,21,0.99,11.7,0.0422,0.5,0.75,250.5,7.02,1576.7,497.2,2887.2,6.17,2931,-1,0.4865,0.4865,250,200,0.4669,1,3.86,3.86,1,3.86,2340.9,21,1,7.39,2.341,250,3.8,100.0,0.0,12.2,-,0.0,0.329,1,1.61,0,44481,24155,0,1,3.86,1,-,UPSIZE
179,24326,A,A,0,12.61,0.61,11.01,390.01,2966.1,35,3.82,14.83,0.1289,0.5,0.18,127.0,6.15,1369.6,326.1,203.8,7.75,196,3,0.4795,0.4795,250,200,0.4669,1,1.64,1.64,1,1.64,2966.1,35,1,1.24,2.966,250,4.0,100.0,0.0,25.5,-,0.0,0.249,0,0.0,0,32707,24326,0,1,1.64,1,-,UPSIZE
180,24370,E,E,0,12.87,0.87,11.27,394.71,1322.1,13,-5.1,6.17,-0.3857,0.4667,5.92,1300.9,5.3,1469.7,481.6,470.9,15.61,285,3,0.4009,0.4009,250,250,0.4669,1,1.54,1.54,1,1.54,1322.1,13,1,3.71,0.97,250,0.0,100.0,50.0,65.3,WADI,0.0,0.22,1,1.88,0,24369,24370,0,1,1.54,1,-,DELETE CORRIDOR
181,24927,C,C,0,12.58,0.58,10.98,429.04,3181.2,8,4.61,15.58,0.1448,0.4898,1.46,185.6,16.88,3006.2,1302.4,1341.4,40.16,1021,17,0.4717,0.4717,250,400,0.4669,1,1.26,1.26,1,1.26,3181.2,8,1,7.25,2.975,250,0.0,100.0,0.0,55.7,-,0.0,2.245,0,0.0,0,18705,24927,0,1,1.26,1,-,UPSIZE
182,25193,E,E,0,12.55,0.55,10.95,401.34,1246.6,5,-4.72,6.23,-0.3786,0.5,5.2,1126.3,5.99,1439.1,481.3,26.3,1.19,19,91,0.4556,0.3074,250,200,0.4669,0,-0.09,-1.9,0,-0.09,1246.6,5,1,4.14,1.247,250,0.0,100.0,58.2,96.5,WADI,0.0,1.202,0,0.0,1,21495,25193,0,0,-0.09,1,TRACTIVE,DELETE CORRIDOR
183,27593,C,C,0,14.11,2.11,12.51,382.42,717.0,24,-8.93,3.58,-1.2451,0.5,8.93,717.0,10.79,1911.6,123.3,85.6,3.51,79,0,0.2054,0.2054,400,200,0.4669,0,-1.26,-1.26,0,-1.26,717.0,24,1,0.33,0.717,315,33.6,100.0,0.0,0.0,-,0.0,0.161,0,0.0,1,28166,27593,0,0,-1.26,1,TRACTIVE,NO SEWER / RETHINK
184,28221,C,C,0,13.66,1.66,12.06,395.28,107.9,5,-11.52,0.54,-10.677,0.5,11.52,107.9,21.13,1367.9,36.4,7.6,0.27,8,0,-1.0393,-1.0393,0,200,0.4669,0,-1.58,-1.58,0,-1.58,107.9,5,0,-1.8,0.108,250,19.8,100.0,0.0,0.0,-,0.0,0.108,0,0.0,1,28190,28221,0,0,-1.58,0,GROUND,STATION
185,28246,C,C,0,18.11,6.11,16.51,392.06,128.2,5,-15.87,0.64,-12.3804,0.5,15.87,128.2,17.88,1560.1,36.9,7.6,0.32,7,0,-4.2676,-4.2676,0,200,0.4669,0,-6.02,-6.02,0,-6.02,128.2,5,0,-6.17,0.128,250,24.6,100.0,0.0,0.0,-,0.0,0.128,0,0.0,1,28196,28246,0,0,-6.02,0,GROUND,STATION
186,28254,E,E,1,13.83,1.83,12.23,403.95,68.2,3,-11.89,0.34,-17.4294,0.5,11.89,68.2,29.81,1536.9,50.5,9.7,0.32,9,0,-2.1808,-2.1808,0,200,0.4669,0,-1.76,-1.76,0,-18.22,196.4,7,0,-18.11,0.068,250,74.0,100.0,0.0,0.0,LINK,0.0,0.068,0,0.0,1,28246,28246,1,0,-1.76,0,GROUND,DELETE CORRIDOR
187,28503,C,C,0,12.04,0.04,10.44,371.76,1390.1,35,-3.49,6.95,-0.2513,0.5,3.49,1390.1,5.01,1858.5,139.7,266.1,9.7,246,0,0.4968,0.4968,250,200,0.4669,1,2.04,2.04,1,2.04,1390.1,35,1,5.26,1.39,250,14.5,100.0,0.0,29.2,-,0.0,0.614,0,0.0,0,28916,28503,0,1,2.04,1,-,UPSIZE
188,30031,B,B,0,12.25,0.25,10.65,377.04,1667.6,27,-2.31,8.34,-0.1388,0.5,2.31,1667.6,0.0,0.0,363.4,123.4,3.86,96,0,0.4849,0.4849,250,200,0.4669,1,1.58,1.58,1,1.58,1667.6,27,1,6.23,1.668,250,10.3,100.0,0.0,28.6,-,0.0,0.815,0,0.0,1,30312,30031,0,1,1.58,1,-,UPSIZE
189,30829,C,C,0,37.38,25.38,35.78,420.51,1011.7,3,-30.72,5.06,-3.0367,0.5,30.72,1011.7,40.24,1527.5,978.8,0.0,0.0,0,0,-2.0087,-4.6112,0,200,0.4669,0,-24.99,-24.99,0,-24.99,1011.7,3,0,-21.68,1.012,250,0.0,100.0,0.0,0.0,-,0.0,1.012,0,0.0,1,30833,30829,0,0,-24.99,0,GROUND,STATION
190,33901,A,A,0,12.36,0.36,10.76,402.71,2239.9,49,0.44,11.2,0.0197,0.5,0.6,136.7,0.0,0.0,216.3,373.3,13.0,292,3,0.484,0.484,250,200,0.4669,1,3.94,3.94,1,3.94,2239.9,49,1,6.42,2.24,250,11.5,100.0,0.0,24.5,-,0.0,0.576,0,0.0,0,33761,33901,0,1,3.94,1,-,UPSIZE
191,34489,B,B,0,12.08,0.08,10.48,368.61,1666.9,35,-2.15,8.33,-0.1288,0.5,2.9,705.5,0.54,197.4,243.5,44.3,1.52,41,16,0.4951,0.4951,250,200,0.4669,1,0.52,0.52,1,0.52,1666.9,35,1,6.4,1.667,250,11.2,100.0,3.8,72.2,-,0.0,1.632,0,0.0,1,34467,34489,0,1,0.52,1,-,UPSIZE
192,34941,C,C,0,15.07,3.07,13.47,375.74,1318.9,40,-6.87,6.59,-0.5212,0.5,6.94,1171.7,7.07,1595.0,173.0,236.4,8.1,236,1,0.2673,0.2673,400,200,0.4669,0,-1.98,-1.98,0,-1.98,1318.9,40,1,1.94,1.319,400,13.8,100.0,0.0,58.8,-,0.0,0.815,0,0.0,0,35290,34941,0,0,-1.98,1,TRACTIVE,STATION
193,36110,E,E,0,12.18,0.18,10.58,385.4,748.5,19,-6.84,3.74,-0.9133,0.5,7.51,537.8,7.62,1428.1,137.8,8.6,0.35,13,9,0.4761,0.1466,250,200,0.4669,1,0.12,-2.05,1,0.12,748.5,19,1,2.4,0.748,250,44.3,100.0,0.0,36.4,LINK,0.0,0.748,0,0.0,1,36191,36110,0,1,0.12,1,-,DELETE CORRIDOR
194,36203,C,C,0,12.08,0.08,10.48,418.1,1972.7,29,-0.62,9.86,-0.0312,0.5,2.1,573.2,2.58,1059.9,423.1,32.9,1.44,77,2,0.496,0.496,250,200,0.4669,1,0.62,0.62,1,0.62,1972.7,29,1,7.7,1.973,250,8.1,100.0,0.0,88.9,-,0.0,1.4,0,0.0,1,36219,36203,0,1,0.62,1,-,UPSIZE
195,36392,B,B,0,12.16,0.16,10.56,415.01,1255.2,24,-4.28,6.28,-0.3409,0.5,4.28,1255.2,0.0,0.0,410.7,2.2,0.16,6,2,0.4876,0.4876,250,200,0.4669,1,0.31,0.31,1,0.31,1255.2,24,1,4.58,1.255,250,9.8,100.0,0.0,91.2,-,0.0,1.255,0,0.0,1,36789,36392,0,1,0.31,1,-,UPSIZE
196,36655,B,B,0,13.11,1.11,11.51,415.74,1980.3,37,-1.61,9.9,-0.0813,0.5,2.51,773.5,0.0,0.0,290.9,11.3,0.56,36,2,0.4438,-0.3182,250,200,0.4669,0,-0.41,-1.26,0,-0.41,1980.3,37,1,2.28,1.98,250,22.0,100.0,0.0,72.0,-,0.0,1.98,0,0.0,1,37004,36655,0,0,-0.41,1,TRACTIVE,NO SEWER / RETHINK
197,38181,C,C,0,13.47,1.47,11.87,432.7,52.7,4,-11.61,0.26,-22.0136,0.5,11.61,52.7,16.89,75.6,24.7,25.1,0.0,17,2,-2.2861,-2.2861,0,200,0.4669,0,-1.4,-1.4,0,-1.4,52.7,4,0,-1.84,0.053,250,0.0,100.0,0.0,0.0,-,0.0,0.053,0,0.0,1,38166,38181,0,0,-1.4,0,GROUND,STATION
198,38183,C,C,0,20.4,8.4,18.8,433.0,551.1,12,-16.04,2.76,-2.9112,0.5,16.21,499.6,17.19,89.0,177.8,25.1,1.07,17,2,-1.024,-1.024,0,200,0.4669,0,-8.17,-8.17,0,-8.17,551.1,12,0,-6.66,0.551,250,28.3,100.0,0.0,58.3,-,0.0,0.507,0,0.0,1,38140,38183,0,0,-8.17,0,GROUND,STATION
199,39032,E,E,0,14.51,2.51,12.91,434.0,139.5,5,-12.21,0.7,-8.7556,0.5,12.21,139.5,17.37,1771.1,64.0,0.0,0.0,0,2,-1.3002,-1.3002,0,200,0.4669,0,-2.41,-2.41,0,-2.41,139.5,5,0,-2.52,0.139,250,90.6,100.0,0.0,0.0,LINK,0.0,0.139,0,0.0,1,39091,39032,0,0,-2.41,0,GROUND,DELETE CORRIDOR
200,39100,C,C,0,12.6,0.6,11.0,429.8,110.9,4,-10.45,0.55,-9.4214,0.5,10.45,110.9,12.56,1565.3,39.0,1.1,0.01,1,2,-0.0428,-0.0428,0,200,0.4669,0,-0.52,-0.52,0,-0.52,110.9,4,0,-0.73,0.111,250,0.0,100.0,0.0,0.0,-,0.0,0.111,0,0.0,1,39117,39100,0,0,-0.52,0,GROUND,STATION
201,40277,E,E,0,13.57,1.57,11.97,442.83,195.7,5,-11.0,0.98,-5.619,0.5,11.0,195.7,10.86,1531.7,97.3,6.5,0.28,7,8,-0.3042,-0.4808,0,200,0.4669,0,-1.46,-1.49,0,-1.46,195.7,5,0,-1.34,0.196,250,49.7,100.0,0.0,0.0,LINK,0.0,0.196,0,0.0,1,40345,40277,0,0,-1.46,0,GROUND,DELETE CORRIDOR
202,40357,E,E,0,12.29,0.29,10.69,436.23,914.5,20,-6.12,4.57,-0.6693,0.5,6.83,276.4,1.57,1846.9,166.2,136.7,5.42,113,8,0.4679,0.4679,250,200,0.4669,1,1.48,1.48,1,1.48,914.5,20,1,2.99,0.915,250,59.9,100.0,0.0,42.9,LINK,0.0,0.034,0,0.0,0,42057,40357,0,1,1.48,1,-,DELETE CORRIDOR
203,40237,D,C,1,12.91,0.91,11.31,444.44,619.5,21,-8.21,3.1,-1.3259,0.5,8.21,619.5,14.09,1671.3,83.6,177.8,6.55,155,8,0.3528,0.3528,315,200,0.2574,1,0.58,0.58,0,-8.25,1534.0,40,0,-5.69,0.62,315,33.6,100.0,0.0,40.0,-,0.0,0.0,0,0.0,0,40357,40357,1,0,-8.25,0,GROUND,STATION
204,40927,C,C,0,12.47,0.47,10.87,427.68,1723.5,22,-2.25,8.62,-0.1304,0.5,2.56,1435.6,1.73,1515.8,432.4,90.2,3.59,102,12,0.473,0.473,250,200,0.4669,1,0.46,0.46,1,0.46,1723.5,22,1,6.26,1.724,250,10.7,100.0,0.0,77.2,-,0.0,0.522,0,0.0,1,40888,40927,0,1,0.46,1,-,UPSIZE
205,42065,C,C,0,12.14,0.14,10.54,437.08,587.9,12,-7.6,2.94,-1.2925,0.5,7.8,338.8,7.68,1139.8,227.4,44.0,1.85,40,8,0.4764,0.4764,250,200,0.4669,1,0.14,0.14,1,0.14,587.9,12,1,1.76,0.588,250,10.2,100.0,0.0,38.5,-,0.0,0.278,0,0.0,1,42072,42065,0,1,0.14,1,-,UPSIZE
206,42119,C,C,0,13.6,1.6,12.0,438.97,331.7,8,-10.34,1.66,-3.1162,0.5,10.34,331.7,9.57,1053.7,127.3,56.9,2.4,52,8,0.0191,0.0191,0,200,0.4669,0,-1.41,-1.41,0,-1.41,331.7,8,0,-0.79,0.332,250,25.4,100.0,0.0,12.5,-,0.0,0.3,0,0.0,1,42161,42119,0,0,-1.41,0,GROUND,STATION
207,44699,C,C,0,12.42,0.42,10.82,449.95,69.8,4,-10.47,0.35,-15.0071,0.5,10.47,69.8,17.32,1740.9,26.4,1.1,0.05,2,34,-0.1065,-0.1065,0,200,0.4669,0,-0.35,-0.35,0,-0.35,69.8,4,0,-0.73,0.07,250,0.0,100.0,0.0,0.0,-,0.0,0.07,0,0.0,1,44684,44699,0,0,-0.35,0,GROUND,STATION
208,44720,C,C,0,13.39,1.39,11.79,445.88,616.0,20,-8.71,3.08,-1.4138,0.5,8.71,616.0,13.26,1749.0,86.1,76.8,2.28,78,34,0.2745,0.2745,315,200,0.4669,0,-0.91,-0.91,0,-0.91,616.0,20,1,0.63,0.616,250,21.3,100.0,0.0,16.7,-,0.0,0.261,0,0.0,1,44746,44720,0,0,-0.91,1,TRACTIVE,NO SEWER / RETHINK
209,44722,C,C,0,12.76,0.76,11.16,448.51,274.5,13,-9.79,1.37,-3.566,0.5,9.97,111.3,15.89,1767.3,39.4,22.3,0.94,24,34,0.2232,0.2232,400,200,0.4669,0,-0.62,-0.62,0,-0.62,274.5,13,0,-0.19,0.274,250,19.9,100.0,0.0,0.0,-,0.0,0.274,0,0.0,1,44823,44722,0,0,-0.62,0,GROUND,STATION
210,45125,C,C,0,12.08,0.08,10.48,440.72,1306.9,22,-3.95,6.53,-0.3021,0.5,4.03,1276.0,4.04,1537.9,277.5,285.0,10.14,267,13,0.4937,0.4937,250,200,0.4669,1,2.53,2.53,1,2.53,1306.9,22,1,4.87,1.307,250,6.4,100.0,0.0,75.7,-,0.0,0.213,0,0.0,0,45003,45125,0,1,2.53,1,-,UPSIZE
211,46538,E,E,0,15.83,3.83,14.23,458.34,665.3,8,-10.9,3.33,-1.639,0.5,10.9,665.3,14.3,1538.2,310.8,2.6,0.13,8,12,-0.0758,-0.0758,0,200,0.4669,0,-3.56,-3.56,0,-3.56,665.3,8,0,-1.6,0.665,250,75.2,100.0,0.0,62.5,LINK,0.0,0.665,0,0.0,1,46615,46538,0,0,-3.56,0,GROUND,DELETE CORRIDOR
212,48198,E,E,0,19.53,7.53,17.93,495.12,731.3,20,-14.27,3.66,-1.9521,0.5,14.27,731.3,12.84,1965.7,157.2,12.6,0.55,22,40,-0.5299,-0.5299,0,200,0.4669,0,-7.24,-7.24,0,-7.24,731.3,20,0,-5.02,0.731,250,67.7,100.0,75.0,33.3,LINK,0.0,0.731,0,0.0,1,48218,48198,0,0,-7.24,0,GROUND,DELETE CORRIDOR
213,48201,E,E,0,15.02,3.02,13.42,497.91,117.2,4,-12.84,0.59,-10.9564,0.5,12.84,117.2,15.64,1837.9,74.3,18.0,0.14,27,40,-2.0801,-2.0801,0,200,0.4669,0,-2.93,-2.93,0,-2.93,117.2,4,0,-3.12,0.117,250,63.4,100.0,0.0,0.0,LINK,0.0,0.117,0,0.0,1,48197,48201,0,0,-2.93,0,GROUND,DELETE CORRIDOR
214,48473,E,E,0,12.79,0.79,11.19,491.85,1097.4,29,-5.7,5.49,-0.5193,0.5,6.38,831.9,8.96,1524.3,92.0,36.2,1.28,41,14,0.4284,0.4284,250,200,0.4669,0,-0.37,-0.37,0,-0.37,1097.4,29,1,3.28,1.097,250,44.6,100.0,75.0,21.1,LINK,0.0,0.947,0,0.0,1,48408,48473,0,0,-0.37,1,TRACTIVE,DELETE CORRIDOR
215,48874,E,E,0,15.69,3.69,14.09,451.56,663.9,15,-10.77,3.32,-1.6224,0.5,11.55,189.1,16.51,1355.4,184.8,4.8,0.19,5,25,-0.0559,-0.0559,0,200,0.4669,0,-3.42,-3.42,0,-3.42,663.9,15,0,-1.47,0.664,250,60.0,100.0,0.0,61.1,LINK,0.0,0.664,0,0.0,1,48818,48874,0,0,-3.42,0,GROUND,DELETE CORRIDOR
216,49769,C,C,0,12.36,0.36,10.76,513.11,758.6,10,-6.97,3.79,-0.9189,0.5,6.97,758.6,15.13,1840.3,138.6,166.6,5.88,147,54,0.4521,0.4521,250,200,0.4669,1,0.66,0.66,1,0.66,758.6,10,1,2.26,0.759,250,6.8,100.0,0.0,0.0,-,0.0,0.188,0,0.0,0,49885,49769,0,1,0.66,1,-,UPSIZE
217,54381,E,E,0,12.51,0.51,10.91,398.81,822.9,16,-6.79,4.11,-0.8257,0.5,6.79,822.9,9.03,1783.1,145.6,41.1,1.7,65,37,0.4381,0.4381,250,200,0.4669,0,-0.1,-0.1,0,-0.1,822.9,16,1,2.39,0.823,250,53.7,100.0,89.5,95.0,LINK,0.0,0.481,0,0.0,1,43111,54381,0,0,-0.1,1,TRACTIVE,DELETE CORRIDOR
218,57325,B,B,0,12.34,0.34,10.74,333.73,1321.3,11,-4.14,6.61,-0.313,0.5,5.62,1022.6,0.0,0.0,298.7,627.6,4.54,276,-1,0.4741,0.4741,250,200,0.4669,1,1.3,1.3,1,1.3,1321.3,11,1,4.67,1.321,250,0.0,0.0,0.0,76.9,-,0.0,0.468,0,0.0,1,13201,57325,0,1,1.3,1,-,UPSIZE
219,57359,E,E,0,12.56,0.56,10.96,382.13,926.4,3,-6.33,4.63,-0.6835,0.5,6.33,926.4,1.33,1485.0,850.2,1642.2,0.06,1747,-1,0.4391,0.2576,250,200,0.4669,0,-0.21,-1.84,0,-0.21,926.4,3,1,2.77,0.926,250,0.0,91.8,61.0,95.3,WADI,0.0,0.926,0,0.0,1,21571,57359,0,0,-0.21,1,TRACTIVE,DELETE CORRIDOR
220,57439,E,E,0,20.51,8.51,18.91,328.72,3667.1,14,-0.92,18.0,-0.025,0.4908,3.4,1383.4,0.0,-1.0,2526.2,73442.0,1361.05,62615,-1,0.2586,0.2581,400,1200,0.4669,1,3.7,2.79,1,3.7,3667.1,14,1,6.13,0.787,250,0.0,0.0,0.0,34.9,SIZING,11.9,0.671,0,0.0,0,10144,57439,0,1,3.7,1,-,DELETE CORRIDOR
