QUANTITY,VALUE,UNIT,BUILT,BAND
vortex drop shafts (drop > 2.00 m),41.0,-,37.0,-
vortex drop shafts per km,0.02752276469095306,/km,0.585,<= 0.605  MEASURED
"vortex per 1,000 chambers",0.7201826804848058,-,19.71,<= 21.06  MEASURED
vortex shafts sitting at a junction,87.8048780487805,%,100.0,>= 100  MEASURED
"vortex shafts on a STRAIGHT RUN - NAMA has none, and a drop on a straight run is a design levelling its way out of a layout fault",5.0,-,0.0,0  MEASURED
backdrops (0.60 - 2.00 m),25.0,-,84.0,-
backdrops per km,0.01678217359204455,/km,1.329,<= 1.700  MEASURED
deepest single drop,8.388999859687942,m,,<= 20  PROJECT CEILING
total drop taken at structures,437.9144103981743,m,,-
