ID,WHOSE,FINDING,ASK
F1,stage 2 / 3 - the layout,"281 of the 508 stations the cap demands lift LESS THAN 1 L/s, and 193 of all of them sit on ground that rises along the flow. A lifting station for three properties is not a pumping scheme; it is a lateral pointing the wrong way up a hill.","Re-orient those laterals (stage 2), or decide those plots are served by another system (philosophy sec 8a). Neither is a levelling decision."
F2,THE ENGINEER,"325 chambers stand past the 12 m cap on a philosophy sec 5 exit, the deepest at 19.78 m of cover. They are inside the declared 20 m ceiling (A-LEV-11) and that ceiling is an ASSUMPTION, not a guideline number.","Confirm the ceiling, or set one. At 20 m these stand; tighter and they become stations. `--sweep` prices both."
F3,NWS,"87.9 % of the length is self-cleansing ONLY by the tractive route, which rests on tau = 1 Pa - a number G203-p27 never gives (GAP-9).",Give us tau. At 2.0 Pa every tractive-governed gradient rises 2.346x and every level below it moves; `--sweep` runs it.
F4,NWS,"The invert the existing works will accept is unconfirmed, so the 195 terminals were levelled to whatever the network gave them (A-LEV-7). The deepest sits at 17.30 m.","The inlet invert in m aOD. If it is above a terminal, that terminal becomes a station and this stage has to run again."
F5,stage 2 - the corridors,"58.8 km of pipe RUNS ALONG a wadi rather than crossing it, in 337 separate contacts, the longest 1618 m. H1 forbids that outright. And 3,365 chambers stand on wadi ground, which H1a condition 2 forbids.","Re-route, or accept and price the protection. The crossings register here is a STAND-IN (A-LEV-8): every row is APPROVED = 0 and MoAFWR consent (G201-p85) exists for none of them."
F6,stage 4 / the engineer,"5 vortex drop shafts sit on a STRAIGHT RUN. NAMA has none - all 37 of theirs are at a junction, where a branch arrives high and has to be let down. A drop on a straight run is a design levelling its way out of a layout fault.",Look at these individually. Each is a place the ground does something the chamber spacing cannot follow.
F7,"reported, no decision needed","Median cover is 2.35 m against NAMA's 1.72 m, and the 90th percentile is 7.63 m against their 4.38 m. The design is DEEPER than the network next door because it is compliant: NAMA sit below their own 1.30 m minimum on 35.9 % of their length and this design does so on none of it.",-
F8,"reported, no decision needed","The tier shares look wrong against the as-built and are not. This design's 'main' maps to NAMA's SUBMAIN token, so main + sub main reads as 32.2 % against their 16.6 %; and the TRUNK MAIN is the client's own drawing, an INPUT, which s4 never chambered - so the trunk share of the LEVELLED network is 0 % by construction.",-
F9,the contract,"Four vocabulary conflicts between live modules, all in `conflicts`: the 'held' peak factor has three definitions and one of them the contract rejects; GRAD_BY has no token for a gradient set by the level its downstream chamber needs; NODES.COVER_M is defined as a quantity the 12 m cap does not test; and s1's provenance vocabulary is not the contract's.",Reconcile them in ONE place. Every one of them currently costs a label chosen to satisfy a validator.
