NODE,BREACH,HOPS_UP,STEPPED_OFF_DROP,COVER_M,BREACH_COVER_M,ON_UPHILL,UPHILL_M,UPHILL_RISE_M,GRD_M,SUBNET
N0046795,N0000390,1,0,6.880888378328109,14.167156548249977,0,0.0,0.0,329.63641357421875,S007
N0062021,N0000421,1,0,6.939404229765614,13.299834134062507,0,0.0,0.0,334.83734130859375,S003
N0046903,N0000938,1,0,11.970636045140736,12.27837429967201,1,49.691499,0.3465576171875,326.9729919433594,S004
N0013720,N0001182,1,0,5.582624194077994,12.202756557359237,0,0.0,0.0,336.7112121582031,S007
N0044272,N0001920,1,0,11.738320222671733,14.336712527406405,0,0.0,0.0,333.7283020019531,S011
N0062109,N0001931,1,0,9.270720277093744,14.810214499749975,0,0.0,0.0,344.5157470703125,S003
N0018451,N0002029,1,0,10.278571108671883,17.28401909500002,0,0.0,0.0,343.5246276855469,S021
N0048495,N0002088,1,0,7.202170833984383,13.188875609375032,0,0.0,0.0,344.1813049316406,S021
N0034424,N0002092,1,0,11.410914910015777,12.273212345093896,1,54.151343,1.666839599609375,373.985107421875,S002
N0046477,N0003273,1,0,11.856577502265623,17.794431853828144,0,0.0,0.0,350.9873046875,S005
N0035132,N0005303,1,0,6.996756551671865,13.062633307531257,1,102.44404999999998,0.724456787109375,384.6108093261719,S001
N0024252,N0005552,1,0,7.196546825406472,13.908452550015852,1,26.563076999999993,0.071136474609375,379.2047424316406,S001
N0041703,N0006114,1,0,10.10824116262512,17.03461331496885,0,0.0,0.0,388.6836853027344,S022
N0045892,N0006539,1,0,11.92374675804723,12.365203487266001,1,113.93320499999999,0.7744140625,386.1344909667969,S022
N0023034,N0007106,1,0,11.436586320125173,12.228564541609558,1,73.35325100000001,1.923309326171875,374.3157653808594,S014
N0024713,N0007204,1,0,11.769263473671515,12.053962032655875,1,28.698745000000002,0.141204833984375,376.25,S006
N0026922,N0007667,1,0,10.309421014687311,12.693686138171708,0,0.0,0.0,382.79718017578125,S006
N0044718,N0008000,1,0,8.382946425906368,13.183749437625124,0,0.0,0.0,430.47100830078125,S017
N0044624,N0009378,1,0,11.887967227639763,12.020700351780363,0,0.0,0.0,415.3059387207031,S008
N0013163,N0013164,1,0,7.662695474609393,13.972503736328122,1,24.728734999999997,0.12762451171875,334.5064392089844,S004
N0013171,N0013172,1,0,8.143306175859323,14.563975919999962,1,50.750856999999996,0.244537353515625,335.0943298339844,S004
N0013216,N0013217,1,0,11.649726834828584,12.171746651625483,1,141.64156100000002,2.5413818359375,331.1013488769531,S004
N0013247,N0013248,1,0,11.739775490688203,12.114708360141321,1,29.52148599999998,0.227325439453125,327.2413330078125,S004
N0013365,N0013366,1,0,11.68023184843696,12.033889751327592,1,59.37087600000001,0.27484130859375,341.34283447265625,S005
N0013976,N0013977,1,0,7.167184095781408,13.890152648515766,0,0.0,0.0,346.4847717285156,S005
N0014162,N0014163,1,0,7.359881299875099,13.84023308112512,0,0.0,0.0,345.38311767578125,S005
N0014266,N0014267,1,0,8.404166637187473,14.530539887187501,0,0.0,0.0,339.63494873046875,S016
N0014285,N0014286,1,0,8.619248690062705,14.71913619201581,0,0.0,0.0,339.7994689941406,S016
N0014354,N0014355,1,0,9.291068006687624,14.810082284031353,0,0.0,0.0,339.3998107910156,S016
N0001026,N0014363,1,0,11.781303217343634,12.547948221718627,1,57.536909,1.038787841796875,337.86932373046875,S016
N0014407,N0014408,1,0,6.481833056734558,12.711044425875173,0,0.0,0.0,341.7091979980469,S016
N0014457,N0014458,1,0,7.512009660187346,13.42838026174985,0,0.0,0.0,344.8121032714844,S021
N0014477,N0014478,1,0,8.242755931640659,15.218562400390681,0,0.0,0.0,343.5641174316406,S021
N0014489,N0014490,1,0,8.642162968359287,14.378008120703043,1,182.160865,0.579742431640625,377.31298828125,S001
N0014686,N0014687,1,0,10.498255061562645,16.77399240531264,0,0.0,0.0,341.06158447265625,S021
N0015005,N0015006,1,0,6.8021654874843875,13.996109339046882,0,0.0,0.0,337.2974548339844,S003
N0015022,N0015023,1,0,9.877161663124696,15.993036629921562,0,0.0,0.0,334.62933349609375,S003
N0015024,N0015025,1,0,8.878275127421773,14.356115535624895,0,0.0,0.0,337.7122497558594,S003
N0015026,N0015027,1,0,7.993637303593688,13.485375284062457,0,0.0,0.0,338.2235412597656,S003
N0015034,N0015035,1,0,9.498237751484055,16.83330389796845,0,0.0,0.0,352.9061584472656,S003
N0015217,N0015218,1,0,9.44797130445312,16.78454943335936,0,0.0,0.0,335.85284423828125,S003
N0015795,N0015796,1,0,9.087241202093708,14.994074961859326,0,0.0,0.0,337.9167785644531,S003
N0016109,N0016110,1,0,11.586618609406287,16.812639404328138,1,86.552814,0.46673583984375,381.9470520019531,S006
N0016241,N0016242,1,0,11.892562570484312,12.004233492999912,1,28.293346999999983,0.055084228515625,382.34326171875,S006
N0016282,N0016283,1,0,9.09303171781255,15.757248985390675,0,0.0,0.0,347.2843017578125,S003
N0016591,N0016592,1,0,9.927801541281383,16.41588747292201,0,0.0,0.0,378.463134765625,S001
N0006308,N0016686,1,0,11.803941629546557,12.046898465015317,1,59.609491,0.221466064453125,379.7723083496094,S001
N0016711,N0016712,1,0,11.626359185750005,19.12760992989064,1,29.666501999999994,0.084625244140625,377.1502685546875,S001
N0005283,N0016770,1,0,10.91651087593749,15.022652260703126,1,171.03300099999998,1.2637939453125,384.07147216796875,S001
N0016782,N0016783,1,0,8.080765922281273,13.82850563126567,0,0.0,0.0,382.9453125,S001
N0016791,N0016792,1,0,10.91600473732808,16.940052629906234,1,46.832765,0.322601318359375,388.0682373046875,S022
N0016853,N0016854,1,0,10.718335680781252,17.45769860656253,0,0.0,0.0,388.587646484375,S022
N0016867,N0016868,1,0,8.70060079089069,14.394688019406317,0,0.0,0.0,384.8512878417969,S001
N0016875,N0016876,1,0,9.274443573109124,15.300128686390394,0,0.0,0.0,385.01446533203125,S001
N0016883,N0016884,1,0,6.215859022875009,12.852012468187525,1,26.005062999999996,0.1348876953125,384.47222900390625,S001
N0007742,N0017357,1,0,9.110954129671768,15.0153495456874,0,0.0,0.0,422.309814453125,S018
N0017376,N0017377,1,0,6.770150024656232,12.306078278562495,0,0.0,0.0,426.1117248535156,S017
N0017405,N0017406,1,0,8.866377531375122,16.12468163684389,1,56.47121799999999,0.420013427734375,429.6958312988281,S017
N0004703,N0017811,1,0,11.081864343453162,16.90767943329689,0,0.0,0.0,347.0836486816406,S005
N0017886,N0017887,1,0,6.082072385499998,13.593913172609405,1,84.90902,0.548248291015625,346.1527404785156,S005
N0017889,N0017890,1,0,7.288052716796869,13.220074910156256,0,0.0,0.0,350.1763916015625,S005
N0018276,N0018277,1,0,7.1334681542969065,12.957140416015648,0,0.0,0.0,328.171142578125,S004
N0018367,N0018368,1,0,5.919240297468605,13.125944279890462,1,57.185125,0.184356689453125,339.7507629394531,S021
N0018399,N0018400,1,0,8.49735417734371,14.336920552343713,0,0.0,0.0,340.8529357910156,S021
N0018424,N0018425,1,0,7.188011912750028,13.988559055328153,0,0.0,0.0,341.92413330078125,S021
N0001651,N0018429,1,0,6.971145841500061,13.741096423531303,0,0.0,0.0,341.9249267578125,S021
N0018482,N0018483,1,0,7.977933558312658,14.430306753625132,0,0.0,0.0,341.6424560546875,S016
N0018575,N0018576,1,0,7.381579780859397,14.092718427343755,0,0.0,0.0,338.90155029296875,S016
N0001465,N0018587,1,0,9.284932133609402,15.807154196109423,1,24.600607,0.3720703125,338.6182556152344,S007
N0018609,N0018610,1,0,9.314574037359364,14.969398232671836,0,0.0,0.0,337.9718322753906,S016
N0018631,N0018632,1,0,7.6903644199218775,14.111826501953146,1,25.268611999999997,0.10430908203125,334.88360595703125,S007
N0018672,N0018673,1,0,11.901490058718764,18.4179915372344,0,0.0,0.0,332.4313659667969,S007
N0018709,N0018710,1,0,10.424885695390458,17.22481137117171,0,0.0,0.0,331.9341735839844,S007
N0018855,N0018856,1,0,11.92361622560918,12.47214189115607,1,80.569369,1.338775634765625,335.34564208984375,S007
N0019000,N0019001,1,0,11.838676348515378,12.578874536952867,1,57.26091699999999,1.32098388671875,334.6452941894531,S016
N0019072,N0019073,1,0,10.907530111250082,16.67520710343757,0,0.0,0.0,328.69378662109375,S007
N0019082,N0019083,1,0,9.731186835015762,15.512033174859539,0,0.0,0.0,328.4384460449219,S007
N0019085,N0019086,1,0,10.681581531875054,16.368547611953204,0,0.0,0.0,330.15362548828125,S007
N0019101,N0019102,1,0,8.14212418750003,15.039637529296897,0,0.0,0.0,352.2050476074219,S003
N0019227,N0019228,1,0,11.760648380531437,12.874754585218954,1,48.80815,1.443023681640625,361.5050354003906,S002
N0019350,N0019351,1,0,7.3963794062499915,13.597647478515626,0,0.0,0.0,347.9584045410156,S003
N0019387,N0019388,1,0,8.452686749999998,15.175503144531262,0,0.0,0.0,341.2599182128906,S003
N0019396,N0019397,1,0,10.248952580937498,15.723432887578099,0,0.0,0.0,340.94415283203125,S003
N0019404,N0019405,1,0,9.669019750515645,16.74368380910937,0,0.0,0.0,340.5478210449219,S003
N0019457,N0019458,1,0,11.84829754379706,18.078515752781414,0,0.0,0.0,334.9661560058594,S003
N0019472,N0019473,1,0,10.762009450499988,17.376100550109356,0,0.0,0.0,335.7138977050781,S003
N0019478,N0019479,1,0,7.5309720366249735,14.643726706546829,1,27.767547000000008,0.170867919921875,335.7790222167969,S003
N0019518,N0019519,1,0,5.595289923546886,12.421401989953154,0,0.0,0.0,333.5287170410156,S003
N0019521,N0019522,1,0,7.744804293171853,14.157557131062504,0,0.0,0.0,337.7103271484375,S003
N0019526,N0019527,1,0,8.612512829875072,14.39197083182819,0,0.0,0.0,335.9687805175781,S003
N0019582,N0019583,1,0,10.025988316015628,16.108648775000006,0,0.0,0.0,343.22845458984375,S003
N0019592,N0019593,1,0,10.327142614531283,16.376109887968767,0,0.0,0.0,342.9505310058594,S003
N0000254,N0019718,1,0,11.937778812203373,12.220061335703358,1,171.98692,1.58294677734375,331.4409484863281,S009
N0019811,N0019812,1,0,11.903031528374811,13.407054180640444,1,106.560411,4.23724365234375,320.255126953125,S004
N0019842,N0019843,1,0,7.62964513867189,14.145112060546865,0,0.0,0.0,326.22393798828125,S004
N0019859,N0019860,1,0,7.261368370499952,14.949932868546853,1,29.683091000000005,0.267791748046875,324.52203369140625,S004
N0019863,N0019864,1,0,7.257081146484381,12.922627619140655,0,0.0,0.0,324.4208068847656,S004
N0019889,N0019890,1,0,10.271036579953034,16.942509074093664,0,0.0,0.0,322.74615478515625,S004
N0019916,N0019917,1,0,6.704615268672001,13.278928571406368,0,0.0,0.0,321.7568054199219,S004
N0019920,N0019921,1,0,6.6308160637499896,12.94556448562497,0,0.0,0.0,322.7896423339844,S004
N0020463,N0020464,1,0,7.572964322781218,14.615236703640562,1,83.858711,0.343902587890625,382.55224609375,S006
N0020473,N0020474,1,0,9.22364840875008,15.956363397031339,1,78.66782200000003,0.619110107421875,382.5486145019531,S006
N0020491,N0020492,1,0,9.712394293593718,16.610668026015617,0,0.0,0.0,381.4102783203125,S006
N0007432,N0020507,1,0,11.93414240606296,12.107023906219183,0,0.0,0.0,379.5393371582031,S006
N0007571,N0020528,1,0,9.779840109390648,16.542613130874997,1,80.314288,0.3521728515625,381.44256591796875,S006
N0020547,N0020548,1,0,9.602972745078148,14.998982256796921,0,0.0,0.0,383.3427429199219,S006
N0020636,N0020637,1,0,9.060893851906599,15.743002574562865,0,0.0,0.0,380.8525695800781,S006
N0005307,N0020800,1,0,9.389363468593842,15.638645804531336,1,24.362852,0.1585693359375,379.3674621582031,S001
N0021108,N0021109,1,0,11.982129333062915,12.20183543782855,1,136.789845,0.538970947265625,419.2750244140625,S018
N0021899,N0021900,1,0,11.95405363781316,12.209836587813186,1,24.203465,0.134765625,403.6483154296875,S001
N0022677,N0022678,1,0,8.748152345218841,15.193148522953209,1,23.396806,0.595794677734375,369.7665710449219,S014
N0022726,N0022727,1,0,9.442367589843798,16.453061998046906,0,0.0,0.0,374.4009704589844,S014
N0022731,N0022732,1,0,9.149483744296958,16.513149109531355,0,0.0,0.0,379.1519775390625,S014
N0023057,N0023058,1,0,8.35339989998431,14.150839384359301,0,0.0,0.0,368.57464599609375,S014
N0024029,N0024030,1,0,11.692573611250282,12.030552372500267,1,53.74619199999995,0.302825927734375,415.274169921875,S018
N0024050,N0024051,1,0,8.925758233984368,15.42734733554687,0,0.0,0.0,422.6119079589844,S018
N0024177,N0024178,1,0,11.702140643781263,12.095007883703147,1,59.893479000000006,0.389404296875,406.4027404785156,S019
N0025379,N0025380,1,0,8.39974555078129,15.641428357421887,0,0.0,0.0,331.86376953125,S004
N0025514,N0025515,1,0,8.012630194999872,15.451132478203021,0,0.0,0.0,322.5669250488281,S009
N0025618,N0025619,1,0,11.933007182967515,12.080347597967489,0,0.0,0.0,316.0788269042969,S009
N0025723,N0025724,1,0,10.014655527093737,12.50766317873439,1,59.05608899999999,2.630584716796875,345.65814208984375,S003
N0025828,N0025829,1,0,8.558506228515625,16.107509283203115,1,29.516813,0.1697998046875,339.4687194824219,S003
N0025835,N0025836,1,0,9.750087058984434,16.886053596093802,1,56.635829,0.364593505859375,341.20355224609375,S003
N0001635,N0025871,1,0,10.124677536671754,17.076784882374852,1,54.809974,0.20458984375,342.2219543457031,S003
N0025885,N0025886,1,0,11.427960939530806,17.141637683671433,1,44.00116200000001,0.292205810546875,341.7149963378906,S003
N0026868,N0026869,1,0,8.66372827015607,15.394983098281045,1,80.73867100000001,0.34814453125,379.6274719238281,S006
N0026926,N0026927,1,0,5.999691085921995,12.017629210921996,0,0.0,0.0,382.0731506347656,S006
N0027071,N0027072,1,0,10.870623348249978,17.35817018809371,0,0.0,0.0,388.9784240722656,S022
N0027255,N0027256,1,0,11.836630363984568,12.063724082890815,1,43.352134999999976,0.224578857421875,344.9635009765625,S003
N0027338,N0027339,1,0,11.844517606250236,12.05641290312525,1,26.998199999999997,0.076904296875,316.842529296875,S004
N0027593,N0027594,1,0,11.925041589984186,15.573930827656067,1,137.093913,1.586578369140625,435.2933044433594,S017
N0028533,N0028534,1,0,11.922972811187265,12.240082755796664,1,85.47470699999997,0.574981689453125,382.1756591796875,S001
N0028636,N0028637,1,0,9.453572302953148,14.423529922093792,0,0.0,0.0,385.3416748046875,S001
N0028642,N0028643,1,0,7.143877529531267,13.243628019765652,0,0.0,0.0,384.3917236328125,S001
N0005271,N0028701,1,0,11.199615392578096,15.649883240234374,0,0.0,0.0,384.5182800292969,S001
N0028736,N0028737,1,0,10.142230378437546,17.442818923359425,1,28.964195000000004,0.059539794921875,379.1092224121094,S001
N0029124,N0029125,1,0,11.945180675625068,12.043274416953182,0,0.0,0.0,379.1655578613281,S001
N0029139,N0029140,1,0,11.947179342265713,12.10139165554699,0,0.0,0.0,381.7327880859375,S001
N0029900,N0029901,1,0,10.772541093828124,17.53987819929688,0,0.0,0.0,352.73309326171875,S003
N0029970,N0029971,1,0,11.905953495827703,12.579711638171432,1,320.09750399999996,2.199798583984375,409.729248046875,S008
N0030032,N0030033,1,0,11.0357255314064,17.821149420078257,0,0.0,0.0,351.1038818359375,S003
N0000388,N0030099,1,0,11.860657813625153,12.07427587315641,1,83.74945,0.235504150390625,335.0112609863281,S009
N0030164,N0030165,1,0,6.104401630031248,12.44586194057814,0,0.0,0.0,375.9801025390625,S014
N0030334,N0030335,1,0,7.463792601156285,13.990040931234432,1,51.54567899999999,0.14276123046875,341.13323974609375,S005
N0030346,N0030347,1,0,11.551989010687976,16.46046638881296,0,0.0,0.0,347.3792419433594,S005
N0031007,N0031008,1,0,8.384233470703123,14.193833093750015,0,0.0,0.0,341.83154296875,S016
N0009772,N0031020,1,0,10.901712263890374,16.43358928537475,0,0.0,0.0,347.8564758300781,S005
N0031146,N0031147,1,0,11.843149689297263,12.271487016484741,1,28.855942,0.2840576171875,319.5650939941406,S009
N0031225,N0031226,1,0,7.6876268971093396,14.9241896845312,1,52.44982300000001,12.068389892578125,482.8484191894531,S102
N0031269,N0031270,1,0,11.66324513862503,17.61254851557817,0,0.0,0.0,368.28436279296875,S014
N0031274,N0031275,1,0,7.2924461349843455,12.899376625218736,0,0.0,0.0,376.92376708984375,S014
N0031483,N0031484,1,0,10.185671187984497,14.017983826656348,0,0.0,0.0,319.1988525390625,S004
N0031502,N0031503,1,0,10.548634481327838,12.561468572577837,1,134.28519,5.453033447265625,319.0393371582031,S004
N0031523,N0031524,1,0,11.514332623437667,12.356231244531443,1,104.427101,4.849822998046875,322.1917419433594,S004
N0031532,N0031533,1,0,11.945497717734725,12.539550880000377,1,27.42269300000001,0.456939697265625,323.1163635253906,S004
N0032355,N0032356,1,0,11.762357823812987,12.020478719922334,1,186.90905200000003,1.182647705078125,335.0624084472656,S007
N0032473,N0032474,1,0,10.883725711547413,17.106805883422396,0,0.0,0.0,338.17034912109375,S007
N0032636,N0032637,1,0,11.813994451484064,12.043892965780913,1,112.74898200000003,0.3272705078125,343.3704833984375,S005
N0032749,N0032750,1,0,10.05676983881284,16.88426492670345,0,0.0,0.0,334.986083984375,S016
N0000774,N0033071,1,0,11.876407396281365,12.079059159250107,1,23.110919,0.08709716796875,335.2952575683594,S016
N0033100,N0033101,1,0,11.825946725797053,12.17527551290641,1,150.767135,0.823516845703125,347.610107421875,S005
N0033162,N0033163,1,0,10.768450164421893,17.907482316765652,0,0.0,0.0,344.4335632324219,S021
N0033175,N0033176,1,0,11.91460208587489,12.192649246031124,1,232.27780300000003,1.2344970703125,365.11285400390625,S014
N0033237,N0033238,1,0,9.826291735359405,17.19415855567189,1,162.354508,0.87774658203125,340.40765380859375,S021
N0001304,N0033320,1,0,8.085772761593716,15.232044888546852,1,112.821628,0.73724365234375,339.8819274902344,S021
N0033404,N0033405,1,0,8.376828628437522,15.045483567890642,1,55.143528999999994,0.165679931640625,350.7949523925781,S005
N0033508,N0033509,1,0,11.71983172695326,12.045721203828236,1,131.86547,0.594879150390625,373.29595947265625,S014
N0033522,N0033523,1,0,11.527263934375014,18.31132139921874,0,0.0,0.0,350.9079284667969,S005
N0033587,N0033588,1,0,11.950466507108956,12.212979479687078,1,182.114159,1.336456298828125,337.1292724609375,S021
N0033629,N0033630,1,0,8.711504799499892,15.822683473328027,0,0.0,0.0,350.536376953125,S005
N0033681,N0033682,1,0,7.734281296874997,13.881483486328136,0,0.0,0.0,339.8502197265625,S003
N0033871,N0033872,1,0,11.923669324453726,12.20189714453187,1,84.30119300000001,0.55242919921875,334.6496887207031,S009
N0033918,N0033919,1,0,8.307272429687487,15.351471128906212,1,55.277906,0.25799560546875,380.6169128417969,S014
N0034458,N0034459,1,0,7.141456325328136,14.796183635875025,1,369.90146699999997,7.5306396484375,375.6795349121094,S002
N0034551,N0034552,1,0,10.304819839531262,16.30873428093753,0,0.0,0.0,383.1628723144531,S002
N0034705,N0034706,1,0,9.105297427734342,16.781474732421884,1,616.0982240000001,7.748260498046875,337.2635803222656,S009
N0034762,N0034763,1,0,11.740401470078382,12.040936857812767,1,53.771285000000006,0.361236572265625,374.2041015625,S001
N0035134,N0035135,1,0,8.528318787703142,15.057939680281265,1,72.431273,0.66558837890625,384.669677734375,S001
N0035170,N0035171,1,0,5.852735575265683,12.764676407296918,0,0.0,0.0,387.66485595703125,S022
N0005554,N0035219,1,0,10.75217568970429,12.399636490251156,1,45.922743,2.620849609375,385.3945617675781,S001
N0035540,N0035541,1,0,11.817262281812418,12.087890692593646,1,57.348044,0.282379150390625,421.4351501464844,S012
N0035613,N0035614,1,0,8.44092097828127,15.197949917734377,0,0.0,0.0,425.2643737792969,S012
N0035615,N0035616,1,0,8.594002919921877,15.390324925781272,0,0.0,0.0,424.8392639160156,S012
N0035621,N0035622,1,0,9.195943035375024,15.740398619359382,0,0.0,0.0,425.116943359375,S012
N0035913,N0035914,1,0,6.9452778490156675,14.407757200578146,0,0.0,0.0,344.68896484375,S005
N0035944,N0035945,1,0,6.576251878390508,13.639825370578023,0,0.0,0.0,350.9208679199219,S005
N0036315,N0036316,1,0,10.162854976671838,16.09699317589059,0,0.0,0.0,343.3658142089844,S016
N0036323,N0036324,1,0,8.013929330828205,14.055945922625085,0,0.0,0.0,337.6407775878906,S016
N0036369,N0036370,1,0,10.838750158375035,16.704892289234408,1,22.904632000000003,0.139984130859375,340.70306396484375,S016
N0036382,N0036383,1,0,11.928058076171908,17.22617194726564,0,0.0,0.0,340.86431884765625,S016
N0036547,N0036548,1,0,8.178883232421867,14.605160263671848,0,0.0,0.0,328.3298645019531,S004
N0036598,N0036599,1,0,7.999310725656245,15.768831850656227,1,58.42179399999999,0.920745849609375,335.6753234863281,S016
N0000528,N0036645,1,0,11.81852198062478,12.196467676484133,1,26.107938,0.247406005859375,331.20458984375,S016
N0036828,N0036829,1,0,10.445485135906381,13.458136303875108,0,0.0,0.0,361.1150207519531,S002
N0036954,N0036955,1,0,11.664105892422015,17.178620011562657,0,0.0,0.0,343.3702697753906,S003
N0037077,N0037078,1,0,7.342766086250208,14.206344781562734,0,0.0,0.0,334.86309814453125,S003
N0037093,N0037094,1,0,7.295926153874973,14.317382440984375,0,0.0,0.0,335.0790100097656,S003
N0037353,N0037354,1,0,6.555469113609263,12.966602644859279,0,0.0,0.0,320.64910888671875,S004
N0037718,N0037719,1,0,8.169300287187525,13.005926656328143,1,18.937692,0.102203369140625,379.2360534667969,S006
N0038177,N0038178,1,0,6.864539134765664,12.520448148437538,1,22.10618,0.129364013671875,379.0404968261719,S001
N0038186,N0038187,1,0,6.497599799843783,12.164699979531292,0,0.0,0.0,381.7088623046875,S001
N0040008,N0040009,1,0,9.243315895437718,14.95559273528147,0,0.0,0.0,373.6512145996094,S014
N0005867,N0040111,1,0,2.9449885105626663,14.994937025328284,1,57.125402,17.874481201171875,372.76953125,S010
N0007613,N0040152,1,0,11.379930912343696,12.174927945624972,1,76.619802,1.30804443359375,382.380615234375,S014
N0007497,N0040154,1,0,6.434196645109353,13.290395166593726,0,0.0,0.0,382.0934143066406,S014
N0040173,N0040174,1,0,9.99061600435931,17.182668102015555,0,0.0,0.0,371.8636474609375,S014
N0040180,N0040181,1,0,9.954577494515547,16.701895439828036,0,0.0,0.0,377.1560974121094,S014
N0040222,N0040223,1,0,7.773306521453151,14.501738859343789,1,26.366244,0.136871337890625,368.1071472167969,S014
N0040228,N0040229,1,0,11.68545529510942,17.722274386906292,1,23.03900000000001,0.277069091796875,367.7015075683594,S014
N0040905,N0040906,1,0,11.834341307859574,12.10653805004705,1,146.177309,2.213287353515625,434.360107421875,S017
N0041381,N0041382,1,0,11.463828600437694,15.689531350437676,0,0.0,0.0,418.4417724609375,S018
N0041383,N0041384,1,0,9.264982974921963,16.54309608039074,0,0.0,0.0,421.6177673339844,S018
N0007560,N0041417,1,0,10.96077623326562,17.615166061390596,0,0.0,0.0,422.0139465332031,S018
N0041420,N0041421,1,0,6.793755685546898,12.312382947265633,1,43.628023,0.118804931640625,421.4389343261719,S018
N0007112,N0041496,1,0,11.962507156093864,12.012836255859497,0,0.0,0.0,409.57073974609375,S019
N0041687,N0041688,1,0,7.14534569337502,12.657256494156286,0,0.0,0.0,389.1837158203125,S022
N0041836,N0041837,1,0,7.350425464218802,14.141412130234414,0,0.0,0.0,379.3717041015625,S001
N0002103,N0043294,1,0,11.11711051049997,12.36398886956249,1,55.929078,2.3525390625,316.8165588378906,S004
N0001188,N0043380,1,0,9.760166957031288,16.523749304687556,1,49.350359,0.92919921875,334.9864807128906,S004
N0043441,N0043442,1,0,11.621317329765475,12.097116840234207,1,536.374157,9.11114501953125,315.1744384765625,S004
N0043542,N0043543,1,0,11.82620695756259,12.04920679896884,1,202.055737,3.158660888671875,331.0079345703125,S009
N0043860,N0043861,1,0,7.0068077756405955,13.397754629156225,0,0.0,0.0,346.18902587890625,S003
N0043907,N0043908,1,0,11.82366958882784,12.306458148984063,1,89.245889,0.6829833984375,337.289794921875,S003
N0044032,N0044033,1,0,7.1963632242187145,12.934973769140583,0,0.0,0.0,341.6427001953125,S003
N0044039,N0044040,1,0,9.75409700304715,16.114740149531542,1,24.217597,0.306243896484375,338.50341796875,S003
N0044159,N0044160,1,0,9.046227826484767,14.32732974250041,0,0.0,0.0,350.8935241699219,S003
N0044208,N0044209,1,0,9.508009137046997,17.399638785484512,1,57.012919,0.9683837890625,329.2475280761719,S004
N0044384,N0044385,1,0,8.967543605000003,16.22872923195314,1,28.654972,0.097442626953125,346.4305114746094,S005
N0002200,N0044529,1,0,8.976833497718758,15.713170704749984,0,0.0,0.0,346.4294128417969,S003
N0044738,N0044739,1,0,9.420259019031278,14.81056690076565,0,0.0,0.0,349.9794006347656,S003
N0000870,N0044820,1,0,9.088338365296863,16.42559707623434,0,0.0,0.0,338.6385803222656,S003
N0044843,N0044844,1,0,11.82444318537489,12.330650859984246,1,115.24445999999995,0.846282958984375,322.7837829589844,S007
N0045019,N0045020,1,0,11.204472792015508,16.52989688185926,0,0.0,0.0,427.017578125,S017
N0045527,N0045528,1,0,11.633146536296977,12.744823206375088,1,25.64954300000005,0.983428955078125,428.8694152832031,S012
N0005195,N0045792,1,0,8.7315376697656,14.16203004085935,0,0.0,0.0,386.7589416503906,S001
N0045845,N0045846,1,0,6.470208288375147,13.023252009078249,0,0.0,0.0,380.4286804199219,S001
N0045945,N0045946,1,0,8.445752722484428,14.382916007640688,0,0.0,0.0,376.2593688964844,S001
N0046078,N0046079,1,0,11.874263753109119,12.10122550428099,1,75.550832,0.30908203125,375.1971130371094,S001
N0046368,N0046369,1,0,11.982604301094739,12.00920331820413,0,0.0,0.0,417.2551574707031,S008
N0046415,N0046416,1,0,8.086722826953235,14.064608731250132,0,0.0,0.0,350.4026184082031,S003
N0046472,N0046473,1,0,10.104376227812509,16.877184557890644,0,0.0,0.0,380.69586181640625,S014
N0046684,N0046685,1,0,9.64552544387493,15.686223711453067,0,0.0,0.0,379.82843017578125,S014
N0046895,N0046896,1,0,11.911215784124977,12.11757917779687,1,45.643501,0.3900146484375,333.1368713378906,S011
N0046954,N0046955,1,0,5.744201721796799,13.159339801874921,1,58.688047,0.43310546875,413.7374572753906,S008
N0047398,N0047399,1,0,8.314552974609398,15.211124992187536,0,0.0,0.0,333.0497131347656,S004
N0047410,N0047411,1,0,11.377964858609346,18.3928989543125,0,0.0,0.0,334.21759033203125,S004
N0047962,N0047963,1,0,6.5201368487657305,13.576524130015741,0,0.0,0.0,338.79412841796875,S007
N0047976,N0047977,1,0,7.301000072265651,13.324705222656291,0,0.0,0.0,338.81719970703125,S007
N0048331,N0048332,1,0,11.74182183918748,17.777191823562475,0,0.0,0.0,342.7884826660156,S016
N0048371,N0048372,1,0,8.436342732578169,14.143595398593789,0,0.0,0.0,339.77716064453125,S016
N0048388,N0048389,1,0,8.102163019796876,15.306365328390598,0,0.0,0.0,339.0006408691406,S016
N0048397,N0048398,1,0,10.186079264609475,17.885446750937604,1,29.627425999999986,0.292510986328125,335.6500549316406,S016
N0048402,N0048403,1,0,6.373412665125045,12.735420960046895,0,0.0,0.0,340.6849365234375,S016
N0048406,N0048407,1,0,8.506827136718755,15.308930152343748,0,0.0,0.0,338.379150390625,S016
N0048462,N0048463,1,0,11.20104896768754,17.69522555557819,0,0.0,0.0,337.64263916015625,S016
N0048475,N0048476,1,0,6.866299990328173,13.845715242281301,0,0.0,0.0,345.9626770019531,S005
N0048631,N0048632,1,0,4.911750060093823,12.070275228062599,0,0.0,0.0,341.14080810546875,S016
N0048747,N0048748,1,0,6.999273987015613,13.507525389359387,0,0.0,0.0,341.92816162109375,S021
N0048812,N0048813,1,0,10.355501360781204,17.119557253359346,0,0.0,0.0,340.758544921875,S021
N0049050,N0049051,1,0,7.775754062843703,13.536049222999964,0,0.0,0.0,349.2037048339844,S005
N0049134,N0049135,1,0,7.638815542968757,13.873749000000032,0,0.0,0.0,350.39422607421875,S005
N0049169,N0049170,1,0,11.722822585937479,16.16261029687496,0,0.0,0.0,345.4478454589844,S003
N0049195,N0049196,1,0,7.640161269531291,14.045294462890638,0,0.0,0.0,347.2761535644531,S003
N0049319,N0049320,1,0,8.450076048828123,14.752653685546875,0,0.0,0.0,379.88507080078125,S014
N0050369,N0050370,1,0,5.486451577515709,12.46384844860944,0,0.0,0.0,377.4219665527344,S001
N0050883,N0050884,1,0,8.27890172656248,15.202841044921854,0,0.0,0.0,379.25067138671875,S001
N0051139,N0051140,1,0,8.209693182656167,15.058417670937445,0,0.0,0.0,388.42974853515625,S022
N0051751,N0051752,1,0,7.61153764601562,13.973771567890594,0,0.0,0.0,421.8719787597656,S018
N0051787,N0051788,1,0,7.927264115546905,15.00026360382816,0,0.0,0.0,422.3250732421875,S018
N0051819,N0051820,1,0,10.660024957578173,15.816050406796933,0,0.0,0.0,425.7591857910156,S017
N0052401,N0052402,1,0,7.164163929687504,13.101692117187497,0,0.0,0.0,349.7447509765625,S005
N0052727,N0052728,1,0,6.418882927656227,13.307297687421851,0,0.0,0.0,344.643310546875,S021
N0052762,N0052763,1,0,6.6025401331406215,13.423428748374988,0,0.0,0.0,340.38995361328125,S021
N0052765,N0052766,1,0,7.446963720703138,13.810357855468737,0,0.0,0.0,340.4000244140625,S021
N0052793,N0052794,1,0,11.831373543312566,19.286471808937563,0,0.0,0.0,336.89630126953125,S016
N0052805,N0052806,1,0,10.045587575828165,16.809542882468804,0,0.0,0.0,341.74658203125,S016
N0052820,N0052821,1,0,6.903651435046868,13.221687911609365,0,0.0,0.0,345.5993347167969,S021
N0052852,N0052853,1,0,7.04715345312502,14.530041160156259,1,27.70962700000001,0.55548095703125,340.77471923828125,S016
N0052974,N0052975,1,0,11.461267871906273,18.584864805500047,1,28.24658500000004,0.06195068359375,342.8778991699219,S016
N0052995,N0052996,1,0,7.013515933593737,12.684032599609338,0,0.0,0.0,338.47918701171875,S007
N0053061,N0053062,1,0,6.285736759765655,12.934299822265643,0,0.0,0.0,331.7868347167969,S007
N0053627,N0053628,1,0,5.42776857042179,12.63956711143743,0,0.0,0.0,329.5793762207031,S007
N0053635,N0053636,1,0,7.189389816453229,14.184477517625112,0,0.0,0.0,330.5144348144531,S007
N0053643,N0053644,1,0,5.849989094062494,13.08981946906249,0,0.0,0.0,329.57843017578125,S007
N0053650,N0053651,1,0,5.830692611156223,12.601084851390624,0,0.0,0.0,329.5358581542969,S007
N0053657,N0053658,1,0,6.131015933515641,12.704687247968764,0,0.0,0.0,329.19757080078125,S007
N0053666,N0053667,1,0,10.139198329031274,16.457428746999994,0,0.0,0.0,328.8968811035156,S007
N0053674,N0053675,1,0,10.162505770906193,17.009173429109296,0,0.0,0.0,328.4732666015625,S007
N0053745,N0053746,1,0,7.550591327968732,14.4324293025781,1,27.180306,0.086761474609375,351.9645080566406,S003
N0053753,N0053754,1,0,8.09667412304691,14.968818216796933,0,0.0,0.0,350.0716857910156,S003
N0054074,N0054075,1,0,8.654718394531244,15.947486355468754,0,0.0,0.0,346.3353576660156,S003
N0054446,N0054447,1,0,8.88798666324999,15.702706657390593,0,0.0,0.0,336.81903076171875,S009
N0054601,N0054602,1,0,9.367616422203128,16.090515265953115,1,128.66920600000003,0.936187744140625,321.567626953125,S004
N0056469,N0056470,1,0,10.81049129868751,18.24885603110937,0,0.0,0.0,379.5917663574219,S001
N0056474,N0056475,1,0,8.539167757218763,14.722778335343776,0,0.0,0.0,380.7637939453125,S001
N0056478,N0056479,1,0,8.305452240234388,15.258658136718736,0,0.0,0.0,378.2140808105469,S001
N0056615,N0056616,1,0,7.839357507062516,14.596784868390614,0,0.0,0.0,387.80487060546875,S022
N0056979,N0056980,1,0,8.763577671546898,15.925862167640616,0,0.0,0.0,422.67889404296875,S018
N0056984,N0056985,1,0,8.023275033109371,15.239066896390625,0,0.0,0.0,421.5670166015625,S018
N0057075,N0057076,1,0,7.584423805781228,13.748267659296857,1,154.11821699999996,0.958282470703125,422.8062438964844,S012
N0057821,N0057822,1,0,7.555839406078064,13.10544910920305,0,0.0,0.0,394.38580322265625,S001
N0058322,N0058323,1,0,10.493418508703144,15.474291577062502,0,0.0,0.0,369.4018249511719,S014
N0058343,N0058344,1,0,6.740652458984414,12.678222892578162,0,0.0,0.0,377.302734375,S014
N0058534,N0058535,1,0,7.073958597656258,13.24333345507813,0,0.0,0.0,377.7296142578125,S014
N0058639,N0058640,1,0,11.793462498046893,16.943437890624978,0,0.0,0.0,371.84307861328125,S014
N0059654,N0059655,1,0,8.220687968749985,14.958117630859363,0,0.0,0.0,422.4136657714844,S018
N0060017,N0060018,1,0,5.465402519781264,13.0298247893125,1,29.828733999999983,0.10723876953125,381.2073059082031,S001
N0060717,N0060718,1,0,8.05591897523442,14.819203678359429,0,0.0,0.0,383.0737609863281,S006
N0060796,N0060797,1,0,8.053602625562519,15.377086457593748,0,0.0,0.0,381.7896423339844,S006
N0060883,N0060884,1,0,6.926481140625015,12.570692744140615,0,0.0,0.0,381.9237060546875,S006
N0061652,N0061653,1,0,10.601524904390772,18.115620627047008,1,29.497545000000002,0.13970947265625,330.6996765136719,S004
N0062061,N0062062,1,0,6.487681685234406,14.036374814140629,1,76.27349099999999,0.490386962890625,336.96588134765625,S003
N0062112,N0062113,1,0,8.117918314453163,14.958968703125038,0,0.0,0.0,346.1067199707031,S003
N0062116,N0062117,1,0,11.782293125390652,18.618910049218755,0,0.0,0.0,342.5752258300781,S003
N0062456,N0062457,1,0,5.946825969281292,12.388629201703168,0,0.0,0.0,334.30450439453125,S003
N0062484,N0062485,1,0,5.285999453718773,12.41162916075001,0,0.0,0.0,339.63250732421875,S003
N0062507,N0062508,1,0,7.48442422656251,13.761102841796912,0,0.0,0.0,345.8509216308594,S003
N0062537,N0062538,1,0,7.073221869140639,13.023353888671863,0,0.0,0.0,351.4652404785156,S003
N0064142,N0064143,1,0,11.022794765390643,17.99643666382815,0,0.0,0.0,426.2310485839844,S012
N0064317,N0064318,1,0,10.03597005971875,15.740276194484409,1,22.555872000000022,0.065338134765625,423.8861389160156,S012
N0065163,N0065164,1,0,8.412629359718721,13.938440418312439,0,0.0,0.0,385.357177734375,S001
N0065644,N0065645,1,0,11.952283077483969,12.366779883577692,1,87.89486199999988,1.94415283203125,379.2513732910156,S001
N0066015,N0066016,1,0,7.131017349562512,13.545233187453164,0,0.0,0.0,371.7599792480469,S014
N0066321,N0066322,1,0,6.369442979906239,12.40137953654687,0,0.0,0.0,344.4898986816406,S021
N0066413,N0066414,1,0,8.03543336784378,14.510354844406265,0,0.0,0.0,341.9268798828125,S016
N0066760,N0066761,1,0,7.21970997070315,12.600937025390635,0,0.0,0.0,341.31085205078125,S007
N0067035,N0067036,1,0,10.112357643374821,23.36010089540605,1,59.71741700000001,13.401214599609375,385.4636535644531,S001
N0046793,N0000397,1,0,8.75195044140628,16.30656226562502,1,162.902816,0.910064697265625,329.7160339355469,S007
N0061654,N0000771,1,0,8.669503687500026,15.997533986328165,0,0.0,0.0,330.8345031738281,S004
N0033040,N0000811,1,0,11.570277993749698,12.224019013593477,1,44.694484,1.0198974609375,335.9866638183594,S016
N0019844,N0001573,1,0,7.912543337890611,14.82275488281249,1,26.824561999999986,0.204071044921875,325.9396667480469,S004
N0025872,N0001643,1,0,8.25497599804686,15.099478363281264,0,0.0,0.0,342.4265441894531,S003
N0062509,N0002055,1,0,7.546344392578135,13.699152158203162,0,0.0,0.0,345.7524108886719,S003
N0044530,N0002157,1,0,8.012899457031267,14.610320648437494,0,0.0,0.0,346.2825622558594,S003
N0035946,N0003010,1,0,8.71789176171876,15.942393630859385,0,0.0,0.0,350.9165344238281,S005
N0062539,N0003015,1,0,7.076395697265639,13.09299009960938,0,0.0,0.0,351.1622314453125,S003
N0022980,N0007441,1,0,11.587050059296644,12.174914487421631,1,208.97677199999998,3.577972412109375,377.8735656738281,S014
N0041466,N0007701,1,0,11.842035146171668,12.046438159609181,1,21.862047999999998,0.0950927734375,418.3860778808594,S018
N0031276,N0009843,1,0,7.1019380644531225,13.059362939453138,1,22.915637000000004,0.228515625,376.87481689453125,S014
N0001014,N0013152,1,0,7.409491128906268,13.347737628906259,0,0.0,0.0,334.5613708496094,S004
N0013466,N0013467,1,0,9.749186293656237,16.168601160843764,0,0.0,0.0,336.6844177246094,S007
N0014115,N0014116,1,0,10.10233819459387,16.84961666139077,0,0.0,0.0,340.2008972167969,S016
N0014335,N0014336,1,0,8.728757163671787,14.515069044531174,0,0.0,0.0,347.11138916015625,S005
N0014409,N0014410,1,0,7.686681822265655,14.236388546875048,0,0.0,0.0,340.4538879394531,S016
N0014459,N0014460,1,0,7.386811275390642,13.191040197265636,0,0.0,0.0,343.8587646484375,S021
N0015007,N0015008,1,0,8.450303964843783,15.843039320312528,0,0.0,0.0,336.7315979003906,S003
N0015036,N0015037,1,0,8.605525130859405,16.002572478515674,0,0.0,0.0,352.7312927246094,S003
N0016247,N0016248,1,0,11.14968414903127,13.129618187515643,0,0.0,0.0,381.9928894042969,S006
N0016256,N0016257,1,0,11.940984829297008,12.143848459531398,1,28.640353000000005,0.059661865234375,379.46295166015625,S006
N0017553,N0017554,1,0,11.769537306703114,12.081569819437505,1,88.727075,0.67144775390625,380.8521728515625,S001
N0017891,N0017892,1,0,7.385739484374994,12.94890108789059,0,0.0,0.0,350.1667175292969,S005
N0018484,N0018485,1,0,7.704643703124987,14.114597464843712,0,0.0,0.0,341.052001953125,S016
N0018577,N0018578,1,0,8.009765355468744,14.936938187500004,1,233.824612,1.656463623046875,338.8095397949219,S016
N0018588,N0018589,1,0,7.345263083984378,13.283958535156273,0,0.0,0.0,338.88543701171875,S007
N0000918,N0018633,1,0,7.5865741367187525,14.257009374999996,0,0.0,0.0,334.95733642578125,S007
N0019002,N0019003,1,0,5.7200108049531195,15.514733963156232,1,28.802794,2.594024658203125,335.74603271484375,S016
N0019092,N0019093,1,0,8.614847118828209,14.999269716484434,0,0.0,0.0,331.3758544921875,S007
N0019638,N0019639,1,0,11.552252484999883,12.046751169921777,1,29.56990300000001,0.346649169921875,321.6100769042969,S009
N0019861,N0019862,1,0,8.705056197265662,15.926457859375034,0,0.0,0.0,324.77410888671875,S004
N0019865,N0019866,1,0,7.182160492187506,13.08061712109378,0,0.0,0.0,323.9246520996094,S004
N0020384,N0020385,1,0,9.97165735934409,14.129506048797236,1,46.080980000000004,0.188262939453125,376.8486328125,S001
N0020521,N0020522,1,0,11.314456506937926,15.641831584391024,0,0.0,0.0,380.4765930175781,S006
N0021785,N0021786,1,0,9.922600001328192,13.681582390390702,1,146.06734900000004,12.135711669921875,441.6476135253906,S017
N0023040,N0023041,1,0,10.130689409109493,15.73438245403139,0,0.0,0.0,375.2793884277344,S014
N0025272,N0025273,1,0,11.95267228867192,12.04354833718753,0,0.0,0.0,322.1360168457031,S004
N0025381,N0025382,1,0,8.954768744140665,16.63230385156254,1,206.44505700000002,1.29827880859375,331.96368408203125,S004
N0025524,N0025525,1,0,7.375185167015502,14.764126903343595,0,0.0,0.0,323.9767761230469,S009
N0025830,N0025831,1,0,8.626438357421875,15.79204907812499,0,0.0,0.0,339.58575439453125,S003
N0025837,N0025838,1,0,8.687584218750033,15.612460917968804,0,0.0,0.0,341.5681457519531,S003
N0026928,N0026929,1,0,7.45575575781254,13.50488284765629,0,0.0,0.0,382.1054992675781,S006
N0029071,N0029072,1,0,11.681620883359756,12.093746501406656,1,29.25739900000002,0.265838623046875,375.0533752441406,S001
N0029614,N0029615,1,0,11.90445288212494,12.30415553276556,1,280.85643400000004,2.35528564453125,343.02740478515625,S003
N0029902,N0029903,1,0,8.043991158203141,14.832629533203146,0,0.0,0.0,352.4132385253906,S003
N0002893,N0030034,1,0,8.313450982421898,14.25980282031253,0,0.0,0.0,350.66485595703125,S003
N0030913,N0030914,1,0,11.605204446015932,12.0697400917972,1,89.86640799999998,0.86077880859375,319.3309631347656,S004
N0031009,N0031010,1,0,6.86262111328125,12.776316445312489,0,0.0,0.0,340.3506164550781,S016
N0031475,N0031476,1,0,7.162752354390818,14.27980539150019,0,0.0,0.0,320.399658203125,S004
N0000980,N0031572,1,0,8.361381849609415,14.301643214843807,0,0.0,0.0,334.02825927734375,S004
N0031743,N0031744,1,0,11.524442477984394,19.050668515093776,1,59.414153,0.189453125,327.080810546875,S004
N0032402,N0032403,1,0,11.31671272520366,12.415486702469297,1,403.47739599999994,4.97576904296875,341.746337890625,S005
N0032438,N0032439,1,0,6.00902268787496,12.452476041390582,1,52.138453999999996,0.58782958984375,335.9944763183594,S007
N0000510,N0032492,1,0,7.837509345703154,14.336411439453173,0,0.0,0.0,331.318359375,S007
N0032824,N0032825,1,0,11.667773355468569,12.116084784140469,1,29.02385800000002,0.303192138671875,326.9527587890625,S007
N0033002,N0033003,1,0,6.545536745156255,12.714663960687517,1,87.27625800000001,1.2630615234375,338.0375061035156,S016
N0002144,N0033046,1,0,7.207913119140642,14.602427837890616,0,0.0,0.0,344.2167663574219,S021
N0033340,N0033341,1,0,11.909020418202658,12.120471433358887,1,28.606120999999998,0.06842041015625,340.5507507324219,S021
N0033524,N0033525,1,0,8.279461767578141,15.399823193359396,1,54.61670000000001,0.56365966796875,351.01727294921875,S005
N0033619,N0033620,1,0,7.487124447265614,13.784386833984343,1,72.277842,0.760986328125,351.0815734863281,S005
N0033631,N0033632,1,0,8.365372039062493,15.683337822265628,1,28.559827,0.178009033203125,350.4330139160156,S005
N0002190,N0033699,1,0,8.119623179687494,13.876404597656233,1,22.788112,0.05975341796875,345.8395080566406,S003
N0001272,N0033771,1,0,10.406343447265613,16.307385326171868,0,0.0,0.0,340.37335205078125,S003
N0033920,N0033921,1,0,8.333273406249987,15.680233382812503,0,0.0,0.0,380.8749084472656,S014
N0034707,N0034708,1,0,9.005077701171842,16.59247962109373,1,557.4222030000001,7.0360107421875,337.975830078125,S009
N0036317,N0036318,1,0,6.965614279296915,13.044039837890637,0,0.0,0.0,341.5849609375,S016
N0001414,N0036392,1,0,6.923092349609362,14.498506230468763,1,56.045938,0.65570068359375,338.17279052734375,S007
N0036549,N0036550,1,0,7.70106976171877,14.211453238281251,0,0.0,0.0,327.9384460449219,S004
N0036950,N0036951,1,0,8.273872685546905,15.08630738281255,0,0.0,0.0,344.3363342285156,S003
N0036956,N0036957,1,0,7.001706806640641,12.57823050781252,0,0.0,0.0,343.1596374511719,S003
N0001200,N0036965,1,0,10.708792208984335,16.509042861328112,0,0.0,0.0,340.16900634765625,S003
N0038188,N0038189,1,0,7.121641445312491,12.7283168203125,0,0.0,0.0,381.9100341796875,S001
N0040175,N0040176,1,0,8.445146830078158,15.573356154296903,0,0.0,0.0,371.6703796386719,S014
N0041432,N0041433,1,0,6.773325583375083,13.726116556031343,1,319.959904,1.71209716796875,420.36590576171875,S018
N0006976,N0041794,1,0,11.876081645124986,12.02223550348434,1,48.685783,0.21551513671875,376.267333984375,S001
N0042857,N0042858,1,0,11.899442009265657,12.020937241375053,0,0.0,0.0,373.7875061035156,S001
N0043389,N0043390,1,0,8.25059522554659,13.997344899374696,0,0.0,0.0,324.9787902832031,S004
N0043544,N0043545,1,0,8.769480845703129,16.317879898437525,1,144.325526,2.8267822265625,331.3398132324219,S009
N0044008,N0044009,1,0,7.353969875000018,13.4153555214844,0,0.0,0.0,334.7814025878906,S003
N0044740,N0044741,1,0,6.631207840421894,12.000606100593757,0,0.0,0.0,349.8573913574219,S003
N0044821,N0044822,1,0,8.538992109374988,15.924163417968714,0,0.0,0.0,338.2207336425781,S003
N0045375,N0045376,1,0,11.923030407546614,12.022152757905994,0,0.0,0.0,423.0175476074219,S012
N0045757,N0045758,1,0,11.995334373687692,12.017827883937693,0,0.0,0.0,384.2391052246094,S001
N0046006,N0046007,1,0,9.06515402364074,12.996972304031384,0,0.0,0.0,378.30206298828125,S001
N0046215,N0046216,1,0,8.788680317968726,15.419572114843731,0,0.0,0.0,382.664306640625,S014
N0046417,N0046418,1,0,7.50585246289063,13.877689783203152,1,24.908736000000005,0.1446533203125,350.1319885253906,S003
N0007303,N0046681,1,0,7.509612812499995,13.828102015625007,1,150.209745,2.235992431640625,379.5677185058594,S014
N0046706,N0046707,1,0,11.998463661171854,12.309227498437451,1,29.358577999999994,0.163970947265625,367.2447509765625,S014
N0047964,N0047965,1,0,8.462252759765647,15.543633937500033,0,0.0,0.0,338.1665954589844,S007
N0047978,N0047979,1,0,7.280980541015651,12.98133435351565,0,0.0,0.0,338.3704833984375,S007
N0048333,N0048334,1,0,7.295422474609381,13.421338113281251,0,0.0,0.0,342.048828125,S016
N0048404,N0048405,1,0,8.215688714843736,15.316771716796893,1,259.49432599999994,2.95135498046875,339.9201965332031,S016
N0048633,N0048634,1,0,8.33040938584378,15.537213362406305,0,0.0,0.0,340.92706298828125,S016
N0049053,N0049054,1,0,11.528610697265663,18.197030228515644,0,0.0,0.0,348.50640869140625,S005
N0049171,N0049172,1,0,7.774469992187505,14.208657031250027,0,0.0,0.0,345.4139099121094,S003
N0049197,N0049198,1,0,7.691064589843734,14.363745140624985,1,26.025439000000006,0.16632080078125,347.05963134765625,S003
N0049321,N0049322,1,0,7.489388189453166,14.115360601562543,0,0.0,0.0,377.9060363769531,S014
N0052729,N0052730,1,0,8.073974091796913,14.804429867187537,0,0.0,0.0,344.5697021484375,S021
N0052807,N0052808,1,0,8.236959207031248,15.239256798828137,0,0.0,0.0,341.1845397949219,S016
N0052822,N0052823,1,0,7.894434181640634,14.399604697265659,0,0.0,0.0,345.216796875,S021
N0052854,N0052855,1,0,8.14940357031253,14.619229753906268,0,0.0,0.0,341.252197265625,S016
N0052976,N0052977,1,0,7.7660344277343825,14.448804945312531,0,0.0,0.0,342.34423828125,S016
N0053629,N0053630,1,0,8.5173527402344,15.736933263671915,0,0.0,0.0,329.4314270019531,S007
N0053637,N0053638,1,0,8.615064257812492,15.782332134765625,0,0.0,0.0,330.2474365234375,S007
N0053645,N0053646,1,0,8.484441220703161,15.761350453125033,0,0.0,0.0,329.4253845214844,S007
N0053652,N0053653,1,0,8.15788588671876,15.07885185742191,0,0.0,0.0,329.02783203125,S007
N0053659,N0053660,1,0,7.840804132812536,14.572587019531284,0,0.0,0.0,328.7091979980469,S007
N0053747,N0053748,1,0,8.09486287695313,12.992409417968759,1,18.975318000000016,0.153717041015625,352.0510559082031,S003
N0053755,N0053756,1,0,8.193017867187507,14.936164158203155,0,0.0,0.0,350.1111145019531,S003
N0054448,N0054449,1,0,7.848759550781267,14.95370171289062,1,27.92037899999997,0.124847412109375,336.2223205566406,S009
N0058345,N0058346,1,0,8.65413537500001,15.15280174999998,0,0.0,0.0,377.35101318359375,S014
N0058536,N0058537,1,0,7.724898289062537,14.837327345703159,1,140.36474199999998,2.46844482421875,376.2780456542969,S014
N0058642,N0058643,1,0,9.82631289257813,14.140040267578115,0,0.0,0.0,371.7025146484375,S014
N0062063,N0062064,1,0,7.241389007812529,13.310066583984394,1,23.23772299999999,0.259246826171875,337.197021484375,S003
N0062118,N0062119,1,0,8.16966746093749,15.114164023437468,0,0.0,0.0,342.25384521484375,S003
N0062458,N0062459,1,0,7.844830576171887,14.318791314453165,1,25.562591000000026,0.08331298828125,334.266845703125,S003
N0062486,N0062487,1,0,8.393006166015653,15.472493044921919,0,0.0,0.0,339.4452209472656,S003
N0066017,N0066018,1,0,7.544110857421856,13.455247085937458,0,0.0,0.0,371.5589294433594,S014
N0066415,N0066416,1,0,7.789020847656275,14.249568544921885,0,0.0,0.0,341.26641845703125,S016
N0033069,N0001435,1,0,11.797279437968927,12.091103652734533,1,79.858749,1.64605712890625,340.6491394042969,S016
N0029310,N0005717,1,0,11.815550566984665,12.106681076437791,1,166.78968900000004,0.6357421875,377.470458984375,S001
N0013153,N0013154,1,0,7.2470963476562815,13.188669263671898,0,0.0,0.0,334.2030334472656,S004
N0000922,N0013468,1,0,7.203026677734385,13.18310762695313,0,0.0,0.0,335.37677001953125,S007
N0014863,N0014864,1,0,6.946603085937511,12.707220093750038,0,0.0,0.0,345.9709777832031,S003
N0014866,N0014867,1,0,6.905568365234387,12.504026134765638,0,0.0,0.0,345.45098876953125,S003
N0015038,N0015039,1,0,8.59377586328128,15.802255345703145,0,0.0,0.0,352.6066589355469,S003
N0025239,N0025240,1,0,11.613477456016199,12.479444761016225,1,113.776993,1.780487060546875,324.00408935546875,S004
N0000648,N0025344,1,0,5.138944882734393,14.411661242109403,1,88.541152,5.972137451171875,323.1024475097656,S004
N0026349,N0026350,1,0,11.955215819437523,12.123439209593766,1,142.085575,0.8050537109375,335.1982421875,S003
N0029904,N0029905,1,0,8.199325630859391,13.98911839257812,0,0.0,0.0,352.27001953125,S003
N0031278,N0031279,1,0,10.882882603515611,16.602164841796878,0,0.0,0.0,374.8517761230469,S014
N0031573,N0031574,1,0,7.2603111640625,13.392894306640642,0,0.0,0.0,333.5582580566406,S004
N0031745,N0031746,1,0,8.816765337890615,16.283634685546872,0,0.0,0.0,327.270263671875,S004
N0032440,N0032441,1,0,8.478989736328117,15.276814671875002,0,0.0,0.0,336.5823059082031,S007
N0033229,N0033230,1,0,11.870992853297093,12.078747677484568,1,151.73660900000002,1.005035400390625,347.8446044921875,S005
N0033700,N0033701,1,0,6.953205007812528,12.638300634765642,0,0.0,0.0,345.8554382324219,S003
N0034709,N0034710,1,0,8.929027646484371,16.622783326171884,1,498.7461820000001,6.48858642578125,338.52325439453125,S009
N0036393,N0036394,1,0,8.391771302734412,15.257804080078188,0,0.0,0.0,338.8284912109375,S007
N0036707,N0036708,1,0,11.805515710703844,12.10257425711012,1,57.666191,0.427886962890625,328.9349365234375,S007
N0036952,N0036953,1,0,7.974403941406252,14.875278580078145,0,0.0,0.0,344.0184326171875,S003
N0037341,N0037342,1,0,11.949518287109584,12.12242107195334,0,0.0,0.0,323.14947509765625,S004
N0039985,N0039986,1,0,11.734058422437283,12.037141547921646,1,71.314992,0.638916015625,368.7186584472656,S014
N0043546,N0043547,1,0,8.776896367187533,16.62601563476568,1,86.595316,2.234039306640625,331.93255615234375,S009
N0043786,N0043787,1,0,11.554725056640791,12.550966221562646,1,29.91839899999991,0.846649169921875,324.4153747558594,S009
N0044736,N0044737,1,0,10.696158695484371,14.8608235706875,0,0.0,0.0,349.7353820800781,S003
N0045904,N0045905,1,0,11.944615885906217,12.971628177234322,0,0.0,0.0,381.5920104980469,S001
N0046039,N0046040,1,0,11.913955014421731,12.194190140046715,1,51.058893,0.2435302734375,377.8507995605469,S001
N0046217,N0046218,1,0,8.008833691406267,14.694046777343772,0,0.0,0.0,382.63043212890625,S014
N0046682,N0046683,1,0,7.609639105468773,13.855068976562507,1,103.109097,1.383026123046875,380.4206848144531,S014
N0047966,N0047967,1,0,8.425753736328147,15.340356349609408,0,0.0,0.0,337.5275573730469,S007
N0047980,N0047981,1,0,6.964068662109412,12.594140492187535,0,0.0,0.0,337.8752136230469,S007
N0049199,N0049200,1,0,7.558862441406234,13.973730742187513,0,0.0,0.0,346.97845458984375,S003
N0049323,N0049324,1,0,9.513557861328138,16.901859375000015,1,57.884000000000015,0.471923828125,378.2745666503906,S014
N0053749,N0053750,1,0,6.0152953144531125,13.192016888671844,0,0.0,0.0,352.1762390136719,S003
N0054450,N0054451,1,0,8.23730910546874,15.128047248046869,1,186.21325000000002,1.53887939453125,336.30438232421875,S009
N0032245,N0000583,1,0,11.941550734156246,12.119000340406226,1,142.025154,0.61993408203125,330.9244384765625,S007
N0014881,N0014882,1,0,11.964197134374853,12.138145841749871,1,96.52365000000003,0.4749755859375,351.4898376464844,S005
N0023005,N0023006,1,1,11.591655932406079,12.402060124890463,1,235.024345,5.859832763671875,373.57818603515625,S014
N0029906,N0029907,1,0,7.182688269531241,13.092445630859345,1,46.828596000000005,0.13348388671875,352.2353515625,S003
N0033746,N0033747,1,0,11.933470118906325,12.129361863765677,1,26.000681999999983,0.143890380859375,341.0299072265625,S003
N0034712,N0034713,1,0,8.521503801171889,16.141010213281277,1,410.73215000000005,5.420867919921875,339.5909729003906,S009
N0043430,N0043431,1,0,11.948929823906383,12.05111503054701,0,0.0,0.0,330.898193359375,S004
N0043567,N0043568,1,0,11.881832741640721,12.092697862968862,1,85.77810599999998,0.587188720703125,329.3060607910156,S009
N0044881,N0044882,1,0,11.958526964796874,12.206211501749976,1,218.29086,1.06561279296875,326.1266784667969,S004
N0053751,N0053752,1,0,8.565009177734396,16.003022255859378,0,0.0,0.0,351.802978515625,S003
N0054452,N0054453,1,0,8.140933455078141,15.117029263671895,1,133.00946400000004,1.108154296875,336.735107421875,S009
N0025352,N0025353,1,0,11.88880470578107,12.272231327343547,1,29.688254,0.2349853515625,332.49774169921875,S004
N0000784,N0032177,1,0,11.998501938343269,12.038994203968274,0,0.0,0.0,332.48944091796875,S007
N0033751,N0033752,1,0,11.943208759109416,12.722611795234434,1,57.107693000000005,1.221771240234375,347.35260009765625,S003
N0033840,N0033841,1,0,11.504467498359077,12.171962727499704,1,131.347107,2.56146240234375,347.68359375,S003
N0033954,N0033955,1,0,11.937261803515762,12.494610639375148,1,108.99116900000001,1.373748779296875,380.4299621582031,S014
N0034716,N0034717,1,0,6.80736178023443,14.514575711875068,1,293.38010699999995,4.117218017578125,340.8946228027344,S009
N0043640,N0043641,1,0,11.920841897109312,12.192013379062416,1,58.55404200000021,0.484344482421875,329.4577941894531,S009
N0044864,N0044865,1,0,6.784238557468655,12.533587018406138,0,0.0,0.0,328.19110107421875,S004
N0054454,N0054455,1,0,8.224734474609363,15.103570761718743,1,79.80567900000005,0.508270263671875,337.3349914550781,S009
N0031592,N0001127,1,0,11.755924536984537,12.065232491281392,1,52.854749,0.486480712890625,335.2133483886719,S004
N0034720,N0034721,1,0,5.107150470406282,12.90152260517192,1,176.0280640000001,2.69512939453125,342.31671142578125,S009
N0043669,N0043670,1,0,11.346202019687496,12.01356647960938,1,148.84028800000033,1.950439453125,335.48089599609375,S009
N0044872,N0044873,1,0,11.176786503578228,12.02755216381263,1,221.05220100000003,2.923614501953125,332.7764587402344,S004
N0043707,N0043708,1,0,11.908143556093705,12.16252574531245,1,58.90619500000048,0.165008544921875,341.2088317871094,S009
